SK_ID_CURR,TARGET,NAME_CONTRACT_TYPE,CODE_GENDER,FLAG_OWN_CAR,FLAG_OWN_REALTY,CNT_CHILDREN,AMT_INCOME_TOTAL,AMT_CREDIT,AMT_ANNUITY,AMT_GOODS_PRICE,NAME_TYPE_SUITE,NAME_INCOME_TYPE,NAME_EDUCATION_TYPE,NAME_FAMILY_STATUS,NAME_HOUSING_TYPE,DAYS_BIRTH,DAYS_EMPLOYED,DAYS_REGISTRATION,DAYS_ID_PUBLISH,EXT_SOURCE_1,EXT_SOURCE_2,EXT_SOURCE_3
100001,0,Cash loans,F,N,N,0,184000.0,151500.0,6090.0,143400.0,Unaccompanied,Pensioner,Secondary / secondary special,Married,House / apartment,-19753,-7711,-1794,-2527,0.8355,0.0371,0.0184
100002,1,Cash loans,M,N,Y,0,38000.0,175000.0,7000.0,159300.0,Unaccompanied,Working,Secondary / secondary special,Married,House / apartment,-15120,-8164,-761,-3866,0.1077,0.609,0.777
100003,0,Revolving loans,M,Y,Y,0,67000.0,993500.0,58510.0,914800.0,Unaccompanied,Working,Secondary / secondary special,Married,House / apartment,-24215,-3277,-4080,-4101,0.2464,0.2629,0.1149
100004,0,Cash loans,F,N,N,0,248000.0,753500.0,31020.0,721500.0,Unaccompanied,Pensioner,Higher education,Married,House / apartment,-17584,-5451,-281,-2345,0.3118,0.4461,0.9458
100005,0,Cash loans,F,N,Y,0,138000.0,1195000.0,94380.0,1172800.0,Unaccompanied,Commercial associate,Lower secondary,Married,House / apartment,-20044,-5200,-4071,-940,0.2947,0.3732,0.7366
100006,0,Cash loans,F,Y,Y,1,420000.0,1378000.0,67360.0,1227600.0,Unaccompanied,Working,Secondary / secondary special,Single / not married,House / apartment,-15316,-3896,-4625,-258,0.1715,0.1744,0.5552
100007,0,Cash loans,F,N,N,0,109000.0,610000.0,35930.0,549800.0,"Spouse, partner",Commercial associate,Secondary / secondary special,Married,House / apartment,-23910,-2984,-5978,-1063,0.8261,0.4879,0.1553
100008,0,Cash loans,F,N,Y,0,331000.0,913000.0,38750.0,903500.0,Unaccompanied,Pensioner,Secondary / secondary special,Single / not married,Municipal apartment,-13442,-1372,-9007,-275,0.4035,0.442,0.4945
100009,0,Cash loans,M,N,N,1,114000.0,773500.0,47090.0,724600.0,Unaccompanied,Commercial associate,Secondary / secondary special,Married,House / apartment,-14782,-6507,-4559,-2791,0.9153,0.5967,0.2554
100010,0,Cash loans,F,N,Y,1,606000.0,1473000.0,81310.0,1291600.0,Unaccompanied,Pensioner,Secondary / secondary special,Married,House / apartment,-14613,-1852,-1470,-2566,0.5585,0.2468,0.2472
100011,0,Cash loans,F,Y,N,1,507000.0,1254000.0,52400.0,1190700.0,Unaccompanied,State servant,Secondary / secondary special,Married,House / apartment,-21330,-7770,-3287,-4922,0.1401,0.2118,0.7898
100012,1,Cash loans,F,Y,Y,1,85000.0,1371500.0,73240.0,1369600.0,Unaccompanied,Commercial associate,Higher education,Civil marriage,House / apartment,-16812,-7530,-4259,-1930,0.5232,0.7755,0.3678
100013,0,Revolving loans,M,Y,Y,2,351000.0,415000.0,23100.0,404000.0,Unaccompanied,Commercial associate,Secondary / secondary special,Married,House / apartment,-8964,-1791,-5706,-6748,0.9439,0.6701,0.4337
100014,0,Cash loans,F,N,Y,0,307000.0,1169000.0,93050.0,1124400.0,Unaccompanied,Working,Secondary / secondary special,Married,With parents,-22050,-9549,-10777,-3582,0.5413,0.7359,0.8024
100015,0,Cash loans,F,N,Y,0,60000.0,431500.0,20850.0,380200.0,Unaccompanied,Working,Higher education,Single / not married,With parents,-10954,-8723,-510,-1331,0.0118,0.1259,0.0925
100016,0,Cash loans,F,Y,N,0,172000.0,348500.0,21530.0,342000.0,Family,Commercial associate,Secondary / secondary special,Married,House / apartment,-21033,-5273,-7961,-1556,0.8871,0.2206,0.5689
100017,0,Cash loans,M,N,Y,0,36000.0,1419000.0,112800.0,1318100.0,Unaccompanied,Pensioner,Secondary / secondary special,Married,House / apartment,-24780,-4005,-8746,-5044,0.2308,0.551,0.5535
100018,0,Cash loans,M,N,Y,0,297000.0,73000.0,5230.0,71800.0,"Spouse, partner",Working,Higher education,Separated,House / apartment,-10398,-6146,-11897,-479,0.6572,0.8158,0.4097
100019,0,Cash loans,F,N,Y,0,54000.0,1449500.0,115580.0,1303800.0,Unaccompanied,State servant,Secondary / secondary special,Married,With parents,-18314,-6180,-6784,-4509,0.4942,0.8486,0.79
100020,0,Cash loans,F,N,N,0,36000.0,262000.0,20630.0,225100.0,Unaccompanied,Working,Secondary / secondary special,Married,House / apartment,-15078,-6256,-9498,-3046,0.3159,0.792,0.8963
100021,0,Revolving loans,F,N,Y,0,102000.0,1237500.0,73730.0,1140200.0,Unaccompanied,Commercial associate,Secondary / secondary special,Married,House / apartment,-18419,-6914,-11334,-3594,0.2757,0.0508,0.4474
100022,0,Cash loans,F,Y,N,0,154000.0,446500.0,30300.0,397600.0,Unaccompanied,Working,Secondary / secondary special,Married,With parents,-20485,-6784,-5493,-1488,0.883,0.7816,0.4388
100023,0,Revolving loans,M,Y,N,2,315000.0,555500.0,24670.0,531800.0,Unaccompanied,Working,Higher education,Married,House / apartment,-21550,-2204,-258,-5528,0.8672,0.8551,0.4819
100024,0,Cash loans,M,N,Y,0,574000.0,360500.0,20780.0,358200.0,Unaccompanied,Pensioner,Secondary / secondary special,Married,House / apartment,-10914,-5199,-6588,-2824,0.4923,0.0633,0.6897
100025,0,Cash loans,M,N,Y,1,112000.0,897000.0,64910.0,855400.0,Unaccompanied,Working,Secondary / secondary special,Married,With parents,-24531,-9476,-9416,-2092,0.253,0.4013,0.638
100026,0,Cash loans,M,N,Y,0,34000.0,551500.0,33210.0,542100.0,Unaccompanied,Working,Secondary / secondary special,Married,House / apartment,-21554,-536,-1665,-5916,0.1062,0.5144,0.2195
100027,0,Cash loans,F,Y,N,2,232000.0,1001500.0,68210.0,919300.0,Unaccompanied,Commercial associate,Incomplete higher,Married,House / apartment,-10916,-4425,-9595,-829,0.1572,0.2288,0.0701
100028,0,Revolving loans,F,N,Y,1,150000.0,68000.0,4750.0,65700.0,Unaccompanied,Commercial associate,Secondary / secondary special,Married,House / apartment,-10004,-7108,-1865,-5390,0.5009,0.4957,0.9023
100029,0,Cash loans,M,Y,Y,0,114000.0,138500.0,6940.0,135200.0,Unaccompanied,Pensioner,Secondary / secondary special,Married,House / apartment,-11193,-8913,-765,-4370,0.2994,0.8428,0.2554
100030,0,Cash loans,F,N,N,0,81000.0,190000.0,14260.0,181800.0,Unaccompanied,State servant,Incomplete higher,Separated,With parents,-18873,-8926,-8256,-1934,0.0495,0.8249,0.6103
100031,0,Cash loans,M,N,Y,0,130000.0,654500.0,38220.0,606200.0,Unaccompanied,Working,Incomplete higher,Married,Rented apartment,-18563,-2093,-3449,-5542,0.4379,0.8934,0.7887
100032,0,Cash loans,F,N,Y,3,87000.0,1230500.0,59570.0,1161400.0,Unaccompanied,Commercial associate,Secondary / secondary special,Civil marriage,House / apartment,-10294,-2775,-2705,-5623,0.7114,0.4651,0.2923
100033,0,Cash loans,F,Y,Y,1,237000.0,1337500.0,99800.0,1277400.0,Unaccompanied,Commercial associate,Secondary / secondary special,Married,House / apartment,-11833,-5961,-5765,-2700,0.8482,0.3959,0.6073
100034,1,Revolving loans,M,N,Y,1,143000.0,401000.0,22740.0,356100.0,Unaccompanied,State servant,Secondary / secondary special,Married,House / apartment,-8800,-2440,-4974,-143,0.5602,0.6358,0.1114
100035,1,Cash loans,F,N,N,0,339000.0,880500.0,61650.0,855400.0,Unaccompanied,State servant,Secondary / secondary special,Married,House / apartment,-9025,-9701,-195,-4930,0.6899,0.4018,0.9217
100036,0,Cash loans,M,N,Y,0,143000.0,1163000.0,72010.0,1154300.0,Family,Commercial associate,Secondary / secondary special,Civil marriage,House / apartment,-17057,-3916,-1383,-2804,0.3522,0.0494,0.0647
100037,0,Cash loans,M,Y,Y,1,66000.0,465000.0,25700.0,427700.0,Unaccompanied,Commercial associate,Secondary / secondary special,Married,House / apartment,-21692,-9120,-2435,-1886,0.4765,0.6867,0.4219
100038,0,Cash loans,M,Y,N,0,311000.0,640000.0,46330.0,611300.0,Unaccompanied,Working,Secondary / secondary special,Married,House / apartment,-14641,-2381,-1450,-6336,0.6958,0.2741,0.5146
100039,0,Cash loans,M,N,Y,0,147000.0,807500.0,51180.0,775600.0,Family,Working,Secondary / secondary special,Married,House / apartment,-24009,-7563,-8414,-2594,0.694,0.0561,0.7531
100040,0,Cash loans,F,Y,N,0,60000.0,241000.0,13410.0,228800.0,Unaccompanied,Commercial associate,Incomplete higher,Married,Municipal apartment,-11717,-5922,-7924,-783,0.4091,0.0294,0.1239
100041,0,Cash loans,M,N,N,2,172000.0,83000.0,3680.0,77400.0,Unaccompanied,Commercial associate,Secondary / secondary special,Married,House / apartment,-17722,-8828,-7058,-6016,0.521,0.8855,0.4244
100042,0,Cash loans,F,N,Y,0,91000.0,267500.0,20280.0,262800.0,Unaccompanied,Commercial associate,Secondary / secondary special,Married,House / apartment,-9966,-9694,-7316,-4273,0.8784,0.247,0.2917
100043,0,Cash loans,F,N,Y,0,304000.0,957000.0,39640.0,877900.0,Unaccompanied,Commercial associate,Lower secondary,Married,House / apartment,-16701,-9096,-5628,-2829,0.6041,0.431,0.3033
100044,0,Cash loans,F,N,N,0,116000.0,152000.0,11330.0,130600.0,Unaccompanied,Working,Secondary / secondary special,Single / not married,House / apartment,-23303,-6782,-441,-6461,0.614,0.9035,0.7421
100045,0,Cash loans,F,Y,Y,1,219000.0,321000.0,17460.0,313500.0,Unaccompanied,Commercial associate,Secondary / secondary special,Married,House / apartment,-14452,-9143,-9629,-2198,0.7475,0.4495,0.0151
100046,0,Cash loans,F,Y,Y,0,40000.0,536500.0,35180.0,510300.0,Family,Working,Secondary / secondary special,Married,House / apartment,-24525,-8197,-11379,-610,0.1183,0.0839,0.7141
100047,0,Cash loans,F,N,N,0,101000.0,158500.0,12190.0,154900.0,Unaccompanied,Working,Secondary / secondary special,Married,House / apartment,-18928,-655,-2367,-3518,0.5015,0.5288,0.7718
100048,0,Cash loans,F,N,Y,0,638000.0,324000.0,14930.0,282100.0,Unaccompanied,Working,Secondary / secondary special,Married,House / apartment,-12078,-8167,-4865,-540,0.9119,0.0929,0.8573
100049,0,Cash loans,M,Y,N,1,273000.0,1371000.0,85930.0,1171700.0,Unaccompanied,Pensioner,Secondary / secondary special,Married,House / apartment,-23469,-5441,-9074,-2197,0.35,0.0994,0.5993
100050,0,Cash loans,F,Y,Y,3,51000.0,73000.0,5150.0,72300.0,Family,Working,Secondary / secondary special,Married,House / apartment,-24968,-5143,-7159,-5468,0.2872,0.8104,0.3234
100051,1,Cash loans,M,N,Y,1,74000.0,995500.0,69990.0,868200.0,Unaccompanied,Pensioner,Secondary / secondary special,Married,House / apartment,-13639,-7500,-450,-2309,0.5751,0.2821,0.4116
100052,0,Cash loans,M,Y,Y,0,85000.0,604500.0,36890.0,587200.0,Unaccompanied,Working,Secondary / secondary special,Married,House / apartment,-17379,-6129,-7039,-412,0.2179,0.6479,0.9216
100053,1,Cash loans,M,N,N,2,183000.0,1023500.0,66520.0,996400.0,Unaccompanied,Working,Secondary / secondary special,Married,House / apartment,-20219,-6918,-5198,-5868,0.5326,0.4884,0.8383
100054,0,Revolving loans,F,N,N,0,237000.0,901500.0,63380.0,862100.0,Unaccompanied,Pensioner,Secondary / secondary special,Married,House / apartment,-21058,-2194,-8934,-1783,0.1563,0.219,0.4457
100055,0,Cash loans,M,Y,N,0,233000.0,370000.0,27250.0,321800.0,Unaccompanied,Commercial associate,Secondary / secondary special,Married,House / apartment,-18653,-3578,-7286,-5377,0.555,0.4968,0.8965
100056,1,Cash loans,F,N,Y,0,132000.0,1277500.0,90030.0,1213800.0,"Spouse, partner",Working,Higher education,Married,House / apartment,-21456,-3030,-9736,-4587,0.5762,0.0749,0.7836
100057,0,Cash loans,M,N,Y,0,275000.0,761000.0,41220.0,748300.0,Unaccompanied,Working,Secondary / secondary special,Married,House / apartment,-17571,-8545,-3350,-1727,0.4033,0.3364,0.857
100058,0,Cash loans,F,N,Y,1,111000.0,1242000.0,99200.0,1135000.0,Unaccompanied,Pensioner,Secondary / secondary special,Married,House / apartment,-23539,-3620,-2829,-5727,0.3698,0.5015,0.652
100059,0,Cash loans,M,Y,Y,0,45000.0,635500.0,36470.0,579600.0,Family,Working,Secondary / secondary special,Widow,House / apartment,-14389,-158,-2613,-5215,0.2407,0.2247,0.8162
100060,0,Cash loans,M,Y,Y,0,150000.0,1477500.0,60550.0,1354000.0,Unaccompanied,Commercial associate,Secondary / secondary special,Married,House / apartment,-20314,-3802,-1915,-5096,0.3211,0.6306,0.8483
100061,0,Cash loans,F,N,Y,0,481000.0,1166000.0,63550.0,1005500.0,Unaccompanied,Working,Higher education,Married,House / apartment,-24637,-2707,-7212,-1427,0.4784,0.0587,0.0965
100062,0,Cash loans,F,N,Y,0,261000.0,1450500.0,65430.0,1427000.0,Unaccompanied,Working,Higher education,Single / not married,House / apartment,-13217,-5210,-9440,-3510,0.2428,0.4657,0.9173
100063,0,Cash loans,M,N,N,0,155000.0,793500.0,35590.0,777900.0,Unaccompanied,Working,Secondary / secondary special,Single / not married,House / apartment,-15561,-8556,-527,-6180,0.7459,0.6821,0.3236
100064,0,Cash loans,F,N,Y,0,181000.0,734000.0,37630.0,733800.0,Unaccompanied,Commercial associate,Higher education,Separated,House / apartment,-22650,-1807,-4819,-1637,0.6765,0.4141,0.4235
100065,0,Cash loans,M,N,N,0,425000.0,1144000.0,48200.0,1072800.0,Family,Commercial associate,Secondary / secondary special,Civil marriage,House / apartment,-16586,-2393,-7879,-4576,0.2631,0.8321,0.7544
100066,0,Cash loans,F,Y,Y,0,109000.0,1326000.0,89560.0,1276500.0,Unaccompanied,Working,Higher education,Civil marriage,House / apartment,-13042,-2584,-8432,-179,0.1016,0.6043,0.635
100067,0,Cash loans,F,N,Y,0,85000.0,1448000.0,62210.0,1274800.0,Unaccompanied,Pensioner,Secondary / secondary special,Widow,House / apartment,-11553,-2835,-10334,-3396,0.0102,0.911,0.8495
100068,0,Cash loans,M,N,Y,1,592000.0,517000.0,24880.0,491200.0,Unaccompanied,Pensioner,Secondary / secondary special,Married,House / apartment,-24232,-3555,-8556,-4677,0.5709,0.2771,0.3865
100069,0,Cash loans,M,N,Y,0,324000.0,1207000.0,52770.0,1143600.0,Unaccompanied,Pensioner,Higher education,Married,House / apartment,-9139,-1037,-1208,-5525,0.2087,0.8925,0.3609
100070,1,Cash loans,M,N,Y,1,84000.0,351500.0,14950.0,346300.0,Unaccompanied,Working,Secondary / secondary special,Civil marriage,House / apartment,-21961,-977,-4120,-5588,0.0218,0.5804,0.0398
100071,0,Cash loans,F,Y,Y,2,118000.0,839000.0,42550.0,817700.0,Unaccompanied,Working,Incomplete higher,Married,House / apartment,-16550,-8838,-10557,-1642,0.3475,0.7105,0.445
100072,0,Cash loans,M,N,Y,1,105000.0,306500.0,19270.0,303700.0,Unaccompanied,Pensioner,Secondary / secondary special,Widow,House / apartment,-19043,-2562,-6476,-1294,0.9143,0.858,0.6906
100073,0,Cash loans,F,N,N,0,49000.0,550500.0,43260.0,539700.0,Unaccompanied,Working,Secondary / secondary special,Married,Municipal apartment,-18982,-4593,-2961,-6497,0.6585,0.5281,0.2931
100074,0,Cash loans,F,N,Y,0,500000.0,1400000.0,105030.0,1372400.0,Unaccompanied,Working,Secondary / secondary special,Married,House / apartment,-20098,-6235,-4776,-1582,0.8163,0.8204,0.445
100075,0,Cash loans,M,N,N,3,103000.0,257500.0,19320.0,221300.0,Unaccompanied,Pensioner,Secondary / secondary special,Widow,House / apartment,-18451,-8081,-10339,-3536,0.1461,0.5192,0.2162
100076,0,Cash loans,F,N,Y,0,337000.0,965000.0,45400.0,942700.0,Unaccompanied,Working,Secondary / secondary special,Married,House / apartment,-21498,-2315,-2417,-363,0.0789,0.5732,0.7364
100077,0,Cash loans,F,N,Y,0,56000.0,907500.0,45920.0,854100.0,Unaccompanied,Working,Secondary / secondary special,Single / not married,House / apartment,-16374,-5826,-1616,-2116,0.0208,0.4284,0.0669
100078,0,Cash loans,F,N,Y,0,144000.0,220500.0,9490.0,200000.0,Unaccompanied,Working,Secondary / secondary special,Married,House / apartment,-14903,-6047,-9227,-2355,0.9083,0.1469,0.6731
100079,0,Revolving loans,M,N,Y,0,29000.0,519500.0,36960.0,446000.0,Unaccompanied,Pensioner,Higher education,Single / not married,House / apartment,-13193,-8521,-8911,-4518,0.2922,0.5303,0.3662
100080,0,Cash loans,F,N,Y,2,242000.0,864000.0,36970.0,822200.0,Unaccompanied,Working,Secondary / secondary special,Separated,Rented apartment,-9453,-1527,-4682,-2561,0.4419,0.9288,0.0491
100081,0,Cash loans,M,N,Y,0,155000.0,317500.0,19770.0,285500.0,Unaccompanied,Pensioner,Higher education,Married,House / apartment,-12061,-6387,-9165,-6362,0.3809,0.75,0.8123
100082,0,Cash loans,F,Y,Y,0,172000.0,1210000.0,60400.0,1113400.0,Unaccompanied,Commercial associate,Secondary / secondary special,Married,House / apartment,-10866,-1799,-6825,-3116,0.6966,0.7126,0.4685
100083,0,Cash loans,F,N,Y,0,33000.0,1459500.0,72590.0,1389800.0,Unaccompanied,Commercial associate,Secondary / secondary special,Married,House / apartment,-23943,-2245,-1846,-6039,0.3014,0.6147,0.5734
100084,0,Revolving loans,M,N,Y,0,61000.0,357500.0,28470.0,352800.0,Unaccompanied,Working,Secondary / secondary special,Separated,House / apartment,-17000,-8298,-1371,-6510,0.5133,0.337,0.6981
100085,0,Cash loans,F,N,Y,0,37000.0,317000.0,22280.0,308700.0,Unaccompanied,Working,Incomplete higher,Single / not married,House / apartment,-9144,-7058,-1466,-5979,0.9458,0.1694,0.6258
100086,0,Cash loans,F,N,Y,0,76000.0,707000.0,51950.0,648700.0,Unaccompanied,Commercial associate,Secondary / secondary special,Married,House / apartment,-14569,-4372,-8882,-6265,0.4274,0.2211,0.697
100087,0,Cash loans,F,Y,N,1,173000.0,1133000.0,71240.0,1029000.0,Unaccompanied,Working,Secondary / secondary special,Married,House / apartment,-19506,-9521,-87,-2542,0.5282,0.0159,0.7265
100088,0,Cash loans,F,N,N,0,150000.0,454500.0,34020.0,402700.0,Unaccompanied,Pensioner,Higher education,Civil marriage,With parents,-18743,-1923,-2512,-6720,0.4824,0.6431,0.5638
100089,0,Cash loans,M,Y,Y,1,167000.0,74000.0,4870.0,67000.0,Unaccompanied,Working,Secondary / secondary special,Civil marriage,House / apartment,-8833,-4084,-8685,-4020,0.765,0.7732,0.3537
100090,0,Cash loans,F,N,N,0,145000.0,832500.0,64810.0,721500.0,Unaccompanied,Working,Higher education,Married,House / apartment,-12896,-8922,-1245,-883,0.2608,0.2628,0.2386
100091,0,Cash loans,M,N,N,0,73000.0,1437000.0,73650.0,1430800.0,Unaccompanied,Working,Secondary / secondary special,Married,House / apartment,-16915,-8561,-6116,-1172,0.1702,0.0963,0.8587
100092,0,Revolving loans,F,Y,Y,0,67000.0,614500.0,39210.0,575200.0,Unaccompanied,Pensioner,Secondary / secondary special,Single / not married,House / apartment,-13658,-3871,-9333,-1784,0.7188,0.3256,0.9217
100093,0,Cash loans,F,N,Y,0,47000.0,656500.0,44380.0,570600.0,Unaccompanied,Working,Secondary / secondary special,Married,House / apartment,-8991,-600,-4231,-5595,0.4007,0.2845,0.3462
100094,0,Cash loans,M,N,N,1,309000.0,1455000.0,81070.0,1313700.0,Unaccompanied,Working,Secondary / secondary special,Widow,House / apartment,-15819,-5706,-977,-4674,0.8689,0.4338,0.1156
100095,0,Cash loans,F,N,Y,1,169000.0,1055500.0,79360.0,983800.0,Unaccompanied,Pensioner,Higher education,Married,House / apartment,-8888,-8039,-10426,-6493,0.6155,0.2583,0.2192
100096,0,Cash loans,F,Y,N,0,56000.0,1091500.0,86440.0,1015000.0,Unaccompanied,Commercial associate,Higher education,Single / not married,House / apartment,-23781,-5707,-8733,-3968,0.5405,0.3293,0.6404
100097,0,Cash loans,F,N,Y,0,54000.0,863500.0,51590.0,738600.0,Unaccompanied,Commercial associate,Secondary / secondary special,Married,House / apartment,-12054,-2850,-6722,-2162,0.0762,0.8631,0.1726
100098,0,Cash loans,F,Y,Y,1,335000.0,1463000.0,81380.0,1452200.0,Unaccompanied,Commercial associate,Higher education,Separated,House / apartment,-13473,-1412,-9594,-2675,0.6966,0.3247,0.7433
100099,0,Cash loans,F,N,Y,0,229000.0,1047500.0,61670.0,933600.0,"Spouse, partner",Commercial associate,Secondary / secondary special,Married,House / apartment,-16589,-2253,-9002,-4332,0.6549,0.7484,0.8776
100100,0,Cash loans,F,Y,Y,0,187000.0,1347500.0,99860.0,1148600.0,Unaccompanied,Working,Secondary / secondary special,Married,House / apartment,-21807,-4836,-4507,-2094,0.6117,0.5983,0.9158
100101,0,Revolving loans,F,N,N,2,103000.0,1062500.0,69930.0,915300.0,Family,Working,Secondary / secondary special,Married,House / apartment,-15352,-708,-3492,-2321,0.2618,0.3273,0.0188
100102,0,Cash loans,F,Y,N,0,71000.0,1114500.0,46580.0,1044300.0,Unaccompanied,Pensioner,Secondary / secondary special,Civil marriage,House / apartment,-21719,-5204,-4925,-112,0.8999,0.7787,0.9107
100103,0,Cash loans,F,N,Y,3,608000.0,467500.0,28840.0,407000.0,Unaccompanied,Working,Secondary / secondary special,Married,House / apartment,-22620,-1763,-1133,-6688,0.3124,0.5694,0.7058
100104,0,Cash loans,F,Y,Y,0,264000.0,486500.0,19800.0,416600.0,Unaccompanied,Commercial associate,Secondary / secondary special,Married,House / apartment,-13004,-3394,-4865,-6542,0.1531,0.0181,0.089
100105,0,Cash loans,F,N,N,1,79000.0,1184000.0,84230.0,1073800.0,Unaccompanied,Working,Secondary / secondary special,Married,House / apartment,-15211,-6024,-7769,-791,0.938,0.0746,0.4003
100106,0,Cash loans,M,N,Y,0,307000.0,476500.0,25320.0,449500.0,Unaccompanied,Working,Higher education,Married,House / apartment,-8577,-2097,-8760,-1315,0.7115,0.7175,0.668
100107,0,Cash loans,M,N,Y,0,238000.0,864000.0,50870.0,748900.0,Family,Working,Higher education,Married,House / apartment,-18203,-6122,-3000,-2363,0.3999,0.4297,0.9093
100108,0,Revolving loans,F,N,Y,0,78000.0,408000.0,29350.0,366000.0,Family,Commercial associate,Secondary / secondary special,Married,House / apartment,-21435,-3285,-9513,-3233,0.8898,0.3912,0.1643
100109,0,Cash loans,M,N,N,0,108000.0,1233500.0,51630.0,1125800.0,Unaccompanied,Commercial associate,Secondary / secondary special,Married,House / apartment,-24202,-1631,-7666,-50,0.0957,0.1471,0.1301
100110,0,Revolving loans,F,Y,N,0,56000.0,206000.0,9550.0,180000.0,Unaccompanied,Working,Secondary / secondary special,Single / not married,House / apartment,-19015,-4316,-6704,-3495,0.0924,0.1579,0.454
100111,0,Cash loans,F,Y,Y,0,43000.0,1252000.0,70010.0,1159200.0,"Spouse, partner",Working,Higher education,Civil marriage,House / apartment,-15115,-7484,-10936,-143,0.6515,0.7599,0.92
100112,0,Cash loans,F,N,Y,0,217000.0,922000.0,45360.0,795500.0,Family,State servant,Secondary / secondary special,Separated,House / apartment,-7483,-3806,-7365,-3687,0.1773,0.7893,0.9231
100113,1,Cash loans,F,Y,N,1,72000.0,317000.0,16960.0,271700.0,Unaccompanied,Working,Secondary / secondary special,Married,House / apartment,-16464,-7359,-11770,-5801,0.8721,0.5364,0.2242
100114,0,Cash loans,F,N,Y,0,282000.0,833500.0,66620.0,773500.0,Unaccompanied,Pensioner,Incomplete higher,Single / not married,Municipal apartment,-9688,-4602,-6632,-2575,0.7999,0.2874,0.3102
100115,0,Cash loans,F,N,Y,0,839000.0,456000.0,33300.0,404600.0,Unaccompanied,Pensioner,Secondary / secondary special,Married,House / apartment,-11127,-8967,-1767,-5252,0.298,0.8867,0.8636
100116,0,Cash loans,F,Y,Y,0,37000.0,515500.0,38850.0,445500.0,Unaccompanied,State servant,Secondary / secondary special,Married,House / apartment,-9797,-9946,-2074,-5618,0.8455,0.5965,0.7008
100117,0,Cash loans,M,N,N,0,121000.0,556500.0,43120.0,508400.0,Unaccompanied,Pensioner,Secondary / secondary special,Married,House / apartment,-20862,-5104,-10235,-4485,0.0503,0.7588,0.924
100118,0,Cash loans,F,Y,Y,0,268000.0,137000.0,7350.0,135300.0,Unaccompanied,Working,Secondary / secondary special,Married,Municipal apartment,-10779,-3644,-1141,-2020,0.5257,0.0131,0.8496
100119,0,Cash loans,F,N,Y,0,258000.0,1479500.0,76760.0,1418300.0,Unaccompanied,State servant,Higher education,Married,House / apartment,-16057,-3918,-1077,-5279,0.8894,0.4333,0.2122
100120,0,Cash loans,M,Y,Y,1,239000.0,91000.0,4490.0,88500.0,Unaccompanied,Pensioner,Secondary / secondary special,Married,House / apartment,-9235,-8187,-4599,-3730,0.8141,0.8287,0.7241
100121,0,Cash loans,F,N,Y,0,89000.0,1009000.0,73860.0,989600.0,Unaccompanied,Pensioner,Secondary / secondary special,Single / not married,House / apartment,-16318,-7182,-6120,-6962,0.3447,0.3279,0.0557
100122,0,Cash loans,F,N,Y,0,116000.0,585000.0,39300.0,582600.0,"Spouse, partner",Working,Secondary / secondary special,Married,House / apartment,-18609,-3543,-8343,-748,0.1819,0.693,0.7788
100123,0,Revolving loans,M,N,Y,1,161000.0,985000.0,48710.0,950000.0,"Spouse, partner",State servant,Secondary / secondary special,Married,House / apartment,-24033,-5809,-4832,-6555,0.2079,0.6282,0.5755
100124,0,Cash loans,M,Y,Y,1,572000.0,563500.0,31040.0,530400.0,Unaccompanied,Pensioner,Secondary / secondary special,Married,House / apartment,-23782,-1147,-8670,-5806,0.4936,0.1531,0.9087
100125,0,Revolving loans,M,Y,Y,0,85000.0,1025500.0,61810.0,927900.0,Unaccompanied,Pensioner,Secondary / secondary special,Married,House / apartment,-9104,-9623,-11425,-5703,0.571,0.7384,0.9124
100126,0,Cash loans,M,Y,Y,1,410000.0,1106000.0,67600.0,970200.0,Unaccompanied,Working,Secondary / secondary special,Married,House / apartment,-16552,-2760,-1685,-6527,0.0408,0.1158,0.0578
100127,0,Cash loans,M,N,Y,0,72000.0,1050000.0,79330.0,1000600.0,Unaccompanied,Working,Secondary / secondary special,Married,House / apartment,-19001,-8030,-3491,-874,0.3987,0.6942,0.1609
100128,0,Cash loans,M,N,N,1,702000.0,211000.0,11650.0,210800.0,Unaccompanied,State servant,Secondary / secondary special,Married,House / apartment,-11470,-7158,-1371,-2944,0.7906,0.9415,0.4652
100129,0,Cash loans,F,N,N,0,191000.0,1001000.0,76420.0,921000.0,Unaccompanied,Working,Secondary / secondary special,Married,House / apartment,-24085,-6366,-5459,-4803,0.4277,0.9105,0.8367
100130,0,Cash loans,F,N,Y,0,118000.0,452500.0,26090.0,433700.0,Unaccompanied,Working,Lower secondary,Civil marriage,House / apartment,-15679,-9055,-10793,-1208,0.169,0.7622,0.7756
100131,0,Cash loans,F,N,N,3,168000.0,87000.0,6080.0,80400.0,Unaccompanied,Pensioner,Secondary / secondary special,Married,House / apartment,-19476,-8177,-3423,-3733,0.9076,0.5124,0.9165
100132,0,Cash loans,F,Y,Y,0,73000.0,648500.0,50070.0,593200.0,Unaccompanied,Working,Incomplete higher,Married,House / apartment,-23826,-3508,-9888,-213,0.2603,0.6443,0.591
100133,0,Cash loans,M,N,N,0,73000.0,676000.0,51580.0,616200.0,Family,Working,Secondary / secondary special,Civil marriage,House / apartment,-19695,-6401,-11849,-5213,0.7605,0.6944,0.2512
100134,0,Cash loans,F,N,Y,0,43000.0,724500.0,30630.0,670700.0,Unaccompanied,Working,Higher education,Married,Rented apartment,-7520,-7594,-3976,-6713,0.1922,0.0179,0.0336
100135,1,Cash loans,F,N,Y,0,43000.0,1070500.0,51630.0,968800.0,Unaccompanied,Working,Secondary / secondary special,Married,House / apartment,-11540,-1784,-1398,-6362,0.4078,0.1062,0.2196
100136,0,Cash loans,F,N,Y,0,89000.0,494500.0,29210.0,475900.0,Unaccompanied,Working,Secondary / secondary special,Married,House / apartment,-14301,-969,-5361,-6362,0.471,0.5712,0.6448
100137,0,Cash loans,M,N,Y,0,241000.0,503500.0,28830.0,494000.0,Unaccompanied,Working,Secondary / secondary special,Single / not married,House / apartment,-19592,-5223,-1401,-4108,0.4806,0.0161,0.8807
100138,0,Cash loans,F,Y,N,0,165000.0,133000.0,8730.0,130700.0,Unaccompanied,Working,Secondary / secondary special,Married,House / apartment,-24071,-9205,-9900,-6566,0.4955,0.8644,0.3116
100139,0,Cash loans,M,N,Y,0,41000.0,1044500.0,81250.0,923500.0,Unaccompanied,Commercial associate,Higher education,Single / not married,House / apartment,-22203,-5975,-1412,-1818,0.2215,0.4703,0.8332
100140,1,Cash loans,F,Y,Y,0,312000.0,871000.0,38760.0,857400.0,Unaccompanied,Pensioner,Secondary / secondary special,Married,House / apartment,-18523,-7312,-6430,-3494,0.495,0.2523,0.3812
100141,1,Cash loans,F,N,Y,0,163000.0,553500.0,32140.0,498800.0,Family,Working,Secondary / secondary special,Married,House / apartment,-13291,-6827,-3230,-485,0.4628,0.3802,0.2998
100142,0,Cash loans,F,N,N,0,511000.0,1071000.0,51080.0,960000.0,Unaccompanied,Working,Higher education,Married,House / apartment,-7859,-9922,-7521,-3015,0.2062,0.8097,0.4883
100143,0,Cash loans,F,N,Y,2,191000.0,827000.0,62660.0,793100.0,Unaccompanied,Working,Secondary / secondary special,Single / not married,House / apartment,-9139,-642,-5849,-3723,0.9389,0.8816,0.4257
100144,0,Cash loans,M,Y,Y,0,54000.0,728000.0,57210.0,652100.0,Unaccompanied,Pensioner,Secondary / secondary special,Civil marriage,House / apartment,-9071,-2303,-10694,-3479,0.8236,0.1193,0.869
100145,0,Cash loans,M,Y,N,0,121000.0,789000.0,46670.0,676900.0,Unaccompanied,State servant,Secondary / secondary special,Married,House / apartment,-14976,-3035,-6056,-6929,0.8443,0.7413,0.4502
100146,0,Cash loans,F,N,Y,1,182000.0,971000.0,42880.0,879800.0,Unaccompanied,Working,Secondary / secondary special,Married,House / apartment,-17127,-851,-4722,-4214,0.6544,0.5535,0.2707
100147,0,Cash loans,F,N,Y,1,29000.0,1005500.0,71800.0,963500.0,Family,Working,Higher education,Married,With parents,-24200,-2211,-8109,-6414,0.1603,0.5604,0.802
100148,0,Cash loans,F,N,N,0,27000.0,465500.0,31600.0,418500.0,Unaccompanied,Commercial associate,Secondary / secondary special,Married,House / apartment,-16712,-8712,-1264,-4027,0.544,0.7427,0.9488
100149,0,Cash loans,M,N,Y,1,46000.0,250000.0,13550.0,236100.0,Unaccompanied,Pensioner,Secondary / secondary special,Married,House / apartment,-7960,-7376,-2259,-5007,0.7822,0.2195,0.6193
100150,0,Cash loans,M,Y,Y,0,68000.0,273000.0,20610.0,259100.0,Family,Working,Secondary / secondary special,Married,Municipal apartment,-7677,-9778,-362,-5216,0.0464,0.5092,0.2454
100151,0,Cash loans,F,N,Y,1,109000.0,975500.0,77100.0,936500.0,Unaccompanied,Commercial associate,Secondary / secondary special,Widow,House / apartment,-18774,-5799,-10837,-4937,0.4761,0.3102,0.2345
100152,0,Cash loans,F,N,N,0,125000.0,1315000.0,81940.0,1294700.0,Unaccompanied,Commercial associate,Secondary / secondary special,Married,House / apartment,-7459,-646,-6276,-3118,0.3824,0.0988,0.0642
100153,0,Cash loans,M,N,Y,0,47000.0,641000.0,40150.0,586400.0,Unaccompanied,State servant,Secondary / secondary special,Married,House / apartment,-23229,-5061,-9724,-663,0.2094,0.1088,0.0827
100154,0,Cash loans,F,N,N,0,193000.0,291500.0,15130.0,255100.0,Unaccompanied,Working,Secondary / secondary special,Married,House / apartment,-11474,-2657,-6420,-1023,0.3656,0.1383,0.8701
100155,1,Cash loans,F,N,N,1,161000.0,1146000.0,72630.0,1028900.0,Unaccompanied,State servant,Higher education,Married,House / apartment,-9499,-1671,-5384,-6316,0.9345,0.588,0.1007
100156,0,Cash loans,F,N,Y,0,77000.0,1256500.0,72360.0,1149500.0,Unaccompanied,Working,Secondary / secondary special,Married,House / apartment,-20280,-6684,-6748,-4882,0.6898,0.1095,0.4653
100157,0,Cash loans,F,Y,N,0,27000.0,1326000.0,69070.0,1269100.0,Unaccompanied,Commercial associate,Secondary / secondary special,Single / not married,House / apartment,-17529,-8745,-9575,-4442,0.2916,0.5459,0.6662
100158,0,Cash loans,M,Y,Y,0,37000.0,928000.0,39610.0,790600.0,Unaccompanied,Commercial associate,Secondary / secondary special,Married,House / apartment,-17891,-2791,-7831,-236,0.579,0.563,0.8093
100159,0,Cash loans,M,N,Y,2,100000.0,1297500.0,65020.0,1164300.0,Unaccompanied,Working,Higher education,Widow,House / apartment,-20538,-7060,-666,-6686,0.2419,0.8597,0.171
100160,0,Cash loans,F,Y,N,1,50000.0,67500.0,3230.0,65300.0,Unaccompanied,Commercial associate,Secondary / secondary special,Married,House / apartment,-13576,-4874,-2812,-3284,0.5842,0.5988,0.4215
100161,0,Cash loans,F,N,N,0,96000.0,201000.0,12400.0,191100.0,Unaccompanied,Working,Lower secondary,Married,House / apartment,-15468,-159,-2475,-3343,0.8524,0.9365,0.2464
100162,0,Cash loans,F,N,Y,0,173000.0,179500.0,11500.0,172300.0,"Spouse, partner",Working,Incomplete higher,Married,House / apartment,-8165,-9709,-6973,-6550,0.5335,0.0391,0.2505
100163,0,Cash loans,F,N,Y,0,144000.0,1082000.0,69620.0,1051500.0,Unaccompanied,Working,Higher education,Single / not married,House / apartment,-16900,-6311,-3100,-2125,0.6993,0.6719,0.2956
100164,0,Cash loans,F,N,Y,0,64000.0,146000.0,8110.0,141300.0,Unaccompanied,Commercial associate,Secondary / secondary special,Married,House / apartment,-12215,-1438,-3401,-5672,0.4361,0.0349,0.5619
100165,0,Cash loans,F,N,Y,2,88000.0,767000.0,43600.0,730400.0,Unaccompanied,Working,Secondary / secondary special,Married,House / apartment,-13541,-8758,-5015,-3217,0.5027,0.6956,0.0256
100166,0,Revolving loans,F,N,Y,0,168000.0,733000.0,53780.0,671400.0,Unaccompanied,State servant,Secondary / secondary special,Married,House / apartment,-23453,-7101,-11297,-1955,0.6634,0.3727,0.3942
100167,0,Cash loans,F,N,Y,0,321000.0,497000.0,29350.0,495800.0,Unaccompanied,Working,Higher education,Separated,House / apartment,-14435,-8048,-2551,-6155,0.7737,0.5846,0.1856
100168,0,Cash loans,F,Y,Y,0,235000.0,1311500.0,104280.0,1226700.0,Family,Working,Higher education,Married,Municipal apartment,-23497,-2571,-2151,-228,0.6299,0.301,0.9191
100169,0,Cash loans,F,N,Y,0,146000.0,293000.0,16870.0,258000.0,Unaccompanied,Working,Incomplete higher,Married,House / apartment,-11347,-9011,-6637,-4938,0.9288,0.1596,0.5578
100170,0,Cash loans,F,N,Y,0,92000.0,558000.0,36820.0,498800.0,Family,Commercial associate,Secondary / secondary special,Married,House / apartment,-23815,-9527,-387,-5060,0.7806,0.6901,0.826
100171,0,Cash loans,F,N,N,0,93000.0,1171500.0,49220.0,1117700.0,Children,Working,Secondary / secondary special,Married,House / apartment,-10979,-8854,-5864,-3412,0.7405,0.8603,0.1939
100172,0,Cash loans,M,N,N,0,342000.0,89500.0,5920.0,88500.0,Unaccompanied,Working,Secondary / secondary special,Married,House / apartment,-20227,-9274,-3161,-6815,0.8044,0.1826,0.7714
100173,0,Cash loans,F,N,Y,0,31000.0,1024000.0,75830.0,897900.0,Unaccompanied,Working,Secondary / secondary special,Married,Municipal apartment,-8821,-4620,-2380,-2886,0.2743,0.8755,0.3999
100174,0,Cash loans,F,Y,Y,0,688000.0,1233000.0,95800.0,1063300.0,Unaccompanied,Working,Secondary / secondary special,Single / not married,Rented apartment,-24124,-8201,-8568,-4259,0.4161,0.1418,0.177
100175,0,Cash loans,M,N,Y,0,189000.0,1401500.0,111970.0,1376600.0,Unaccompanied,Pensioner,Secondary / secondary special,Married,House / apartment,-17233,-1830,-4335,-5799,0.5406,0.7015,0.7256
100176,0,Cash loans,M,N,Y,0,196000.0,1320000.0,67700.0,1303200.0,Unaccompanied,Commercial associate,Higher education,Single / not married,House / apartment,-8503,-4439,-1280,-4477,0.4446,0.9119,0.7263
100177,0,Cash loans,F,N,Y,1,31000.0,509500.0,32110.0,454200.0,Family,Working,Secondary / secondary special,Single / not married,House / apartment,-22136,-7979,-743,-6874,0.8066,0.1485,0.9461
100178,0,Cash loans,M,N,N,0,165000.0,898000.0,52110.0,814100.0,Unaccompanied,Working,Higher education,Married,House / apartment,-19610,-8137,-7356,-4677,0.0354,0.419,0.7441
100179,1,Cash loans,F,N,Y,0,124000.0,157500.0,9850.0,149500.0,Unaccompanied,Pensioner,Higher education,Married,House / apartment,-14075,-7900,-3486,-5541,0.2066,0.3272,0.1466
100180,0,Cash loans,F,N,Y,1,42000.0,420000.0,19450.0,377800.0,Unaccompanied,Working,Secondary / secondary special,Single / not married,House / apartment,-23253,-3147,-8023,-2819,0.8388,0.3752,0.3132
100181,0,Cash loans,F,N,Y,0,74000.0,182000.0,13510.0,178600.0,"Spouse, partner",State servant,Secondary / secondary special,Married,House / apartment,-16695,-9649,-1068,-2989,0.0656,0.718,0.4346
100182,0,Cash loans,M,N,Y,0,357000.0,503500.0,38460.0,436100.0,Unaccompanied,Working,Secondary / secondary special,Married,With parents,-11570,-5325,-9200,-1086,0.2234,0.6315,0.1291
100183,1,Cash loans,M,N,Y,0,145000.0,1318500.0,76460.0,1128200.0,Family,Working,Secondary / secondary special,Single / not married,With parents,-15689,-1885,-6971,-1993,0.3402,0.9206,0.7508
100184,0,Cash loans,F,Y,N,0,105000.0,550000.0,28170.0,484700.0,"Spouse, partner",Commercial associate,Secondary / secondary special,Married,House / apartment,-19017,-2062,-7526,-4341,0.7157,0.1844,0.5051
100185,0,Cash loans,F,N,Y,0,36000.0,862500.0,39360.0,770100.0,Unaccompanied,Pensioner,Secondary / secondary special,Single / not married,House / apartment,-11494,-7346,-8534,-3045,0.5366,0.5207,0.8978
100186,0,Revolving loans,F,Y,Y,0,213000.0,675500.0,45500.0,585600.0,Unaccompanied,Working,Lower secondary,Married,House / apartment,-8044,-9480,-11475,-6193,0.9073,0.4322,0.5639
100187,0,Cash loans,F,Y,Y,1,207000.0,712500.0,37400.0,612600.0,Unaccompanied,Working,Secondary / secondary special,Married,House / apartment,-24136,-6065,-630,-3305,0.2242,0.8737,0.5015
100188,0,Cash loans,F,N,N,1,168000.0,1455500.0,111170.0,1402100.0,Unaccompanied,Working,Secondary / secondary special,Married,House / apartment,-10562,-2778,-297,-1992,0.8298,0.02,0.0771
100189,0,Cash loans,M,N,Y,0,132000.0,476000.0,31820.0,416300.0,Unaccompanied,Pensioner,Higher education,Civil marriage,House / apartment,-18513,-6205,-8148,-3599,0.2759,0.9398,0.1504
100190,0,Cash loans,M,N,Y,0,110000.0,958000.0,63060.0,945600.0,Unaccompanied,Commercial associate,Secondary / secondary special,Married,House / apartment,-7798,-5407,-8889,-6067,0.2408,0.461,0.8086
100191,0,Cash loans,M,Y,N,0,160000.0,656000.0,40920.0,593800.0,Unaccompanied,Working,Secondary / secondary special,Single / not married,House / apartment,-19179,-3223,-5316,-3587,0.4785,0.598,0.9412
100192,0,Revolving loans,M,N,Y,0,65000.0,134000.0,5610.0,127400.0,Unaccompanied,Working,Secondary / secondary special,Civil marriage,House / apartment,-23824,-3243,-1505,-1305,0.0769,0.3484,0.4003
100193,0,Cash loans,F,Y,Y,0,450000.0,757000.0,58500.0,669000.0,Unaccompanied,Working,Secondary / secondary special,Separated,Rented apartment,-18312,-2900,-10952,-6812,0.3712,0.8114,0.7715
100194,0,Cash loans,M,Y,Y,1,158000.0,1228500.0,80000.0,1088500.0,Unaccompanied,Working,Secondary / secondary special,Single / not married,House / apartment,-24359,-423,-2825,-6363,0.3443,0.5383,0.5999
100195,0,Cash loans,F,Y,Y,0,81000.0,188500.0,15040.0,176500.0,Unaccompanied,Working,Incomplete higher,Married,House / apartment,-10805,-2302,-8570,-5467,0.1605,0.633,0.9115
100196,0,Cash loans,F,N,Y,2,115000.0,146500.0,9010.0,136800.0,Family,Commercial associate,Secondary / secondary special,Civil marriage,House / apartment,-10902,-6302,-10987,-4459,0.8191,0.62,0.2338
100197,0,Cash loans,F,N,Y,1,271000.0,268500.0,18370.0,259200.0,Unaccompanied,Working,Secondary / secondary special,Married,House / apartment,-16409,-7542,-8897,-5087,0.3727,0.3521,0.5221
100198,0,Cash loans,F,Y,Y,1,51000.0,1157000.0,48880.0,1115000.0,Unaccompanied,Working,Secondary / secondary special,Married,House / apartment,-17314,-1894,-2414,-919,0.933,0.0814,0.3943
100199,0,Cash loans,F,N,Y,0,77000.0,1098500.0,71700.0,1044200.0,Unaccompanied,Commercial associate,Secondary / secondary special,Separated,House / apartment,-18095,-2442,-5656,-6706,0.8557,0.7692,0.5192
100200,0,Cash loans,F,N,Y,0,196000.0,867000.0,61200.0,795400.0,"Spouse, partner",Working,Incomplete higher,Married,House / apartment,-18920,-3145,-8962,-41,0.1931,0.2823,0.2627
100201,0,Revolving loans,M,Y,Y,0,82000.0,726500.0,51680.0,714600.0,Unaccompanied,Working,Higher education,Married,House / apartment,-13276,-1407,-9286,-6566,0.4848,0.808,0.4779
100202,0,Cash loans,F,N,Y,0,261000.0,1337500.0,94700.0,1261800.0,Unaccompanied,Working,Secondary / secondary special,Married,House / apartment,-20584,-1555,-5147,-6278,0.5757,0.5821,0.5973
100203,0,Cash loans,F,Y,N,0,46000.0,1160500.0,56920.0,1158800.0,Unaccompanied,Working,Lower secondary,Single / not married,House / apartment,-14328,-9254,-11656,-6929,0.7798,0.3425,0.0863
100204,0,Cash loans,M,N,Y,0,241000.0,1226500.0,96910.0,1193300.0,Unaccompanied,Pensioner,Higher education,Married,House / apartment,-11018,-5491,-11786,-1282,0.8425,0.5686,0.7084
100205,0,Cash loans,F,N,Y,0,36000.0,1228500.0,98040.0,1052400.0,Family,Commercial associate,Secondary / secondary special,Married,House / apartment,-20554,-2639,-4444,-5310,0.5966,0.6168,0.6741
100206,0,Revolving loans,F,Y,Y,0,27000.0,980000.0,42160.0,880100.0,Unaccompanied,Working,Secondary / secondary special,Married,House / apartment,-14388,-3718,-7547,-6891,0.043,0.6743,0.8376
100207,0,Cash loans,F,N,Y,1,368000.0,711500.0,55110.0,665800.0,Unaccompanied,Working,Secondary / secondary special,Married,House / apartment,-8924,-2478,-9423,-3565,0.4624,0.783,0.4103
100208,0,Cash loans,F,N,Y,0,156000.0,1303000.0,67210.0,1248600.0,Unaccompanied,Working,Secondary / secondary special,Civil marriage,House / apartment,-9106,-9166,-1446,-6109,0.8417,0.1602,0.068
100209,0,Cash loans,F,N,Y,0,90000.0,1392500.0,94090.0,1298600.0,Unaccompanied,Commercial associate,Secondary / secondary special,Married,House / apartment,-15845,-2305,-2402,-2120,0.6812,0.8975,0.4438
100210,0,Revolving loans,F,N,Y,0,65000.0,79500.0,4260.0,76900.0,Unaccompanied,Commercial associate,Secondary / secondary special,Single / not married,Rented apartment,-10233,-1239,-5642,-3145,0.8279,0.3962,0.1394
100211,0,Cash loans,F,N,Y,2,169000.0,120000.0,9450.0,107100.0,Unaccompanied,Working,Secondary / secondary special,Single / not married,House / apartment,-8240,-3691,-1826,-2682,0.6436,0.8188,0.6186
100212,0,Cash loans,F,N,N,0,132000.0,1440000.0,63450.0,1263700.0,Unaccompanied,Working,Higher education,Married,House / apartment,-15087,-4814,-7918,-5701,0.0514,0.2173,0.0543
100213,0,Cash loans,F,N,Y,0,742000.0,448500.0,26870.0,384900.0,Unaccompanied,Working,Higher education,Married,House / apartment,-11245,-4814,-3847,-4496,0.9199,0.0373,0.3616
100214,0,Revolving loans,F,N,Y,0,638000.0,1316000.0,75170.0,1231800.0,Unaccompanied,Commercial associate,Secondary / secondary special,Married,House / apartment,-15721,-9837,-1092,-3150,0.8729,0.5489,0.0879
100215,0,Cash loans,F,Y,Y,2,176000.0,610500.0,32380.0,582000.0,Family,Pensioner,Higher education,Civil marriage,House / apartment,-18974,-4767,-4677,-5367,0.129,0.3152,0.0132
100216,0,Cash loans,M,Y,Y,1,113000.0,218500.0,14380.0,196400.0,Unaccompanied,State servant,Secondary / secondary special,Married,House / apartment,-21697,-8557,-1720,-5306,0.1159,0.9354,0.9129
100217,0,Cash loans,F,N,Y,0,126000.0,162000.0,7330.0,152600.0,Unaccompanied,Working,Secondary / secondary special,Married,House / apartment,-15038,-8393,-882,-3724,0.5167,0.1082,0.9464
100218,0,Cash loans,F,N,Y,0,197000.0,272500.0,18710.0,233800.0,Unaccompanied,Commercial associate,Secondary / secondary special,Married,House / apartment,-23921,-7954,-123,-1833,0.7216,0.0545,0.5322
100219,0,Cash loans,M,N,Y,0,41000.0,408500.0,32360.0,353300.0,Unaccompanied,Commercial associate,Higher education,Married,House / apartment,-11072,-7258,-3490,-5878,0.3692,0.0523,0.2346
100220,0,Cash loans,F,N,N,0,85000.0,756000.0,54570.0,722200.0,"Spouse, partner",State servant,Higher education,Single / not married,House / apartment,-19665,-4073,-11786,-2517,0.1382,0.2139,0.8664
100221,0,Cash loans,F,Y,N,0,37000.0,1065500.0,79270.0,964500.0,Unaccompanied,Working,Higher education,Single / not married,House / apartment,-18098,-9826,-5797,-6722,0.4899,0.5544,0.8777
100222,0,Cash loans,F,Y,Y,1,36000.0,1480000.0,80490.0,1407000.0,Family,Commercial associate,Higher education,Married,House / apartment,-14387,-2369,-602,-6599,0.3273,0.4852,0.8132
100223,0,Cash loans,M,N,Y,2,58000.0,687500.0,36430.0,670100.0,Unaccompanied,Working,Secondary / secondary special,Single / not married,House / apartment,-23075,-2583,-3831,-3836,0.3407,0.3391,0.5217
100224,0,Cash loans,M,N,N,0,125000.0,799000.0,48480.0,781300.0,Family,Commercial associate,Higher education,Single / not married,House / apartment,-9284,-1313,-5460,-5009,0.6163,0.0935,0.0802
100225,0,Cash loans,F,N,Y,0,255000.0,804000.0,33630.0,704200.0,Unaccompanied,Working,Secondary / secondary special,Married,House / apartment,-18587,-4835,-8496,-3862,0.8425,0.2297,0.0931
100226,0,Cash loans,M,N,Y,0,125000.0,830000.0,64590.0,766000.0,Unaccompanied,Pensioner,Secondary / secondary special,Married,House / apartment,-8352,-4529,-6946,-128,0.5351,0.1831,0.8528
100227,1,Cash loans,F,N,Y,1,86000.0,798500.0,36530.0,766600.0,Unaccompanied,Pensioner,Secondary / secondary special,Separated,House / apartment,-12554,-9198,-3228,-4474,0.6563,0.7109,0.8333
100228,0,Cash loans,F,Y,Y,1,38000.0,58000.0,4410.0,56000.0,Unaccompanied,Working,Secondary / secondary special,Single / not married,House / apartment,-7650,-9873,-11351,-3186,0.6304,0.7431,0.4183
100229,0,Cash loans,F,Y,Y,0,145000.0,47500.0,2060.0,46000.0,Unaccompanied,Commercial associate,Secondary / secondary special,Single / not married,House / apartment,-8212,-9896,-9443,-1345,0.5281,0.7404,0.3185
100230,0,Cash loans,F,N,Y,0,72000.0,187000.0,13630.0,165400.0,Children,Working,Secondary / secondary special,Married,House / apartment,-11745,-6095,-9128,-2436,0.3021,0.9209,0.6155
100231,0,Cash loans,M,N,Y,0,168000.0,193000.0,8890.0,169600.0,Unaccompanied,Working,Secondary / secondary special,Civil marriage,House / apartment,-18015,-669,-6508,-2833,0.3651,0.8412,0.7686
100232,0,Cash loans,F,Y,Y,0,592000.0,1070500.0,44450.0,1004700.0,Unaccompanied,Working,Secondary / secondary special,Married,House / apartment,-7591,-8195,-11909,-4559,0.3068,0.4779,0.6978
100233,0,Revolving loans,F,N,N,1,43000.0,343000.0,23590.0,329700.0,Family,Working,Secondary / secondary special,Civil marriage,House / apartment,-23078,-1645,-2313,-5748,0.8724,0.4,0.5887
100234,0,Cash loans,M,N,Y,0,61000.0,1347000.0,68980.0,1209400.0,Unaccompanied,Pensioner,Secondary / secondary special,Widow,House / apartment,-22523,-1008,-10323,-4642,0.787,0.8708,0.2276
100235,0,Cash loans,F,N,Y,1,121000.0,1396000.0,95740.0,1208500.0,Unaccompanied,Working,Secondary / secondary special,Widow,House / apartment,-7767,-4562,-11475,-4504,0.5546,0.5846,0.2568
100236,0,Cash loans,F,Y,Y,0,544000.0,1465000.0,91130.0,1402800.0,Unaccompanied,Commercial associate,Incomplete higher,Civil marriage,House / apartment,-10577,-4183,-3289,-4713,0.8675,0.2867,0.6906
100237,0,Cash loans,F,N,N,1,247000.0,1411500.0,62600.0,1263200.0,Unaccompanied,Pensioner,Higher education,Married,Rented apartment,-21941,-3440,-6996,-4856,0.8432,0.5406,0.7645
100238,0,Cash loans,M,N,N,0,368000.0,440500.0,34040.0,385400.0,Family,Pensioner,Secondary / secondary special,Civil marriage,House / apartment,-18691,-7047,-4844,-3223,0.882,0.9426,0.1192
100239,0,Cash loans,M,Y,Y,1,86000.0,786500.0,45690.0,686000.0,Family,Pensioner,Incomplete higher,Married,House / apartment,-8364,-7139,-2198,-6796,0.2185,0.8085,0.1861
100240,0,Cash loans,F,Y,Y,0,750000.0,300500.0,20850.0,269600.0,Unaccompanied,Working,Secondary / secondary special,Civil marriage,House / apartment,-12188,-7212,-8877,-3476,0.6845,0.2744,0.6496
100241,1,Cash loans,M,Y,N,0,41000.0,1218000.0,73130.0,1143600.0,Unaccompanied,Pensioner,Secondary / secondary special,Married,House / apartment,-22309,-2525,-4235,-5097,0.5827,0.9058,0.3756
100242,1,Cash loans,F,N,Y,0,33000.0,1337500.0,85830.0,1208800.0,Unaccompanied,Working,Secondary / secondary special,Married,House / apartment,-18955,-7255,-8246,-2538,0.6998,0.9326,0.5395
100243,0,Cash loans,M,N,Y,0,315000.0,1283500.0,66880.0,1095000.0,"Spouse, partner",Pensioner,Secondary / secondary special,Married,House / apartment,-20411,-9305,-3212,-2854,0.2576,0.2273,0.5879
100244,0,Revolving loans,F,Y,Y,0,418000.0,675500.0,32430.0,584000.0,Unaccompanied,Commercial associate,Secondary / secondary special,Single / not married,House / apartment,-17549,-6770,-4169,-5281,0.6631,0.8519,0.7396
100245,0,Cash loans,F,Y,Y,0,39000.0,1149000.0,70900.0,1026700.0,Unaccompanied,Pensioner,Secondary / secondary special,Married,Rented apartment,-20950,-1972,-3206,-6290,0.3952,0.8402,0.7674
100246,1,Cash loans,M,N,Y,2,43000.0,187000.0,10770.0,177500.0,Unaccompanied,Working,Secondary / secondary special,Married,Rented apartment,-14158,-5009,-11147,-1435,0.794,0.0474,0.2733
100247,0,Cash loans,F,N,Y,0,30000.0,103500.0,5760.0,89500.0,Unaccompanied,Commercial associate,Secondary / secondary special,Civil marriage,House / apartment,-7303,-8497,-10136,-255,0.7576,0.6395,0.5188
100248,1,Cash loans,F,Y,Y,1,42000.0,1141000.0,76340.0,1065800.0,Unaccompanied,Pensioner,Higher education,Single / not married,House / apartment,-13240,-915,-641,-5722,0.2087,0.297,0.1261
100249,1,Cash loans,F,Y,N,3,60000.0,664000.0,44900.0,576300.0,Family,Pensioner,Secondary / secondary special,Married,House / apartment,-15348,-165,-4839,-2417,0.1828,0.6441,0.8015
100250,0,Cash loans,M,N,N,0,551000.0,1493500.0,62480.0,1316900.0,Unaccompanied,Working,Higher education,Married,House / apartment,-18440,-2151,-6169,-1753,0.6847,0.8687,0.8047
100251,0,Cash loans,F,N,N,0,190000.0,186500.0,9990.0,163300.0,Family,State servant,Secondary / secondary special,Married,House / apartment,-19349,-102,-7655,-4746,0.5274,0.4789,0.2915
100252,0,Revolving loans,F,N,N,0,251000.0,1290000.0,72850.0,1109500.0,Unaccompanied,Working,Incomplete higher,Single / not married,Rented apartment,-21908,-7526,-61,-5808,0.5338,0.3995,0.161
100253,0,Cash loans,F,N,Y,0,250000.0,743500.0,32620.0,706800.0,Family,Commercial associate,Secondary / secondary special,Widow,House / apartment,-16966,-424,-1223,-5410,0.7174,0.8762,0.0759
100254,0,Cash loans,F,N,Y,0,140000.0,1248500.0,61720.0,1148000.0,Unaccompanied,Commercial associate,Higher education,Single / not married,House / apartment,-16622,-6234,-10729,-3411,0.8137,0.9257,0.5505
100255,0,Cash loans,F,N,Y,2,265000.0,1234000.0,51910.0,1202700.0,Unaccompanied,Working,Higher education,Married,House / apartment,-20523,-704,-492,-75,0.2346,0.0685,0.0959
100256,0,Cash loans,M,N,N,0,161000.0,1378000.0,110030.0,1191700.0,Unaccompanied,Working,Secondary / secondary special,Married,House / apartment,-21466,-4991,-6822,-6712,0.5322,0.8775,0.6498
100257,1,Cash loans,M,N,Y,0,82000.0,478500.0,33240.0,417100.0,Unaccompanied,Pensioner,Secondary / secondary special,Widow,House / apartment,-7301,-2682,-6611,-3611,0.7892,0.0878,0.6474
100258,0,Cash loans,F,Y,N,0,149000.0,1427000.0,62070.0,1278500.0,"Spouse, partner",Working,Secondary / secondary special,Married,House / apartment,-16636,-3222,-1139,-504,0.8304,0.327,0.5871
100259,0,Cash loans,F,Y,Y,1,139000.0,265500.0,10840.0,256200.0,Unaccompanied,Working,Incomplete higher,Married,House / apartment,-15640,-8076,-5490,-3392,0.2802,0.7268,0.834
100260,0,Cash loans,F,N,N,0,285000.0,164500.0,11310.0,147400.0,Unaccompanied,Pensioner,Secondary / secondary special,Married,House / apartment,-17845,-3214,-6794,-1992,0.1079,0.7404,0.3656
100261,0,Cash loans,F,N,Y,0,625000.0,673000.0,38740.0,613300.0,Family,Pensioner,Secondary / secondary special,Single / not married,House / apartment,-9343,-446,-1255,-4757,0.2289,0.6923,0.8581
100262,1,Cash loans,M,Y,Y,0,104000.0,1250000.0,89340.0,1119100.0,Family,Commercial associate,Secondary / secondary special,Civil marriage,House / apartment,-9002,-3543,-2495,-5111,0.8988,0.0468,0.0447
100263,0,Cash loans,F,N,N,0,241000.0,734000.0,56470.0,632700.0,Unaccompanied,Working,Secondary / secondary special,Married,With parents,-13247,-2354,-3285,-3378,0.4447,0.135,0.116
100264,0,Cash loans,F,Y,Y,2,41000.0,1251500.0,80060.0,1240100.0,Family,Working,Secondary / secondary special,Single / not married,House / apartment,-18421,-8402,-2255,-6119,0.4035,0.89,0.3975
100265,0,Cash loans,M,Y,N,1,250000.0,1106500.0,52540.0,1031600.0,Unaccompanied,Commercial associate,Higher education,Married,House / apartment,-20062,-122,-9193,-2394,0.0223,0.0866,0.5684
100266,0,Cash loans,F,N,Y,0,95000.0,349500.0,24920.0,338400.0,Unaccompanied,Commercial associate,Secondary / secondary special,Married,House / apartment,-8687,-3916,-1125,-1416,0.058,0.0838,0.0404
100267,0,Cash loans,F,Y,Y,0,31000.0,1425500.0,111520.0,1352400.0,Unaccompanied,Commercial associate,Lower secondary,Married,House / apartment,-20682,-1807,-3881,-5318,0.6386,0.7955,0.5434
100268,0,Cash loans,F,N,Y,0,93000.0,133500.0,8440.0,123800.0,Unaccompanied,Pensioner,Secondary / secondary special,Married,House / apartment,-22413,-6815,-4105,-2229,0.5644,0.6128,0.299
100269,0,Cash loans,M,N,Y,0,166000.0,1352000.0,90960.0,1167400.0,Unaccompanied,Working,Secondary / secondary special,Married,House / apartment,-23375,-6153,-11736,-239,0.551,0.3406,0.8439
100270,0,Cash loans,M,N,N,0,44000.0,488000.0,26110.0,461800.0,Unaccompanied,Working,Secondary / secondary special,Civil marriage,House / apartment,-17488,-3915,-1146,-6053,0.1137,0.1658,0.5113
100271,0,Cash loans,F,N,Y,0,412000.0,772500.0,42690.0,674600.0,Unaccompanied,State servant,Higher education,Married,House / apartment,-22430,-9038,-786,-1777,0.3409,0.8411,0.5626
100272,0,Cash loans,M,Y,Y,0,37000.0,659500.0,45760.0,601600.0,Family,Commercial associate,Secondary / secondary special,Married,House / apartment,-23625,-614,-10243,-6209,0.7736,0.9392,0.8989
100273,0,Cash loans,F,N,Y,2,424000.0,295000.0,22750.0,278600.0,Unaccompanied,Commercial associate,Secondary / secondary special,Married,House / apartment,-21150,-6387,-258,-6314,0.1744,0.057,0.7283
100274,0,Cash loans,F,N,Y,0,209000.0,566000.0,36880.0,547500.0,Children,State servant,Secondary / secondary special,Married,House / apartment,-11762,-3139,-3849,-5764,0.8397,0.5309,0.422
100275,0,Revolving loans,F,N,Y,2,85000.0,325500.0,23300.0,310100.0,Unaccompanied,State servant,Secondary / secondary special,Married,House / apartment,-9336,-5961,-6430,-4260,0.1242,0.2556,0.4583
100276,0,Cash loans,F,N,N,0,99000.0,341500.0,16000.0,324700.0,Unaccompanied,Commercial associate,Higher education,Married,House / apartment,-13419,-2956,-6174,-5049,0.169,0.7924,0.619
100277,0,Cash loans,F,N,Y,0,228000.0,317000.0,15370.0,276500.0,Unaccompanied,Working,Secondary / secondary special,Single / not married,House / apartment,-24221,-2441,-4616,-4158,0.4591,0.3353,0.1982
100278,0,Cash loans,F,N,Y,1,163000.0,756500.0,46360.0,682300.0,Unaccompanied,State servant,Secondary / secondary special,Widow,House / apartment,-16282,-8616,-8180,-2402,0.8986,0.6818,0.0933
100279,0,Cash loans,F,Y,Y,0,192000.0,1206000.0,56760.0,1032900.0,Family,Commercial associate,Secondary / secondary special,Single / not married,House / apartment,-14163,-6436,-715,-4146,0.3198,0.5172,0.3026
100280,0,Cash loans,F,N,Y,0,99000.0,873000.0,57090.0,836300.0,Unaccompanied,Working,Secondary / secondary special,Married,House / apartment,-21289,-3462,-1643,-2631,0.6287,0.519,0.7417
100281,0,Cash loans,F,Y,Y,0,125000.0,1344500.0,69470.0,1334900.0,Unaccompanied,Commercial associate,Secondary / secondary special,Separated,House / apartment,-12478,-7906,-123,-6186,0.5634,0.8165,0.2519
100282,0,Cash loans,M,N,N,0,714000.0,971000.0,69580.0,863800.0,Family,Working,Secondary / secondary special,Married,House / apartment,-20247,-3590,-1773,-3906,0.1506,0.4522,0.1329
100283,0,Cash loans,F,Y,N,2,61000.0,1048000.0,75800.0,904600.0,Unaccompanied,Pensioner,Secondary / secondary special,Married,House / apartment,-18741,-2607,-9113,-3010,0.2433,0.8049,0.2159
100284,0,Cash loans,F,Y,Y,1,106000.0,1016500.0,59520.0,936500.0,Unaccompanied,Working,Secondary / secondary special,Married,House / apartment,-23845,-8248,-2177,-5440,0.8843,0.3516,0.6482
100285,0,Cash loans,F,N,Y,0,77000.0,699000.0,33020.0,684000.0,Unaccompanied,Pensioner,Secondary / secondary special,Married,House / apartment,-19404,-5267,-6889,-3389,0.1837,0.1743,0.5871
100286,0,Cash loans,F,N,N,0,242000.0,1048000.0,69030.0,977600.0,Family,Pensioner,Secondary / secondary special,Separated,Municipal apartment,-20647,-3278,-1503,-4076,0.6633,0.4381,0.657
100287,0,Revolving loans,M,Y,Y,0,242000.0,146500.0,11680.0,125600.0,Family,Pensioner,Secondary / secondary special,Married,House / apartment,-9934,-7531,-5661,-1214,0.9168,0.4785,0.3126
100288,0,Cash loans,F,N,Y,0,77000.0,1296000.0,84120.0,1291000.0,Unaccompanied,Commercial associate,Secondary / secondary special,Married,House / apartment,-12401,-3424,-7094,-669,0.1223,0.4597,0.8568
100289,0,Cash loans,F,Y,Y,0,38000.0,1176500.0,48740.0,1146300.0,Unaccompanied,Pensioner,Secondary / secondary special,Married,House / apartment,-15971,-9854,-10044,-3561,0.3852,0.7698,0.4347
100290,0,Cash loans,M,N,Y,0,27000.0,402000.0,16360.0,349600.0,Family,Working,Secondary / secondary special,Civil marriage,House / apartment,-20544,-1644,-2124,-6233,0.2205,0.5408,0.4929
100291,0,Cash loans,F,N,N,0,109000.0,1162500.0,61400.0,1148900.0,Unaccompanied,Working,Higher education,Single / not married,House / apartment,-19746,-5951,-3254,-5541,0.2183,0.8451,0.9019
100292,0,Cash loans,F,N,N,0,104000.0,63500.0,3040.0,58300.0,Family,Pensioner,Secondary / secondary special,Married,House / apartment,-11299,-8817,-2413,-615,0.1218,0.4933,0.9305
100293,0,Cash loans,F,Y,Y,0,693000.0,361000.0,26180.0,327000.0,Unaccompanied,Working,Secondary / secondary special,Single / not married,House / apartment,-17328,-6272,-4387,-4658,0.6206,0.2212,0.6319
100294,0,Cash loans,M,N,Y,0,120000.0,140000.0,10330.0,128700.0,Family,Working,Secondary / secondary special,Single / not married,House / apartment,-23676,-4733,-6089,-1130,0.7116,0.1317,0.8981
100295,0,Cash loans,F,Y,N,0,69000.0,1180000.0,59410.0,1150700.0,Unaccompanied,Working,Secondary / secondary special,Married,House / apartment,-18706,-6386,-5833,-5630,0.6462,0.8263,0.519
100296,0,Cash loans,F,Y,N,2,358000.0,1145000.0,60710.0,1086500.0,Unaccompanied,Working,Higher education,Married,House / apartment,-11511,-9132,-156,-5355,0.8792,0.0628,0.2988
100297,0,Cash loans,F,N,Y,1,126000.0,1229000.0,60770.0,1055600.0,Unaccompanied,Pensioner,Secondary / secondary special,Married,House / apartment,-24075,-2365,-9315,-1521,0.1469,0.1206,0.3062
100298,0,Cash loans,F,N,Y,0,162000.0,51500.0,3930.0,51200.0,Unaccompanied,Commercial associate,Secondary / secondary special,Married,House / apartment,-18906,-9004,-5003,-6978,0.3107,0.0698,0.5354
100299,0,Cash loans,F,Y,Y,0,40000.0,774500.0,46550.0,675500.0,Family,Working,Secondary / secondary special,Single / not married,House / apartment,-18936,-8358,-5753,-4451,0.3339,0.4083,0.5787
100300,0,Cash loans,F,N,N,1,97000.0,1070500.0,70920.0,1029600.0,Unaccompanied,Pensioner,Higher education,Married,House / apartment,-15251,-9052,-917,-2664,0.2282,0.5107,0.4232
100301,0,Cash loans,F,Y,N,2,458000.0,271000.0,15340.0,256200.0,Family,Working,Incomplete higher,Married,House / apartment,-8538,-6387,-6253,-4862,0.1437,0.0287,0.8407
100302,0,Cash loans,M,N,Y,1,159000.0,990500.0,64620.0,869800.0,Unaccompanied,Pensioner,Secondary / secondary special,Civil marriage,House / apartment,-8040,-5360,-1702,-303,0.4675,0.4947,0.4111
100303,0,Cash loans,M,N,N,0,88000.0,167500.0,9290.0,146700.0,Unaccompanied,Working,Higher education,Married,House / apartment,-19624,-8756,-1665,-3979,0.7944,0.3801,0.267
100304,0,Cash loans,F,Y,Y,3,172000.0,309000.0,16560.0,303000.0,Unaccompanied,Commercial associate,Secondary / secondary special,Married,House / apartment,-18335,-4291,-5389,-1894,0.9073,0.7372,0.0175
100305,0,Revolving loans,M,N,Y,0,387000.0,737500.0,48220.0,673300.0,Unaccompanied,Working,Secondary / secondary special,Married,House / apartment,-17027,-4999,-7163,-1515,0.1316,0.7902,0.9223
100306,1,Cash loans,F,N,Y,1,73000.0,996000.0,63390.0,944400.0,Unaccompanied,Working,Secondary / secondary special,Married,With parents,-7668,-1567,-5807,-583,0.7838,0.6539,0.7849
100307,0,Cash loans,F,N,Y,2,131000.0,257000.0,13300.0,237900.0,Unaccompanied,Pensioner,Secondary / secondary special,Married,House / apartment,-17763,-4952,-2111,-366,0.7851,0.4551,0.5886
100308,0,Cash loans,F,N,Y,0,503000.0,314500.0,14460.0,301600.0,Unaccompanied,Working,Secondary / secondary special,Widow,House / apartment,-12209,-6201,-3714,-5761,0.3756,0.2132,0.7907
100309,0,Cash loans,M,N,Y,2,53000.0,342500.0,18750.0,315700.0,Unaccompanied,State servant,Higher education,Married,House / apartment,-12519,-7647,-10746,-2046,0.1134,0.8063,0.7717
100310,0,Cash loans,M,Y,Y,0,216000.0,392500.0,22220.0,350500.0,Family,Commercial associate,Secondary / secondary special,Single / not married,House / apartment,-16590,-2860,-6983,-458,0.9406,0.3312,0.8859
100311,0,Cash loans,F,N,Y,2,168000.0,374500.0,24400.0,338700.0,Unaccompanied,Working,Secondary / secondary special,Married,House / apartment,-14904,-6521,-5110,-119,0.6263,0.3449,0.3729
100312,0,Cash loans,M,N,Y,0,196000.0,620000.0,47480.0,606900.0,Unaccompanied,Commercial associate,Secondary / secondary special,Married,House / apartment,-22338,-1493,-11216,-3284,0.9333,0.8711,0.5316
100313,0,Cash loans,F,Y,Y,2,90000.0,996500.0,41300.0,917000.0,Unaccompanied,Working,Secondary / secondary special,Widow,House / apartment,-16883,-3793,-11028,-3254,0.4646,0.9271,0.1027
100314,1,Cash loans,M,N,Y,0,82000.0,682500.0,33950.0,602000.0,"Spouse, partner",Working,Secondary / secondary special,Married,House / apartment,-13506,-5478,-2397,-5765,0.3815,0.8542,0.9174
100315,0,Revolving loans,M,N,Y,1,198000.0,1174000.0,56060.0,1162500.0,Unaccompanied,State servant,Secondary / secondary special,Civil marriage,House / apartment,-17523,-1799,-10386,-5597,0.2424,0.9483,0.936
100316,0,Cash loans,F,Y,Y,0,61000.0,1091500.0,65590.0,1058200.0,Unaccompanied,Working,Secondary / secondary special,Widow,House / apartment,-23593,-1220,-5454,-3565,0.9346,0.8268,0.7517
100317,0,Cash loans,M,Y,N,0,107000.0,229000.0,13100.0,196600.0,Unaccompanied,Commercial associate,Secondary / secondary special,Married,House / apartment,-16764,-5429,-1555,-3302,0.2481,0.6721,0.4369
100318,0,Cash loans,F,N,N,0,56000.0,116000.0,8020.0,116000.0,Unaccompanied,Working,Secondary / secondary special,Married,House / apartment,-9279,-1671,-11817,-4459,0.0323,0.2862,0.4768
100319,0,Cash loans,F,N,N,1,26000.0,1322500.0,65720.0,1262000.0,Unaccompanied,Commercial associate,Secondary / secondary special,Single / not married,House / apartment,-13912,-828,-11101,-5565,0.4917,0.9058,0.4192
100320,0,Cash loans,F,N,Y,0,551000.0,161000.0,10270.0,140700.0,Children,Working,Secondary / secondary special,Civil marriage,House / apartment,-13322,-715,-4502,-1968,0.3644,0.834,0.2857
100321,0,Revolving loans,F,N,Y,0,110000.0,261000.0,19670.0,231100.0,Unaccompanied,Working,Secondary / secondary special,Married,House / apartment,-13381,-470,-343,-2531,0.2557,0.2363,0.5061
100322,0,Cash loans,M,N,N,0,548000.0,77000.0,5880.0,73400.0,Unaccompanied,State servant,Secondary / secondary special,Married,Rented apartment,-17068,-6867,-1544,-851,0.6065,0.4698,0.0602
100323,0,Cash loans,M,N,Y,2,48000.0,959000.0,75140.0,927300.0,Unaccompanied,Working,Secondary / secondary special,Married,House / apartment,-15132,-5438,-3996,-5045,0.3524,0.0759,0.9424
100324,0,Cash loans,F,N,Y,0,158000.0,892500.0,63310.0,790600.0,Family,Commercial associate,Secondary / secondary special,Married,House / apartment,-24939,-5042,-6848,-6389,0.3881,0.9061,0.4086
100325,1,Cash loans,M,N,Y,0,59000.0,1481000.0,112910.0,1315900.0,Unaccompanied,Commercial associate,Higher education,Civil marriage,Rented apartment,-7599,-9239,-11010,-1929,0.0317,0.5484,0.8817
100326,0,Revolving loans,M,N,N,0,259000.0,1335500.0,65950.0,1196700.0,Unaccompanied,Commercial associate,Higher education,Married,House / apartment,-21796,-1219,-8230,-1943,0.5637,0.2405,0.6908
100327,0,Cash loans,F,Y,Y,0,255000.0,643000.0,30800.0,604200.0,Unaccompanied,Commercial associate,Secondary / secondary special,Married,Municipal apartment,-21529,-9747,-4382,-763,0.1247,0.2849,0.2825
100328,0,Cash loans,M,N,N,0,43000.0,585500.0,23570.0,512800.0,Unaccompanied,Working,Secondary / secondary special,Married,House / apartment,-24964,-6431,-8046,-3296,0.211,0.9318,0.2187
100329,0,Cash loans,F,N,N,0,390000.0,477000.0,32570.0,412900.0,Unaccompanied,Working,Secondary / secondary special,Married,House / apartment,-20328,-7119,-4986,-5276,0.6841,0.5887,0.9459
100330,0,Cash loans,M,N,Y,1,57000.0,267000.0,20690.0,254100.0,Unaccompanied,Pensioner,Secondary / secondary special,Married,House / apartment,-11889,-2522,-3423,-2678,0.3044,0.4054,0.7358
100331,0,Cash loans,F,N,N,1,167000.0,246000.0,11680.0,237800.0,Unaccompanied,Pensioner,Secondary / secondary special,Married,House / apartment,-15433,-7690,-9220,-5725,0.1634,0.4799,0.2447
100332,0,Cash loans,F,Y,Y,0,661000.0,237500.0,15550.0,219700.0,Unaccompanied,Working,Secondary / secondary special,Married,With parents,-13932,-9632,-235,-3811,0.5528,0.1026,0.0734
100333,0,Cash loans,F,N,N,0,346000.0,211000.0,14740.0,190900.0,Unaccompanied,Working,Higher education,Married,House / apartment,-22759,-9810,-7993,-6508,0.212,0.0805,0.6651
100334,0,Cash loans,F,N,Y,0,495000.0,395000.0,30460.0,361300.0,Unaccompanied,Pensioner,Secondary / secondary special,Married,House / apartment,-14698,-5925,-9160,-901,0.2647,0.5671,0.2948
100335,0,Cash loans,F,N,N,0,88000.0,491000.0,32340.0,446000.0,Family,State servant,Secondary / secondary special,Married,House / apartment,-19677,-6860,-5224,-6329,0.5941,0.4913,0.2181
100336,0,Cash loans,F,Y,Y,1,42000.0,1444000.0,113800.0,1435300.0,Unaccompanied,State servant,Secondary / secondary special,Civil marriage,House / apartment,-16603,-9002,-1230,-1518,0.7055,0.3476,0.7008
100337,0,Cash loans,F,N,N,0,56000.0,886500.0,47680.0,855700.0,Unaccompanied,Pensioner,Secondary / secondary special,Civil marriage,House / apartment,-16587,-4670,-238,-5965,0.7053,0.5421,0.6485
100338,0,Cash loans,M,N,Y,0,129000.0,1482000.0,80020.0,1306000.0,Unaccompanied,Working,Secondary / secondary special,Married,House / apartment,-21167,-673,-10046,-3256,0.4633,0.0783,0.4625
100339,0,Cash loans,F,N,Y,0,261000.0,587000.0,36230.0,532800.0,Unaccompanied,Pensioner,Secondary / secondary special,Married,House / apartment,-9600,-607,-4924,-5506,0.437,0.8974,0.8961
100340,0,Cash loans,F,N,N,1,49000.0,711000.0,39350.0,662400.0,"Spouse, partner",Pensioner,Secondary / secondary special,Civil marriage,House / apartment,-22565,-6835,-51,-6423,0.7504,0.2861,0.6489
100341,0,Cash loans,F,N,N,0,187000.0,517500.0,20730.0,487500.0,Children,Working,Higher education,Married,House / apartment,-11291,-2322,-10347,-3986,0.1915,0.0775,0.8498
100342,0,Cash loans,F,N,Y,0,84000.0,311000.0,21540.0,286200.0,Unaccompanied,Working,Secondary / secondary special,Separated,House / apartment,-24197,-7788,-9572,-741,0.1531,0.1693,0.1891
100343,0,Cash loans,M,N,Y,0,88000.0,253500.0,17760.0,246300.0,Unaccompanied,Working,Higher education,Separated,House / apartment,-11531,-1394,-1056,-3553,0.6348,0.0997,0.2888
100344,0,Cash loans,M,Y,Y,1,188000.0,1420000.0,99230.0,1370500.0,Unaccompanied,Commercial associate,Secondary / secondary special,Married,With parents,-18168,-9989,-8213,-1693,0.3949,0.1779,0.1082
100345,0,Revolving loans,F,N,N,2,119000.0,1481000.0,79680.0,1371100.0,Family,Working,Secondary / secondary special,Married,House / apartment,-13852,-887,-8498,-6495,0.6774,0.4017,0.2963
100346,0,Cash loans,F,N,N,0,276000.0,110500.0,6730.0,108100.0,Unaccompanied,Working,Secondary / secondary special,Married,House / apartment,-15612,-4767,-7609,-6732,0.2512,0.7038,0.9235
100347,0,Cash loans,M,N,N,0,50000.0,264000.0,14360.0,254100.0,Unaccompanied,Working,Higher education,Married,House / apartment,-16993,-2333,-2609,-2129,0.3154,0.266,0.9151
100348,0,Cash loans,F,Y,Y,2,259000.0,661000.0,26860.0,639000.0,Unaccompanied,Working,Secondary / secondary special,Separated,With parents,-8417,-8878,-3600,-4011,0.8529,0.4198,0.7248
100349,0,Cash loans,M,N,Y,0,35000.0,316000.0,19750.0,313900.0,"Spouse, partner",Working,Secondary / secondary special,Separated,House / apartment,-18483,-3750,-1965,-3252,0.4064,0.883,0.4998
100350,0,Cash loans,F,Y,Y,0,57000.0,574500.0,25820.0,511300.0,Unaccompanied,Pensioner,Secondary / secondary special,Married,House / apartment,-17115,-3349,-6532,-1365,0.5655,0.2881,0.7439
100351,0,Cash loans,M,N,N,0,185000.0,233000.0,10070.0,207400.0,Unaccompanied,Working,Secondary / secondary special,Married,Municipal apartment,-15161,-6171,-3578,-195,0.1103,0.757,0.5303
100352,0,Revolving loans,F,N,Y,0,315000.0,709000.0,49790.0,697200.0,Unaccompanied,Pensioner,Secondary / secondary special,Married,House / apartment,-9538,-4136,-5561,-6203,0.1781,0.1583,0.0133
100353,0,Cash loans,F,N,N,0,69000.0,440500.0,17790.0,425400.0,Unaccompanied,Pensioner,Higher education,Married,House / apartment,-13900,-8847,-2543,-150,0.0437,0.1776,0.4815
100354,0,Cash loans,M,N,Y,1,84000.0,557000.0,43650.0,550900.0,Unaccompanied,Pensioner,Secondary / secondary special,Married,House / apartment,-21331,-1809,-504,-5180,0.4089,0.4388,0.573
100355,0,Cash loans,F,Y,Y,0,141000.0,182000.0,11030.0,156400.0,Family,Commercial associate,Secondary / secondary special,Separated,House / apartment,-9733,-5312,-8328,-5766,0.9396,0.2301,0.2598
100356,0,Cash loans,F,Y,Y,0,61000.0,668000.0,52990.0,630700.0,Family,Working,Incomplete higher,Married,House / apartment,-14466,-1610,-5084,-4523,0.8314,0.8588,0.2011
100357,0,Revolving loans,F,N,Y,1,275000.0,1475500.0,62440.0,1286200.0,Unaccompanied,Working,Higher education,Married,House / apartment,-11673,-6003,-9494,-330,0.6049,0.0577,0.2674
100358,0,Cash loans,F,N,Y,0,248000.0,523500.0,33160.0,484500.0,Family,Working,Secondary / secondary special,Married,House / apartment,-15446,-8267,-4014,-3110,0.8194,0.5714,0.5962
100359,1,Cash loans,F,Y,Y,0,49000.0,1320000.0,71240.0,1152800.0,Unaccompanied,State servant,Secondary / secondary special,Married,House / apartment,-8771,-7652,-6307,-3324,0.5685,0.578,0.1473
100360,0,Cash loans,F,Y,Y,0,118000.0,1272000.0,93800.0,1105600.0,Unaccompanied,Working,Secondary / secondary special,Married,Municipal apartment,-16318,-3606,-3614,-889,0.3566,0.0721,0.6871
100361,0,Cash loans,F,N,N,1,249000.0,1430000.0,77860.0,1218100.0,Children,Commercial associate,Higher education,Married,House / apartment,-22329,-6178,-5142,-954,0.1731,0.6986,0.4073
100362,0,Cash loans,F,N,Y,1,87000.0,1194500.0,60230.0,1128200.0,Unaccompanied,Pensioner,Higher education,Married,House / apartment,-11606,-6532,-6071,-3689,0.6239,0.4508,0.3421
100363,0,Cash loans,M,N,Y,2,175000.0,1004500.0,74640.0,907900.0,Unaccompanied,Pensioner,Higher education,Single / not married,Municipal apartment,-20477,-3733,-4806,-4449,0.1915,0.6897,0.7688
100364,0,Cash loans,F,N,Y,1,33000.0,1291500.0,71010.0,1118200.0,Children,Pensioner,Secondary / secondary special,Married,House / apartment,-11081,-1561,-506,-2948,0.4024,0.7873,0.4857
100365,1,Cash loans,F,N,Y,0,166000.0,155000.0,6300.0,139300.0,Unaccompanied,Commercial associate,Secondary / secondary special,Married,House / apartment,-13988,-6014,-9725,-3241,0.7863,0.3135,0.3657
100366,0,Cash loans,M,N,N,0,50000.0,718500.0,39960.0,628900.0,Unaccompanied,Working,Secondary / secondary special,Civil marriage,House / apartment,-24690,-6452,-11833,-6360,0.1315,0.4654,0.8355
100367,1,Cash loans,F,N,Y,1,291000.0,1484500.0,98250.0,1471500.0,"Spouse, partner",Commercial associate,Secondary / secondary special,Civil marriage,House / apartment,-8937,-2271,-4003,-2395,0.1313,0.2551,0.3562
100368,0,Cash loans,F,N,N,0,91000.0,1165000.0,58450.0,1046200.0,Unaccompanied,Working,Higher education,Married,House / apartment,-12411,-8028,-8899,-2044,0.2209,0.1994,0.8175
100369,0,Cash loans,F,N,Y,0,75000.0,1445000.0,82770.0,1300600.0,Unaccompanied,Pensioner,Secondary / secondary special,Married,House / apartment,-19985,-8694,-9815,-5645,0.5288,0.0106,0.4839
100370,0,Cash loans,F,Y,Y,0,301000.0,1179500.0,49860.0,1151200.0,Unaccompanied,Commercial associate,Secondary / secondary special,Civil marriage,House / apartment,-10161,-8575,-7611,-6554,0.2466,0.9158,0.2055
100371,0,Cash loans,F,Y,Y,0,33000.0,1318000.0,83720.0,1248400.0,Unaccompanied,Working,Higher education,Married,House / apartment,-24322,-6906,-10520,-3599,0.483,0.4245,0.586
100372,0,Cash loans,F,N,Y,2,101000.0,1073000.0,75380.0,1026400.0,Unaccompanied,Pensioner,Secondary / secondary special,Married,House / apartment,-15984,-6215,-11206,-6874,0.2939,0.0223,0.2782
100373,0,Cash loans,F,Y,Y,0,94000.0,1151500.0,65100.0,1088600.0,Unaccompanied,Working,Secondary / secondary special,Married,House / apartment,-13025,-8532,-1707,-5010,0.4859,0.0184,0.1483
100374,0,Cash loans,F,Y,N,0,75000.0,806000.0,45790.0,799500.0,Unaccompanied,Pensioner,Higher education,Married,House / apartment,-19149,-4756,-8493,-3990,0.271,0.2811,0.0913
100375,0,Cash loans,F,N,Y,3,389000.0,1390000.0,60510.0,1224700.0,Unaccompanied,Pensioner,Higher education,Married,House / apartment,-8785,-8992,-2444,-5645,0.9312,0.0231,0.2372
100376,0,Cash loans,F,N,Y,0,234000.0,1245500.0,59880.0,1243500.0,Unaccompanied,Pensioner,Higher education,Married,House / apartment,-13881,-2770,-8509,-4014,0.4732,0.362,0.7024
100377,0,Cash loans,F,Y,Y,0,35000.0,1273000.0,58800.0,1240700.0,Unaccompanied,Working,Secondary / secondary special,Single / not married,Rented apartment,-12521,-4460,-5906,-6386,0.709,0.0692,0.7977
100378,0,Cash loans,M,Y,Y,0,213000.0,1024000.0,60690.0,960900.0,Family,Working,Secondary / secondary special,Civil marriage,Municipal apartment,-23427,-2648,-2955,-2055,0.6685,0.0469,0.82
100379,0,Cash loans,F,Y,Y,1,137000.0,488000.0,29850.0,463300.0,Unaccompanied,Pensioner,Secondary / secondary special,Widow,House / apartment,-12332,-2426,-2927,-2670,0.4711,0.6392,0.2639
100380,0,Cash loans,F,Y,Y,1,372000.0,97000.0,7560.0,91900.0,Family,Pensioner,Secondary / secondary special,Married,Rented apartment,-13726,-2896,-857,-1575,0.2345,0.8624,0.6313
100381,0,Cash loans,F,N,Y,1,81000.0,1406500.0,60380.0,1207800.0,Unaccompanied,Working,Secondary / secondary special,Married,Rented apartment,-11309,-7146,-2720,-5019,0.4901,0.3948,0.2265
100382,0,Cash loans,F,N,Y,1,153000.0,898000.0,57470.0,792700.0,Unaccompanied,Working,Higher education,Single / not married,House / apartment,-22395,-2306,-3022,-6723,0.6501,0.7966,0.5954
100383,0,Revolving loans,F,N,Y,0,129000.0,479000.0,29250.0,476200.0,Unaccompanied,Working,Secondary / secondary special,Married,House / apartment,-13607,-5279,-8868,-5754,0.4423,0.0375,0.844
100384,0,Cash loans,F,N,N,1,126000.0,262000.0,15890.0,243700.0,Unaccompanied,State servant,Secondary / secondary special,Married,Municipal apartment,-10428,-1710,-378,-1852,0.087,0.741,0.0484
100385,0,Cash loans,M,N,Y,1,116000.0,1252000.0,93810.0,1135300.0,Unaccompanied,Working,Higher education,Married,House / apartment,-11601,-8779,-8408,-2213,0.0269,0.069,0.9361
100386,0,Cash loans,F,N,Y,0,60000.0,1262000.0,60860.0,1217000.0,Unaccompanied,Working,Higher education,Married,House / apartment,-13327,-564,-11892,-1226,0.3182,0.7981,0.7875
100387,0,Cash loans,M,N,N,0,236000.0,1230000.0,51210.0,1142300.0,Family,Commercial associate,Secondary / secondary special,Married,House / apartment,-22960,-4423,-11088,-1663,0.1512,0.8394,0.726
100388,0,Cash loans,F,Y,Y,2,115000.0,983500.0,65790.0,837900.0,Unaccompanied,Working,Higher education,Married,House / apartment,-19545,-8957,-6058,-363,0.8618,0.7488,0.6599
100389,0,Cash loans,F,N,Y,1,502000.0,577500.0,31070.0,554700.0,Family,State servant,Lower secondary,Widow,House / apartment,-22680,-5575,-7418,-1947,0.1753,0.7815,0.7341
100390,0,Cash loans,F,N,Y,1,70000.0,487500.0,19840.0,467900.0,Unaccompanied,Working,Higher education,Married,House / apartment,-24630,-9781,-4963,-5544,0.3806,0.5378,0.9449
100391,1,Cash loans,F,N,Y,1,197000.0,57500.0,2880.0,50300.0,Unaccompanied,Working,Higher education,Widow,House / apartment,-10740,-7065,-4851,-4753,0.6794,0.259,0.734
100392,0,Cash loans,F,N,Y,0,449000.0,1258000.0,65890.0,1249800.0,Unaccompanied,Working,Secondary / secondary special,Civil marriage,House / apartment,-8845,-898,-2989,-3632,0.7765,0.6146,0.3405
100393,0,Cash loans,F,Y,N,0,188000.0,172000.0,11120.0,152000.0,Unaccompanied,Working,Secondary / secondary special,Married,With parents,-20144,-2900,-3830,-5588,0.4591,0.4232,0.5871
100394,0,Cash loans,F,Y,N,0,333000.0,962500.0,45140.0,884200.0,Family,Working,Secondary / secondary special,Single / not married,House / apartment,-7329,-3340,-11848,-3481,0.1803,0.015,0.3267
100395,0,Cash loans,M,Y,N,0,289000.0,778500.0,44000.0,675100.0,Unaccompanied,Working,Secondary / secondary special,Single / not married,House / apartment,-16963,-3455,-5403,-6658,0.2646,0.4582,0.9219
100396,1,Cash loans,M,N,N,1,92000.0,811500.0,48120.0,763200.0,Unaccompanied,Working,Secondary / secondary special,Married,House / apartment,-10979,-4029,-9698,-1274,0.4038,0.6221,0.8561
100397,0,Cash loans,F,N,Y,0,162000.0,1393500.0,81340.0,1263000.0,Unaccompanied,Pensioner,Secondary / secondary special,Married,House / apartment,-22064,-959,-6850,-1445,0.3527,0.0231,0.5436
100398,0,Cash loans,F,N,Y,0,50000.0,91000.0,7190.0,82200.0,Unaccompanied,Working,Secondary / secondary special,Married,Rented apartment,-7425,-8655,-9482,-4827,0.3378,0.5941,0.7444
100399,0,Cash loans,F,N,N,0,140000.0,1170500.0,48950.0,1140100.0,Family,State servant,Secondary / secondary special,Married,House / apartment,-12208,-7788,-1939,-2957,0.1339,0.6234,0.8651
100400,0,Cash loans,F,Y,N,0,64000.0,120500.0,9400.0,102600.0,Unaccompanied,Commercial associate,Higher education,Married,House / apartment,-13942,-5122,-4694,-6138,0.8685,0.1586,0.239
100401,0,Cash loans,F,Y,Y,0,229000.0,100500.0,6360.0,97500.0,Unaccompanied,Working,Higher education,Married,House / apartment,-16145,-7684,-7325,-3456,0.038,0.4152,0.5547
100402,0,Cash loans,F,Y,N,0,138000.0,670500.0,48160.0,627400.0,Unaccompanied,Working,Secondary / secondary special,Married,House / apartment,-20948,-6502,-7715,-5979,0.4236,0.9165,0.4628
100403,0,Cash loans,F,N,Y,0,104000.0,137000.0,7840.0,136700.0,"Spouse, partner",Commercial associate,Secondary / secondary special,Married,House / apartment,-16232,-9207,-8427,-5347,0.9315,0.8411,0.7353
100404,0,Cash loans,F,Y,Y,0,72000.0,1193000.0,69380.0,1119500.0,Unaccompanied,Working,Higher education,Married,House / apartment,-15253,-1874,-9975,-2165,0.6301,0.3962,0.3663
100405,0,Cash loans,M,N,Y,2,1022000.0,815500.0,61300.0,699900.0,Unaccompanied,Working,Higher education,Married,House / apartment,-18483,-3465,-7627,-1009,0.3441,0.3389,0.6764
100406,0,Cash loans,M,Y,Y,0,36000.0,87500.0,6640.0,75000.0,Unaccompanied,Working,Higher education,Civil marriage,House / apartment,-18069,-8114,-4195,-5386,0.1473,0.1266,0.3888
100407,0,Cash loans,M,N,Y,0,32000.0,104000.0,5150.0,102200.0,Family,Commercial associate,Lower secondary,Married,With parents,-18231,-8442,-2786,-5287,0.916,0.0431,0.1144
100408,0,Cash loans,F,N,Y,0,62000.0,936500.0,44920.0,914200.0,Unaccompanied,Commercial associate,Incomplete higher,Single / not married,House / apartment,-13187,-7525,-1377,-2819,0.0231,0.2896,0.1107
100409,0,Revolving loans,F,N,Y,0,556000.0,1218000.0,72900.0,1098500.0,Unaccompanied,Working,Secondary / secondary special,Married,House / apartment,-10121,-3121,-2755,-1728,0.6505,0.8939,0.1219
100410,0,Cash loans,F,Y,Y,0,606000.0,682000.0,51840.0,642900.0,Unaccompanied,Commercial associate,Secondary / secondary special,Single / not married,House / apartment,-22054,-4337,-2083,-695,0.8373,0.9111,0.0406
100411,0,Cash loans,F,N,Y,1,185000.0,852000.0,45070.0,786800.0,Unaccompanied,Pensioner,Higher education,Married,House / apartment,-23325,-6494,-4409,-4617,0.0337,0.7738,0.511
100412,1,Cash loans,F,N,N,1,343000.0,1209000.0,79890.0,1203000.0,Unaccompanied,Working,Secondary / secondary special,Married,House / apartment,-23518,-3917,-6570,-2384,0.6917,0.3398,0.6416
100413,1,Cash loans,M,Y,Y,0,61000.0,933500.0,63780.0,926500.0,Unaccompanied,Pensioner,Higher education,Widow,Rented apartment,-18721,-9362,-4612,-5446,0.9489,0.145,0.1291
100414,0,Cash loans,F,N,Y,0,562000.0,372000.0,26470.0,371100.0,Unaccompanied,Commercial associate,Secondary / secondary special,Married,House / apartment,-8695,-860,-6107,-1382,0.6113,0.5698,0.5851
100415,0,Cash loans,F,N,Y,2,48000.0,937000.0,58620.0,918200.0,Unaccompanied,State servant,Higher education,Married,House / apartment,-11261,-4551,-10892,-2495,0.3998,0.6177,0.5719
100416,0,Revolving loans,F,N,Y,1,41000.0,959000.0,53800.0,946000.0,Unaccompanied,Working,Secondary / secondary special,Married,House / apartment,-9914,-4727,-4104,-6796,0.8319,0.4091,0.1483
100417,0,Cash loans,F,N,N,0,43000.0,1113000.0,87570.0,982300.0,Unaccompanied,State servant,Secondary / secondary special,Married,House / apartment,-22353,-2839,-3549,-3605,0.5309,0.6601,0.3898
100418,0,Cash loans,F,Y,Y,0,153000.0,948500.0,61130.0,924500.0,"Spouse, partner",Commercial associate,Secondary / secondary special,Civil marriage,House / apartment,-12525,-7539,-4152,-1847,0.7145,0.7119,0.7198
100419,0,Cash loans,F,Y,N,0,253000.0,1455000.0,100600.0,1391500.0,Family,Commercial associate,Higher education,Married,House / apartment,-19393,-5648,-10522,-1728,0.5625,0.7461,0.0258
100420,0,Cash loans,F,N,Y,0,94000.0,332000.0,17860.0,330100.0,Unaccompanied,Working,Secondary / secondary special,Civil marriage,House / apartment,-22002,-6891,-7657,-6747,0.046,0.4822,0.1481
100421,0,Cash loans,F,Y,Y,0,597000.0,1429000.0,95450.0,1337100.0,Unaccompanied,Working,Higher education,Married,House / apartment,-19989,-8016,-5478,-5216,0.2104,0.7541,0.9461
100422,0,Cash loans,M,N,Y,0,110000.0,828500.0,41680.0,714800.0,Family,State servant,Higher education,Married,House / apartment,-15286,-6945,-11953,-652,0.084,0.0339,0.6995
100423,0,Cash loans,F,N,Y,0,49000.0,1022500.0,50920.0,960800.0,Unaccompanied,Commercial associate,Higher education,Married,House / apartment,-21960,-6967,-10203,-758,0.1103,0.6496,0.4463
100424,0,Cash loans,M,N,Y,0,119000.0,189500.0,13000.0,180600.0,Unaccompanied,Working,Higher education,Married,House / apartment,-19960,-9208,-2641,-1279,0.0245,0.2315,0.602
100425,0,Cash loans,F,N,Y,1,195000.0,598500.0,36420.0,528500.0,Family,Working,Secondary / secondary special,Civil marriage,House / apartment,-14334,-4043,-5025,-441,0.4059,0.2643,0.8054
100426,0,Revolving loans,F,N,Y,1,293000.0,1164500.0,78410.0,1058700.0,Unaccompanied,Working,Secondary / secondary special,Married,House / apartment,-16937,-3560,-7764,-4504,0.1779,0.0958,0.8018
100427,0,Cash loans,F,Y,Y,0,117000.0,1073500.0,54510.0,1008800.0,Unaccompanied,Commercial associate,Secondary / secondary special,Married,House / apartment,-20880,-1592,-2112,-4905,0.8144,0.1908,0.3152
100428,0,Revolving loans,F,Y,N,1,160000.0,103500.0,6620.0,93800.0,Unaccompanied,Commercial associate,Higher education,Widow,House / apartment,-17460,-3721,-3500,-6228,0.715,0.9425,0.4718
100429,0,Cash loans,F,N,Y,0,72000.0,840500.0,48550.0,761700.0,Unaccompanied,Working,Higher education,Married,House / apartment,-24780,-9018,-5987,-3488,0.5488,0.4005,0.6098
100430,0,Cash loans,M,N,Y,1,181000.0,173500.0,11080.0,150900.0,Unaccompanied,Working,Secondary / secondary special,Married,House / apartment,-8504,-9901,-7624,-3573,0.4697,0.8821,0.0776
100431,0,Cash loans,M,Y,Y,0,665000.0,1494000.0,77140.0,1480700.0,Family,Commercial associate,Secondary / secondary special,Married,House / apartment,-17412,-5118,-9201,-4792,0.2505,0.1631,0.899
100432,0,Cash loans,F,Y,Y,0,33000.0,1350500.0,92670.0,1300000.0,Unaccompanied,Working,Secondary / secondary special,Married,House / apartment,-10883,-8262,-1629,-4193,0.4565,0.2018,0.4168
100433,0,Revolving loans,F,Y,Y,0,351000.0,75500.0,5450.0,64200.0,Unaccompanied,Working,Secondary / secondary special,Married,House / apartment,-23556,-6850,-11311,-5949,0.6128,0.5343,0.3586
100434,0,Cash loans,M,N,N,0,149000.0,1294500.0,65240.0,1249000.0,Family,Working,Secondary / secondary special,Married,With parents,-18631,-4941,-9041,-3970,0.7453,0.3386,0.8627
100435,0,Revolving loans,F,Y,N,2,69000.0,1383000.0,71950.0,1329000.0,Unaccompanied,Working,Secondary / secondary special,Civil marriage,House / apartment,-14839,-9231,-7361,-4637,0.0868,0.6153,0.1212
100436,0,Cash loans,F,N,Y,0,490000.0,559500.0,37180.0,476400.0,Unaccompanied,Pensioner,Secondary / secondary special,Married,Municipal apartment,-18911,-7568,-6260,-1526,0.676,0.4067,0.0469
100437,0,Cash loans,F,N,Y,0,124000.0,1092000.0,74060.0,988700.0,Unaccompanied,Commercial associate,Secondary / secondary special,Civil marriage,House / apartment,-9338,-187,-6922,-190,0.7082,0.7729,0.6539
100438,0,Cash loans,M,N,Y,0,85000.0,688500.0,46930.0,647900.0,Family,State servant,Secondary / secondary special,Married,House / apartment,-15523,-662,-11059,-1873,0.5354,0.4157,0.3719
100439,0,Cash loans,M,N,Y,0,55000.0,998500.0,67210.0,916500.0,Unaccompanied,Working,Secondary / secondary special,Married,House / apartment,-17460,-1368,-7166,-3015,0.2115,0.548,0.7286
100440,0,Cash loans,F,N,Y,0,67000.0,540000.0,30080.0,522000.0,Unaccompanied,Pensioner,Secondary / secondary special,Single / not married,House / apartment,-18822,-9782,-10231,-257,0.5168,0.3118,0.0744
100441,0,Cash loans,M,N,Y,0,293000.0,514500.0,28710.0,470200.0,Unaccompanied,Commercial associate,Secondary / secondary special,Separated,House / apartment,-10868,-5661,-11427,-154,0.4825,0.6718,0.3707
100442,1,Cash loans,M,N,Y,1,168000.0,662500.0,33250.0,578400.0,Unaccompanied,Working,Secondary / secondary special,Married,House / apartment,-18614,-6145,-478,-2991,0.4572,0.6255,0.2312
100443,0,Cash loans,F,Y,Y,1,392000.0,257000.0,11890.0,256100.0,Unaccompanied,Working,Secondary / secondary special,Married,House / apartment,-15598,-9864,-1310,-5606,0.443,0.3832,0.7052
100444,0,Cash loans,F,N,Y,2,65000.0,1254500.0,84930.0,1111900.0,Unaccompanied,Commercial associate,Secondary / secondary special,Single / not married,House / apartment,-7501,-4754,-2143,-4093,0.1142,0.2695,0.2235
100445,0,Cash loans,F,N,Y,0,44000.0,552500.0,24160.0,529100.0,Unaccompanied,Pensioner,Secondary / secondary special,Widow,Municipal apartment,-15256,-3271,-413,-3902,0.1819,0.5873,0.4405
100446,1,Cash loans,M,N,Y,1,26000.0,627000.0,48600.0,546400.0,Unaccompanied,Working,Higher education,Widow,House / apartment,-14685,-7612,-9848,-2275,0.1015,0.8966,0.7797
100447,1,Cash loans,F,Y,Y,0,131000.0,1346000.0,98350.0,1210500.0,Unaccompanied,Working,Secondary / secondary special,Married,House / apartment,-13307,-7952,-10823,-6660,0.2379,0.1347,0.8705
100448,0,Cash loans,M,N,N,0,982000.0,767500.0,57030.0,703300.0,Unaccompanied,Commercial associate,Secondary / secondary special,Married,With parents,-9094,-2900,-3936,-6784,0.2577,0.7612,0.6892
100449,0,Cash loans,F,N,Y,0,203000.0,837000.0,63840.0,735600.0,Unaccompanied,State servant,Secondary / secondary special,Married,House / apartment,-8708,-6946,-8187,-3582,0.2404,0.5204,0.4135
100450,0,Cash loans,M,N,N,3,80000.0,1436500.0,80940.0,1318000.0,Family,Commercial associate,Secondary / secondary special,Separated,House / apartment,-8216,-5138,-1394,-4169,0.2083,0.504,0.5477
100451,0,Cash loans,F,Y,Y,1,339000.0,1335000.0,98610.0,1166200.0,Family,Working,Higher education,Married,House / apartment,-15078,-9549,-2623,-2412,0.7013,0.914,0.6583
100452,0,Revolving loans,F,Y,Y,2,253000.0,291500.0,13500.0,272200.0,"Spouse, partner",Working,Secondary / secondary special,Married,House / apartment,-17176,-4988,-2290,-23,0.7795,0.5795,0.8324
100453,0,Cash loans,M,N,N,1,27000.0,733500.0,29970.0,696500.0,Unaccompanied,Working,Secondary / secondary special,Separated,House / apartment,-21740,-4880,-638,-6606,0.3175,0.7907,0.8453
100454,0,Cash loans,M,N,Y,2,280000.0,1458000.0,104090.0,1253000.0,Unaccompanied,Pensioner,Secondary / secondary special,Married,House / apartment,-13646,-1243,-11636,-6624,0.2968,0.4936,0.8851
100455,0,Cash loans,M,Y,N,1,79000.0,587000.0,25240.0,575700.0,Unaccompanied,Pensioner,Secondary / secondary special,Single / not married,House / apartment,-23169,-6803,-352,-1741,0.8034,0.2449,0.7721
100456,0,Cash loans,F,N,Y,0,49000.0,585500.0,46570.0,513900.0,Unaccompanied,Commercial associate,Secondary / secondary special,Married,House / apartment,-10466,-847,-11340,-5777,0.5965,0.6628,0.148
100457,0,Cash loans,M,N,Y,0,63000.0,329000.0,22040.0,290800.0,Unaccompanied,Working,Secondary / secondary special,Married,House / apartment,-14644,-7194,-11780,-3160,0.2858,0.8778,0.7128
100458,0,Cash loans,F,N,Y,0,120000.0,211500.0,14830.0,200800.0,Unaccompanied,State servant,Secondary / secondary special,Married,House / apartment,-23748,-6545,-139,-3605,0.6808,0.8008,0.7757
100459,0,Cash loans,F,N,N,0,108000.0,1122000.0,55910.0,1032600.0,Unaccompanied,Commercial associate,Secondary / secondary special,Married,House / apartment,-10950,-3588,-8443,-3371,0.3339,0.1965,0.8352
100460,0,Cash loans,F,N,Y,0,76000.0,1165500.0,78040.0,1078000.0,Unaccompanied,State servant,Secondary / secondary special,Married,House / apartment,-22015,-9437,-8860,-2091,0.5614,0.3079,0.8793
100461,0,Revolving loans,F,N,N,0,53000.0,1455000.0,60720.0,1264700.0,Unaccompanied,Commercial associate,Higher education,Married,House / apartment,-13698,-2204,-3842,-1060,0.9431,0.4959,0.4886
100462,0,Cash loans,F,Y,N,0,240000.0,1170500.0,86050.0,1136400.0,Unaccompanied,Pensioner,Secondary / secondary special,Married,House / apartment,-9315,-3956,-8508,-5593,0.2935,0.5473,0.6258
100463,0,Cash loans,M,Y,Y,2,717000.0,399000.0,18670.0,376100.0,Unaccompanied,Pensioner,Secondary / secondary special,Widow,House / apartment,-23240,-5219,-4018,-3351,0.8847,0.1922,0.019
100464,0,Cash loans,F,N,N,2,251000.0,103500.0,7030.0,90100.0,Unaccompanied,Working,Secondary / secondary special,Married,House / apartment,-11324,-5358,-2926,-460,0.3114,0.2262,0.5484
100465,1,Cash loans,M,Y,N,0,78000.0,1479000.0,72440.0,1340100.0,"Spouse, partner",State servant,Secondary / secondary special,Married,With parents,-16104,-2868,-6892,-5288,0.5179,0.7233,0.4548
100466,0,Cash loans,F,N,Y,0,67000.0,540500.0,23100.0,525100.0,Unaccompanied,Working,Secondary / secondary special,Married,House / apartment,-16143,-4159,-7242,-2117,0.4424,0.6965,0.9146
100467,0,Cash loans,F,N,Y,0,62000.0,499000.0,29570.0,466700.0,Unaccompanied,Pensioner,Secondary / secondary special,Married,House / apartment,-20305,-1908,-10201,-6356,0.7462,0.7989,0.8576
100468,0,Cash loans,F,N,Y,0,47000.0,1363000.0,63750.0,1180800.0,Family,State servant,Secondary / secondary special,Widow,Rented apartment,-8687,-5580,-11137,-1606,0.0674,0.887,0.7597
100469,0,Cash loans,M,Y,Y,1,145000.0,896500.0,62020.0,812200.0,Unaccompanied,Working,Secondary / secondary special,Married,House / apartment,-12063,-509,-1052,-5009,0.5995,0.2998,0.0636
100470,1,Cash loans,M,Y,Y,0,164000.0,357500.0,17700.0,316900.0,Unaccompanied,Commercial associate,Secondary / secondary special,Married,House / apartment,-12835,-745,-3563,-5838,0.725,0.818,0.3879
100471,0,Cash loans,M,N,Y,0,208000.0,1338500.0,71880.0,1241600.0,Unaccompanied,Commercial associate,Secondary / secondary special,Civil marriage,House / apartment,-19320,-1651,-9315,-71,0.4538,0.6361,0.6643
100472,1,Revolving loans,M,Y,Y,1,196000.0,1490500.0,93450.0,1455500.0,Unaccompanied,Pensioner,Higher education,Single / not married,House / apartment,-10428,-5462,-1343,-4923,0.109,0.9103,0.0379
100473,0,Revolving loans,F,N,Y,1,77000.0,171000.0,8790.0,156500.0,Unaccompanied,Pensioner,Higher education,Married,House / apartment,-12385,-1213,-569,-6323,0.2401,0.2657,0.2317
100474,0,Cash loans,F,Y,Y,0,85000.0,1299500.0,71630.0,1189000.0,Unaccompanied,Commercial associate,Secondary / secondary special,Separated,House / apartment,-18597,-3687,-11913,-6351,0.6489,0.2635,0.8443
100475,0,Cash loans,M,Y,N,1,197000.0,613000.0,44520.0,604300.0,Unaccompanied,Pensioner,Higher education,Single / not married,House / apartment,-24221,-161,-7690,-4272,0.8517,0.672,0.132
100476,1,Cash loans,F,Y,N,0,89000.0,807500.0,38090.0,756200.0,Family,Working,Secondary / secondary special,Married,House / apartment,-23557,-9527,-3916,-706,0.4063,0.8827,0.0583
100477,0,Cash loans,F,N,Y,0,61000.0,1376000.0,59560.0,1286500.0,Unaccompanied,Working,Higher education,Single / not married,House / apartment,-13298,-1827,-9192,-1928,0.5368,0.7851,0.5558
100478,0,Cash loans,F,N,Y,0,95000.0,1461500.0,77660.0,1299700.0,Unaccompanied,Working,Higher education,Separated,House / apartment,-21323,-4692,-2923,-4979,0.2247,0.6934,0.8997
100479,1,Cash loans,F,N,Y,0,73000.0,426500.0,24300.0,401400.0,Unaccompanied,Commercial associate,Secondary / secondary special,Married,House / apartment,-18669,-8268,-10428,-2798,0.3975,0.3741,0.7945
100480,0,Cash loans,F,N,N,0,39000.0,354500.0,21870.0,331900.0,Unaccompanied,Working,Secondary / secondary special,Single / not married,House / apartment,-17814,-3066,-4545,-1177,0.3266,0.6847,0.9263
100481,0,Cash loans,F,N,Y,0,291000.0,162000.0,8890.0,147300.0,Family,Commercial associate,Higher education,Widow,House / apartment,-16454,-3460,-3925,-153,0.6262,0.763,0.7183
100482,0,Cash loans,F,N,Y,0,313000.0,862500.0,61750.0,861300.0,Unaccompanied,Working,Secondary / secondary special,Single / not married,Municipal apartment,-8543,-5762,-3252,-29,0.9356,0.7181,0.4211
100483,0,Revolving loans,F,N,N,1,62000.0,65000.0,2700.0,63800.0,Family,Pensioner,Secondary / secondary special,Married,House / apartment,-17361,-8170,-11584,-5146,0.7745,0.6462,0.8998
100484,0,Cash loans,F,N,N,0,35000.0,644500.0,36910.0,620300.0,Unaccompanied,Working,Secondary / secondary special,Married,House / apartment,-8953,-9704,-10522,-5071,0.1906,0.0543,0.411
100485,0,Cash loans,F,N,N,0,226000.0,152000.0,8400.0,141500.0,Family,Commercial associate,Higher education,Married,House / apartment,-15274,-6800,-7558,-3311,0.553,0.6301,0.3391
100486,0,Revolving loans,M,N,N,1,61000.0,634500.0,41820.0,583300.0,Unaccompanied,Commercial associate,Higher education,Married,House / apartment,-16791,-3730,-3392,-3826,0.0724,0.4596,0.4313
100487,0,Cash loans,F,Y,Y,0,100000.0,103000.0,8100.0,90400.0,Unaccompanied,State servant,Secondary / secondary special,Widow,House / apartment,-9604,-3969,-2617,-6787,0.2421,0.9139,0.7751
100488,0,Cash loans,F,N,Y,2,35000.0,1260000.0,76120.0,1128800.0,Unaccompanied,Commercial associate,Higher education,Married,House / apartment,-18798,-5300,-5935,-4786,0.1719,0.5808,0.8726
100489,1,Cash loans,M,N,Y,0,63000.0,350000.0,27820.0,338100.0,Unaccompanied,Pensioner,Secondary / secondary special,Married,House / apartment,-19638,-2139,-4355,-1874,0.3254,0.5817,0.3462
100490,0,Cash loans,F,Y,Y,0,261000.0,522500.0,27220.0,479700.0,Unaccompanied,Pensioner,Incomplete higher,Single / not married,House / apartment,-11114,-7554,-2013,-6241,0.6481,0.9444,0.4445
100491,0,Cash loans,F,N,N,0,270000.0,1311000.0,54060.0,1287800.0,"Spouse, partner",Commercial associate,Secondary / secondary special,Married,With parents,-19809,-1407,-1927,-6469,0.4794,0.098,0.8544
100492,0,Cash loans,M,N,Y,0,60000.0,1131000.0,52730.0,986400.0,Unaccompanied,Working,Secondary / secondary special,Married,House / apartment,-12338,-6734,-10736,-236,0.8869,0.2697,0.0542
100493,0,Cash loans,F,N,Y,0,86000.0,363500.0,20290.0,336700.0,Unaccompanied,Pensioner,Secondary / secondary special,Married,House / apartment,-23325,-1824,-5332,-2185,0.21,0.6267,0.7468
100494,0,Cash loans,M,N,N,0,47000.0,149500.0,7870.0,141600.0,Unaccompanied,Commercial associate,Secondary / secondary special,Married,House / apartment,-20665,-5770,-6258,-4725,0.3524,0.3063,0.437
100495,0,Cash loans,M,Y,Y,0,37000.0,1086500.0,47680.0,1007800.0,Unaccompanied,Working,Secondary / secondary special,Civil marriage,House / apartment,-11081,-4790,-4547,-617,0.3201,0.3354,0.3639
100496,0,Cash loans,F,N,N,0,753000.0,613500.0,35160.0,603300.0,"Spouse, partner",Commercial associate,Higher education,Single / not married,House / apartment,-9258,-2555,-6915,-1571,0.2318,0.8491,0.4301
100497,0,Cash loans,F,N,N,0,185000.0,1159500.0,62060.0,1157700.0,Unaccompanied,Pensioner,Secondary / secondary special,Married,House / apartment,-24980,-1041,-3719,-5735,0.9436,0.5546,0.4036
100498,0,Cash loans,F,N,Y,0,142000.0,693000.0,31120.0,601100.0,Unaccompanied,State servant,Incomplete higher,Married,House / apartment,-13641,-7192,-11865,-2437,0.374,0.1067,0.7212
100499,1,Revolving loans,F,N,Y,0,243000.0,548500.0,28440.0,476900.0,Unaccompanied,State servant,Secondary / secondary special,Civil marriage,House / apartment,-16524,-5395,-9743,-4455,0.8941,0.3022,0.8823
100500,1,Cash loans,F,Y,Y,0,300000.0,701500.0,52930.0,610000.0,Unaccompanied,Working,Secondary / secondary special,Separated,House / apartment,-12382,-7788,-1682,-581,0.377,0.0815,0.472
100501,0,Cash loans,F,N,Y,0,272000.0,1134000.0,59060.0,1079800.0,Unaccompanied,Working,Secondary / secondary special,Married,House / apartment,-14601,-3161,-384,-2254,0.2018,0.5328,0.7928
100502,0,Cash loans,F,N,Y,0,28000.0,1357500.0,93070.0,1229800.0,Unaccompanied,Working,Higher education,Single / not married,House / apartment,-21575,-9576,-4708,-5852,0.1221,0.1729,0.698
100503,0,Cash loans,F,N,Y,1,56000.0,117500.0,7580.0,112800.0,Unaccompanied,Working,Secondary / secondary special,Married,House / apartment,-22675,-8687,-3036,-600,0.8142,0.8157,0.3208
100504,0,Revolving loans,F,N,N,0,185000.0,807500.0,46100.0,735500.0,Unaccompanied,Pensioner,Higher education,Married,With parents,-9707,-3863,-10458,-978,0.0402,0.5527,0.5621
100505,0,Cash loans,F,N,Y,1,96000.0,93000.0,4610.0,87800.0,Unaccompanied,Working,Incomplete higher,Civil marriage,House / apartment,-24619,-7794,-7023,-6093,0.9165,0.0658,0.6368
100506,0,Cash loans,F,Y,N,0,632000.0,726500.0,39780.0,701400.0,Unaccompanied,Commercial associate,Secondary / secondary special,Married,House / apartment,-20545,-9382,-4652,-514,0.4031,0.2928,0.0321
100507,0,Cash loans,M,Y,Y,0,189000.0,1333000.0,84890.0,1242700.0,Unaccompanied,Commercial associate,Secondary / secondary special,Married,House / apartment,-18459,-2988,-4445,-6065,0.2425,0.5894,0.3822
100508,0,Cash loans,F,Y,Y,0,495000.0,571000.0,30850.0,531600.0,Unaccompanied,Pensioner,Higher education,Married,House / apartment,-12715,-4543,-389,-809,0.5904,0.3254,0.9431
100509,1,Cash loans,F,Y,N,1,59000.0,1401500.0,68110.0,1209800.0,Unaccompanied,Working,Higher education,Married,House / apartment,-9545,-4106,-2918,-6093,0.1349,0.4924,0.609
100510,0,Cash loans,M,Y,Y,0,324000.0,962500.0,42980.0,877400.0,Unaccompanied,Working,Secondary / secondary special,Single / not married,House / apartment,-13872,-1186,-2113,-2485,0.0778,0.8648,0.3242
100511,0,Cash loans,F,N,Y,0,83000.0,1404000.0,105570.0,1308300.0,Unaccompanied,Working,Secondary / secondary special,Married,House / apartment,-11250,-6599,-1142,-1446,0.7881,0.339,0.245
100512,0,Cash loans,F,Y,Y,0,709000.0,1146500.0,66050.0,1054000.0,Unaccompanied,Working,Secondary / secondary special,Married,House / apartment,-17306,-1404,-745,-468,0.4092,0.3257,0.2069
100513,1,Cash loans,F,Y,N,0,51000.0,195500.0,12710.0,192600.0,Children,State servant,Secondary / secondary special,Married,Municipal apartment,-14785,-6610,-6151,-629,0.4972,0.7806,0.3875
100514,0,Cash loans,F,Y,Y,0,134000.0,381500.0,22740.0,376200.0,Unaccompanied,Pensioner,Secondary / secondary special,Single / not married,House / apartment,-24980,-1114,-1730,-3382,0.1761,0.3096,0.1917
100515,0,Cash loans,F,N,Y,0,261000.0,618500.0,46330.0,602000.0,Unaccompanied,Working,Secondary / secondary special,Married,House / apartment,-8947,-8512,-4385,-6538,0.0677,0.0833,0.1371
100516,0,Revolving loans,F,N,Y,0,110000.0,292500.0,18100.0,265100.0,Unaccompanied,Pensioner,Secondary / secondary special,Single / not married,House / apartment,-22345,-5948,-4123,-113,0.3557,0.1801,0.3522
100517,0,Cash loans,F,Y,N,0,120000.0,765000.0,45310.0,732600.0,Unaccompanied,Working,Secondary / secondary special,Single / not married,House / apartment,-16656,-9418,-3230,-1225,0.4858,0.9019,0.5806
100518,0,Cash loans,M,Y,N,0,669000.0,731000.0,56280.0,664700.0,Family,Pensioner,Incomplete higher,Widow,House / apartment,-15392,-8764,-11408,-6606,0.7295,0.8873,0.1476
100519,1,Cash loans,F,Y,Y,1,108000.0,1436500.0,98810.0,1271100.0,"Spouse, partner",Working,Higher education,Separated,House / apartment,-10544,-5220,-2514,-6685,0.481,0.2213,0.0517
100520,0,Cash loans,F,N,N,1,164000.0,676000.0,30060.0,609400.0,Unaccompanied,Pensioner,Higher education,Married,House / apartment,-11325,-515,-1769,-5483,0.7456,0.5303,0.0426
100521,0,Cash loans,M,N,Y,0,33000.0,1188000.0,55960.0,1022400.0,Unaccompanied,Working,Higher education,Married,House / apartment,-19192,-1968,-8299,-4342,0.1185,0.1391,0.2613
100522,0,Cash loans,F,N,Y,0,302000.0,1415500.0,101190.0,1273600.0,Unaccompanied,Working,Secondary / secondary special,Single / not married,House / apartment,-15994,-4212,-2486,-1616,0.0701,0.6442,0.1887
100523,1,Cash loans,M,Y,Y,1,182000.0,1321000.0,97010.0,1214100.0,Unaccompanied,Working,Higher education,Married,House / apartment,-21177,-1633,-4298,-3317,0.1593,0.1842,0.5169
100524,0,Cash loans,F,N,Y,0,103000.0,348500.0,21540.0,346200.0,Unaccompanied,Working,Higher education,Married,House / apartment,-16302,-8022,-8968,-6416,0.7357,0.0568,0.4384
100525,0,Cash loans,M,N,Y,0,27000.0,766500.0,47660.0,687600.0,Family,Commercial associate,Higher education,Married,House / apartment,-8085,-1562,-7992,-4640,0.7238,0.7854,0.3153
100526,0,Cash loans,F,Y,Y,1,159000.0,551000.0,35970.0,542900.0,Unaccompanied,Working,Secondary / secondary special,Married,House / apartment,-7527,-7798,-6444,-5733,0.1429,0.3159,0.7935
100527,0,Cash loans,M,N,Y,0,27000.0,627000.0,36090.0,554500.0,"Spouse, partner",Commercial associate,Secondary / secondary special,Separated,House / apartment,-12247,-1965,-6021,-5396,0.0391,0.112,0.4847
100528,0,Revolving loans,M,Y,N,0,25000.0,570000.0,38310.0,500800.0,Children,Commercial associate,Secondary / secondary special,Separated,House / apartment,-14777,-4109,-10125,-2670,0.6542,0.7939,0.096
100529,0,Cash loans,F,N,Y,1,169000.0,1247500.0,55310.0,1157500.0,"Spouse, partner",Commercial associate,Secondary / secondary special,Married,House / apartment,-24511,-8073,-6046,-5618,0.814,0.7267,0.288
100530,0,Revolving loans,F,Y,Y,0,56000.0,703000.0,55150.0,668500.0,Unaccompanied,Pensioner,Incomplete higher,Married,House / apartment,-24062,-7810,-8629,-4813,0.7189,0.6527,0.9249
100531,0,Cash loans,F,N,N,1,57000.0,807000.0,56490.0,691300.0,Unaccompanied,Working,Secondary / secondary special,Married,House / apartment,-21194,-8763,-9226,-4873,0.2006,0.8666,0.9284
100532,1,Cash loans,F,Y,Y,1,184000.0,1474500.0,96210.0,1302200.0,Unaccompanied,Commercial associate,Higher education,Married,House / apartment,-17517,-3277,-836,-3068,0.5587,0.4699,0.2494
100533,1,Cash loans,F,Y,Y,2,33000.0,132500.0,6980.0,121700.0,Unaccompanied,State servant,Secondary / secondary special,Single / not married,Rented apartment,-22020,-2965,-4702,-2537,0.7219,0.1304,0.1672
100534,0,Cash loans,F,N,N,0,81000.0,755000.0,35060.0,679200.0,Unaccompanied,Commercial associate,Secondary / secondary special,Single / not married,House / apartment,-13556,-3297,-641,-6358,0.2505,0.0677,0.4759
100535,0,Cash loans,F,N,Y,0,49000.0,1171500.0,66040.0,1121000.0,Unaccompanied,Commercial associate,Secondary / secondary special,Married,House / apartment,-18856,-2561,-3174,-3174,0.5061,0.3093,0.4626
100536,1,Cash loans,F,N,Y,0,155000.0,265000.0,17610.0,245600.0,Unaccompanied,Commercial associate,Secondary / secondary special,Married,House / apartment,-18868,-7882,-1808,-2637,0.3056,0.0916,0.3955
100537,0,Cash loans,F,Y,Y,0,188000.0,935000.0,61100.0,817200.0,Unaccompanied,Working,Secondary / secondary special,Married,House / apartment,-15782,-3681,-7653,-2222,0.222,0.5134,0.5076
100538,0,Cash loans,F,Y,N,0,217000.0,393500.0,21760.0,387300.0,Unaccompanied,Commercial associate,Secondary / secondary special,Separated,House / apartment,-14988,-8792,-6253,-51,0.9214,0.0236,0.2283
100539,0,Cash loans,F,N,Y,0,69000.0,1307000.0,84340.0,1168400.0,Unaccompanied,Pensioner,Secondary / secondary special,Married,House / apartment,-7359,-8094,-3875,-2344,0.8678,0.4271,0.118
100540,0,Cash loans,F,N,N,0,39000.0,521000.0,37800.0,500000.0,Unaccompanied,Working,Higher education,Married,House / apartment,-12731,-220,-8834,-6107,0.4289,0.1778,0.5462
100541,1,Cash loans,F,N,Y,0,37000.0,524000.0,21510.0,506700.0,Unaccompanied,Pensioner,Secondary / secondary special,Single / not married,House / apartment,-21724,-1875,-8894,-2222,0.1386,0.3562,0.8866
100542,0,Cash loans,F,Y,Y,0,108000.0,915500.0,53120.0,910400.0,Unaccompanied,Working,Higher education,Single / not married,House / apartment,-10639,-706,-2848,-5064,0.6942,0.6445,0.1395
100543,0,Cash loans,F,Y,N,1,462000.0,312000.0,21950.0,288500.0,"Spouse, partner",Working,Secondary / secondary special,Separated,Municipal apartment,-10954,-8229,-11109,-6486,0.2504,0.3399,0.6725
100544,0,Cash loans,F,N,Y,1,62000.0,459500.0,28420.0,433000.0,Unaccompanied,Pensioner,Secondary / secondary special,Married,House / apartment,-20487,-7475,-3612,-5830,0.1684,0.3309,0.4216
100545,0,Cash loans,F,N,Y,2,70000.0,651000.0,43000.0,586100.0,Unaccompanied,Pensioner,Secondary / secondary special,Married,House / apartment,-12848,-919,-7062,-4695,0.3686,0.9413,0.2863
100546,0,Cash loans,M,N,Y,0,41000.0,559500.0,33940.0,532500.0,Unaccompanied,Pensioner,Higher education,Married,House / apartment,-23885,-883,-9914,-4266,0.5081,0.6857,0.8119
100547,0,Cash loans,F,N,N,2,165000.0,808500.0,64420.0,743400.0,Unaccompanied,State servant,Secondary / secondary special,Separated,House / apartment,-14387,-1946,-9040,-3108,0.1016,0.493,0.4391
100548,0,Cash loans,F,N,Y,1,196000.0,917500.0,38700.0,840100.0,Unaccompanied,Working,Secondary / secondary special,Single / not married,House / apartment,-20634,-7660,-2554,-1658,0.5474,0.5546,0.5583
100549,0,Cash loans,M,N,Y,0,179000.0,869500.0,51860.0,850600.0,Family,Commercial associate,Higher education,Civil marriage,House / apartment,-15962,-491,-6320,-5183,0.0244,0.593,0.4265
100550,0,Cash loans,M,N,Y,0,321000.0,997000.0,43530.0,855000.0,Family,Working,Secondary / secondary special,Married,House / apartment,-15243,-7980,-1462,-3557,0.8484,0.0331,0.0864
100551,0,Cash loans,M,N,N,0,125000.0,493000.0,22870.0,484300.0,Unaccompanied,Working,Secondary / secondary special,Civil marriage,House / apartment,-10656,-1232,-5962,-4550,0.8755,0.0854,0.5692
100552,0,Cash loans,F,N,Y,0,47000.0,229000.0,12670.0,223900.0,Unaccompanied,Working,Higher education,Married,House / apartment,-17848,-4545,-6811,-4822,0.6991,0.6202,0.4037
100553,0,Cash loans,F,N,Y,0,76000.0,1152000.0,53250.0,1066700.0,Unaccompanied,Commercial associate,Secondary / secondary special,Married,House / apartment,-11273,-5418,-11974,-5528,0.4486,0.3526,0.0916
100554,0,Revolving loans,M,N,Y,0,188000.0,1283000.0,100780.0,1184900.0,Unaccompanied,Working,Secondary / secondary special,Married,House / apartment,-20320,-5662,-510,-886,0.2496,0.0621,0.5701
100555,0,Cash loans,F,Y,Y,1,167000.0,419000.0,32630.0,378900.0,Unaccompanied,Pensioner,Secondary / secondary special,Single / not married,House / apartment,-18075,-4539,-2156,-3053,0.7095,0.2897,0.0193
100556,0,Revolving loans,F,Y,Y,0,139000.0,637500.0,34070.0,636900.0,Unaccompanied,Commercial associate,Secondary / secondary special,Married,House / apartment,-11771,-776,-2919,-2802,0.8859,0.1325,0.206
100557,0,Cash loans,M,N,Y,0,197000.0,770500.0,50540.0,667800.0,Unaccompanied,Working,Secondary / secondary special,Civil marriage,House / apartment,-10423,-6351,-5191,-2197,0.159,0.8713,0.7442
100558,0,Cash loans,M,N,Y,1,177000.0,821000.0,50370.0,770500.0,Unaccompanied,Commercial associate,Secondary / secondary special,Single / not married,House / apartment,-18633,-694,-6632,-5621,0.4479,0.2007,0.0457
100559,0,Cash loans,M,Y,N,0,345000.0,1004500.0,72950.0,956500.0,Unaccompanied,Working,Higher education,Married,House / apartment,-13303,-3424,-8924,-4010,0.3063,0.1451,0.6179
100560,0,Cash loans,M,Y,N,2,157000.0,105500.0,6870.0,104500.0,Unaccompanied,Working,Secondary / secondary special,Single / not married,House / apartment,-11090,-6268,-11142,-635,0.3453,0.5986,0.9027
100561,0,Cash loans,M,N,Y,0,251000.0,1094500.0,43790.0,1058400.0,Unaccompanied,Pensioner,Secondary / secondary special,Married,House / apartment,-13821,-6526,-1237,-3014,0.3914,0.5006,0.1709
100562,0,Cash loans,F,N,N,2,68000.0,135000.0,9520.0,127800.0,Unaccompanied,Commercial associate,Higher education,Married,House / apartment,-10410,-7830,-1480,-6853,0.9047,0.5514,0.4021
100563,0,Cash loans,M,N,Y,0,195000.0,726500.0,50760.0,630300.0,Unaccompanied,Pensioner,Secondary / secondary special,Married,House / apartment,-8901,-3034,-10657,-5667,0.2531,0.4198,0.551
100564,0,Cash loans,F,N,N,0,374000.0,1249500.0,75460.0,1132100.0,Unaccompanied,Commercial associate,Secondary / secondary special,Civil marriage,House / apartment,-19088,-5133,-2010,-3885,0.4731,0.4491,0.4334
100565,0,Cash loans,F,N,Y,0,98000.0,701500.0,53400.0,610900.0,Unaccompanied,Commercial associate,Higher education,Married,House / apartment,-20012,-6863,-6897,-6421,0.9044,0.7421,0.5932
100566,0,Cash loans,M,N,Y,1,252000.0,262000.0,20000.0,257300.0,Unaccompanied,Pensioner,Secondary / secondary special,Civil marriage,Rented apartment,-21047,-6186,-5629,-2082,0.4575,0.2167,0.3899
100567,0,Cash loans,F,Y,N,1,219000.0,1478000.0,90090.0,1422500.0,Unaccompanied,Working,Secondary / secondary special,Single / not married,House / apartment,-23304,-4433,-4757,-174,0.8218,0.3827,0.1496
100568,0,Cash loans,F,N,N,0,34000.0,1339000.0,86120.0,1290300.0,Unaccompanied,Working,Incomplete higher,Married,House / apartment,-15813,-939,-7490,-1056,0.0652,0.9104,0.0937
100569,0,Cash loans,F,N,Y,2,156000.0,1167500.0,93240.0,1106600.0,Unaccompanied,Working,Lower secondary,Married,House / apartment,-17789,-2610,-2735,-1748,0.9058,0.1886,0.7098
100570,0,Revolving loans,M,N,Y,0,46000.0,643500.0,33430.0,595900.0,Unaccompanied,Working,Secondary / secondary special,Single / not married,House / apartment,-23863,-4787,-4199,-2762,0.1863,0.2861,0.2343
100571,0,Cash loans,F,N,Y,0,538000.0,312500.0,16560.0,272700.0,Unaccompanied,Working,Secondary / secondary special,Married,House / apartment,-20591,-2987,-7286,-3468,0.9311,0.1901,0.8066
100572,0,Revolving loans,M,N,Y,1,275000.0,1415000.0,66950.0,1272700.0,Unaccompanied,State servant,Secondary / secondary special,Separated,House / apartment,-23337,-3143,-10951,-2301,0.175,0.0293,0.7084
100573,0,Cash loans,F,N,Y,0,42000.0,819500.0,62150.0,713400.0,Unaccompanied,Commercial associate,Secondary / secondary special,Single / not married,House / apartment,-22985,-1731,-6200,-567,0.4277,0.2636,0.0565
100574,0,Cash loans,M,Y,Y,0,44000.0,1285000.0,89670.0,1232000.0,Unaccompanied,Commercial associate,Secondary / secondary special,Married,House / apartment,-16229,-1505,-577,-4418,0.3001,0.0537,0.1991
100575,0,Cash loans,M,N,N,2,160000.0,542500.0,23990.0,474200.0,"Spouse, partner",Working,Secondary / secondary special,Widow,House / apartment,-11019,-7732,-8079,-6156,0.4172,0.1554,0.2845
100576,1,Cash loans,F,Y,Y,2,88000.0,533000.0,42250.0,509200.0,Unaccompanied,Working,Higher education,Married,House / apartment,-23738,-6215,-11688,-6193,0.2455,0.3509,0.5688
100577,0,Revolving loans,F,Y,Y,2,30000.0,1479000.0,102400.0,1410700.0,Unaccompanied,Working,Secondary / secondary special,Separated,House / apartment,-18417,-6595,-818,-1783,0.9174,0.0295,0.7712
100578,1,Cash loans,F,N,Y,2,142000.0,804500.0,59550.0,739300.0,Unaccompanied,Commercial associate,Higher education,Married,House / apartment,-19134,-2589,-7188,-6759,0.2974,0.7178,0.0667
100579,0,Cash loans,M,N,Y,0,99000.0,249500.0,10460.0,217100.0,Unaccompanied,Working,Secondary / secondary special,Single / not married,House / apartment,-11155,-4590,-4174,-2143,0.6241,0.7579,0.2446
100580,0,Cash loans,F,N,Y,1,41000.0,364500.0,21940.0,327000.0,Unaccompanied,Working,Secondary / secondary special,Married,House / apartment,-20669,-105,-1889,-4438,0.1392,0.3967,0.3636
100581,0,Cash loans,M,Y,Y,0,268000.0,746000.0,50690.0,669900.0,Family,Commercial associate,Secondary / secondary special,Single / not married,House / apartment,-10051,-2681,-558,-6999,0.7849,0.9356,0.1824
100582,1,Cash loans,F,Y,N,3,395000.0,107000.0,6600.0,102200.0,Unaccompanied,Pensioner,Secondary / secondary special,Married,House / apartment,-8024,-8511,-2933,-2240,0.52,0.6483,0.5226
100583,0,Cash loans,M,Y,N,0,237000.0,718000.0,47870.0,622600.0,Unaccompanied,Working,Secondary / secondary special,Married,With parents,-16745,-8303,-9811,-2558,0.9307,0.7091,0.4593
100584,0,Cash loans,M,N,Y,0,284000.0,654500.0,47590.0,637700.0,Unaccompanied,Pensioner,Higher education,Married,House / apartment,-16669,-2942,-6831,-1474,0.408,0.1908,0.3075
100585,0,Cash loans,M,Y,Y,0,62000.0,1179000.0,64810.0,1136700.0,Unaccompanied,Commercial associate,Secondary / secondary special,Civil marriage,House / apartment,-16788,-5604,-5949,-5244,0.1937,0.7972,0.4959
100586,0,Cash loans,M,N,Y,0,71000.0,561500.0,41520.0,493000.0,Family,Commercial associate,Secondary / secondary special,Married,House / apartment,-15349,-6947,-7643,-4102,0.3353,0.8983,0.3445
100587,0,Cash loans,F,N,N,0,60000.0,1474500.0,68590.0,1412400.0,Unaccompanied,Working,Secondary / secondary special,Single / not married,House / apartment,-20657,-8749,-69,-329,0.7027,0.2321,0.3326
100588,0,Cash loans,F,N,N,1,242000.0,308000.0,15660.0,292700.0,Unaccompanied,Working,Secondary / secondary special,Civil marriage,House / apartment,-23533,-8458,-1189,-4178,0.6296,0.6553,0.2595
100589,0,Cash loans,M,N,Y,1,468000.0,905000.0,37770.0,870800.0,Family,Working,Secondary / secondary special,Separated,House / apartment,-8629,-7383,-2902,-5655,0.7416,0.7121,0.518
100590,0,Cash loans,M,Y,Y,0,214000.0,175500.0,9580.0,154100.0,Unaccompanied,State servant,Higher education,Married,House / apartment,-19838,-2073,-4340,-2673,0.0791,0.2969,0.4275
100591,0,Cash loans,F,N,N,1,345000.0,1113000.0,61430.0,972400.0,Unaccompanied,Working,Secondary / secondary special,Separated,House / apartment,-21353,-2295,-11308,-4622,0.5555,0.4565,0.1945
100592,0,Cash loans,F,N,Y,0,178000.0,1492500.0,107770.0,1321600.0,Family,State servant,Secondary / secondary special,Married,House / apartment,-21835,-7674,-8875,-5232,0.8862,0.1017,0.0222
100593,0,Cash loans,F,N,Y,0,99000.0,1237000.0,81800.0,1119300.0,Unaccompanied,Working,Higher education,Single / not married,House / apartment,-16661,-8243,-5895,-6583,0.1114,0.1727,0.1519
100594,0,Cash loans,F,Y,N,0,108000.0,853500.0,49050.0,827100.0,Unaccompanied,Working,Higher education,Single / not married,House / apartment,-14357,-7652,-7550,-889,0.0987,0.0679,0.0503
100595,0,Cash loans,F,Y,N,1,37000.0,750500.0,49600.0,721000.0,Unaccompanied,Working,Secondary / secondary special,Married,House / apartment,-18931,-3928,-5697,-761,0.6836,0.5366,0.4157
100596,0,Cash loans,F,N,Y,1,30000.0,1260000.0,53060.0,1245900.0,Unaccompanied,Working,Higher education,Married,House / apartment,-17859,-5185,-3910,-1023,0.3063,0.5977,0.2216
100597,0,Cash loans,M,N,Y,0,203000.0,1407000.0,66430.0,1208300.0,Unaccompanied,Pensioner,Secondary / secondary special,Married,House / apartment,-11594,-4837,-11964,-1680,0.6291,0.8712,0.4052
100598,0,Cash loans,F,N,Y,0,112000.0,1484500.0,96610.0,1264400.0,Unaccompanied,Pensioner,Higher education,Married,House / apartment,-16956,-339,-8262,-6162,0.5227,0.5197,0.3197
100599,0,Cash loans,F,Y,Y,0,146000.0,622000.0,40840.0,593900.0,"Spouse, partner",Commercial associate,Secondary / secondary special,Separated,House / apartment,-20670,-9208,-5984,-6152,0.9369,0.255,0.5157
100600,0,Cash loans,F,N,Y,0,147000.0,1487000.0,105530.0,1326200.0,"Spouse, partner",Commercial associate,Secondary / secondary special,Married,House / apartment,-15449,-3052,-7715,-5951,0.8457,0.0659,0.6904
100601,0,Cash loans,F,N,Y,0,74000.0,272000.0,15260.0,244800.0,Family,Commercial associate,Secondary / secondary special,Separated,House / apartment,-21778,-955,-9454,-3256,0.6474,0.8419,0.4606
100602,0,Cash loans,M,N,N,0,122000.0,414000.0,28530.0,385900.0,Unaccompanied,State servant,Secondary / secondary special,Married,House / apartment,-8423,-3338,-7747,-1061,0.256,0.4601,0.0682
100603,0,Cash loans,M,N,N,0,120000.0,174500.0,11750.0,151000.0,"Spouse, partner",Working,Secondary / secondary special,Widow,House / apartment,-23948,-653,-2155,-6866,0.2562,0.7031,0.0265
100604,0,Cash loans,F,Y,Y,2,99000.0,440500.0,34590.0,416900.0,Unaccompanied,Pensioner,Higher education,Single / not married,House / apartment,-22666,-8234,-7956,-903,0.8393,0.0238,0.2104
100605,0,Cash loans,M,N,Y,0,283000.0,1162500.0,56500.0,1044800.0,Unaccompanied,Commercial associate,Higher education,Civil marriage,House / apartment,-14174,-9520,-9563,-133,0.5602,0.4689,0.4095
100606,0,Cash loans,M,N,Y,0,115000.0,1286000.0,79820.0,1215200.0,Unaccompanied,State servant,Secondary / secondary special,Married,Municipal apartment,-11066,-8486,-1915,-6064,0.7519,0.3162,0.0522
100607,0,Cash loans,M,N,Y,0,164000.0,1178500.0,75510.0,1149200.0,Unaccompanied,Pensioner,Secondary / secondary special,Married,House / apartment,-15887,-7438,-7918,-1125,0.4329,0.0385,0.3181
100608,0,Cash loans,F,N,Y,1,364000.0,963000.0,76990.0,843300.0,Unaccompanied,State servant,Secondary / secondary special,Married,House / apartment,-14356,-6094,-11997,-1964,0.1069,0.7391,0.8438
100609,0,Cash loans,M,Y,Y,1,327000.0,793000.0,38100.0,784800.0,Family,Commercial associate,Secondary / secondary special,Married,House / apartment,-15599,-9717,-4351,-5268,0.3227,0.4921,0.0946
100610,0,Cash loans,F,N,N,1,357000.0,1076000.0,65560.0,1000300.0,Unaccompanied,Working,Incomplete higher,Married,House / apartment,-10863,-2793,-7468,-2039,0.1615,0.3232,0.9016
100611,0,Cash loans,F,Y,Y,0,72000.0,613500.0,33040.0,606400.0,Unaccompanied,Working,Secondary / secondary special,Single / not married,House / apartment,-18398,-2071,-7067,-4188,0.7449,0.7675,0.8153
100612,0,Cash loans,F,Y,N,1,30000.0,1269000.0,77450.0,1118200.0,Unaccompanied,Commercial associate,Secondary / secondary special,Married,House / apartment,-15149,-5502,-5264,-2849,0.6685,0.4301,0.7919
100613,0,Cash loans,F,N,N,0,70000.0,1030500.0,50790.0,969400.0,Family,Pensioner,Secondary / secondary special,Married,House / apartment,-21071,-8791,-5795,-3211,0.0931,0.0133,0.8218
100614,0,Cash loans,F,N,Y,0,74000.0,1060500.0,44440.0,965700.0,Unaccompanied,Working,Secondary / secondary special,Married,With parents,-13335,-4214,-9739,-3366,0.5941,0.8978,0.0852
100615,0,Cash loans,F,N,Y,0,385000.0,825000.0,51890.0,797100.0,Unaccompanied,Working,Secondary / secondary special,Married,House / apartment,-22404,-3873,-4455,-2911,0.8317,0.2503,0.1521
100616,1,Cash loans,F,Y,N,0,182000.0,1333000.0,71230.0,1254200.0,Unaccompanied,Working,Secondary / secondary special,Married,House / apartment,-15259,-3747,-7691,-4869,0.6655,0.7907,0.1363
100617,0,Cash loans,M,N,N,2,38000.0,411500.0,19450.0,380300.0,Unaccompanied,Pensioner,Secondary / secondary special,Single / not married,House / apartment,-10496,-8009,-11747,-2591,0.4904,0.7774,0.1146
100618,0,Cash loans,M,N,Y,1,47000.0,599500.0,31750.0,591700.0,"Spouse, partner",Working,Secondary / secondary special,Married,House / apartment,-24869,-2966,-1213,-4283,0.3032,0.1626,0.318
100619,0,Cash loans,F,N,Y,0,50000.0,1176500.0,49380.0,1066600.0,Unaccompanied,Commercial associate,Secondary / secondary special,Single / not married,House / apartment,-11431,-786,-6439,-2183,0.8439,0.4556,0.7904
100620,0,Cash loans,M,Y,Y,0,174000.0,762000.0,59450.0,672800.0,Unaccompanied,Working,Secondary / secondary special,Married,House / apartment,-7712,-2167,-10332,-4261,0.4074,0.0478,0.2468
100621,0,Cash loans,M,N,N,0,224000.0,1339000.0,84690.0,1260300.0,Unaccompanied,Working,Secondary / secondary special,Civil marriage,House / apartment,-15974,-6007,-9052,-3548,0.8141,0.3433,0.2396
100622,0,Cash loans,M,N,Y,0,320000.0,549000.0,39850.0,518000.0,Family,State servant,Higher education,Married,House / apartment,-18451,-547,-9181,-244,0.746,0.6971,0.6453
100623,0,Cash loans,F,N,Y,0,449000.0,582500.0,33160.0,533500.0,Unaccompanied,Working,Secondary / secondary special,Civil marriage,House / apartment,-11147,-9416,-2923,-5302,0.7773,0.2328,0.1011
100624,0,Revolving loans,M,N,N,2,59000.0,1338000.0,101870.0,1235000.0,Unaccompanied,Working,Higher education,Married,House / apartment,-16094,-393,-1432,-5128,0.9404,0.1201,0.3487
100625,0,Cash loans,M,Y,Y,2,81000.0,720500.0,42750.0,716100.0,Unaccompanied,Working,Secondary / secondary special,Married,House / apartment,-8381,-4260,-340,-5555,0.7138,0.4867,0.2877
100626,0,Revolving loans,M,N,Y,0,66000.0,796000.0,50110.0,764100.0,Unaccompanied,Working,Secondary / secondary special,Married,House / apartment,-15516,-2646,-7381,-1179,0.042,0.5148,0.8065
100627,0,Cash loans,F,Y,Y,1,92000.0,529000.0,31570.0,458400.0,"Spouse, partner",Commercial associate,Secondary / secondary special,Civil marriage,House / apartment,-15689,-8367,-10569,-4925,0.2031,0.6453,0.4936
100628,0,Cash loans,F,Y,N,0,394000.0,447500.0,31030.0,394600.0,"Spouse, partner",Working,Secondary / secondary special,Single / not married,House / apartment,-15914,-7144,-1198,-6831,0.0431,0.7236,0.6177
100629,0,Cash loans,F,N,Y,0,153000.0,999500.0,62630.0,995800.0,"Spouse, partner",Commercial associate,Higher education,Married,With parents,-24825,-3875,-9659,-6257,0.1885,0.6641,0.1313
100630,0,Cash loans,F,Y,Y,0,226000.0,219500.0,11160.0,210500.0,"Spouse, partner",Working,Secondary / secondary special,Married,House / apartment,-17545,-9591,-4296,-1778,0.0678,0.8047,0.8832
100631,0,Cash loans,F,N,Y,0,126000.0,1324500.0,60690.0,1307600.0,Family,Pensioner,Secondary / secondary special,Married,House / apartment,-24804,-4278,-8186,-6310,0.4815,0.2195,0.3131
100632,0,Cash loans,F,N,Y,1,29000.0,1178500.0,75710.0,1055400.0,Unaccompanied,Pensioner,Higher education,Married,House / apartment,-19659,-3634,-4193,-2535,0.0365,0.5456,0.6744
100633,0,Cash loans,M,Y,Y,0,35000.0,322500.0,19210.0,310000.0,Family,State servant,Secondary / secondary special,Married,House / apartment,-11827,-2153,-8113,-436,0.4542,0.3485,0.9073
100634,0,Cash loans,M,N,Y,0,141000.0,1055000.0,46250.0,1009700.0,Unaccompanied,State servant,Secondary / secondary special,Single / not married,House / apartment,-19967,-7212,-9483,-2270,0.8549,0.9144,0.4881
100635,0,Cash loans,F,N,Y,0,215000.0,922000.0,51470.0,824500.0,Unaccompanied,Working,Secondary / secondary special,Separated,House / apartment,-13993,-1799,-4934,-6334,0.7137,0.4239,0.4871
100636,0,Cash loans,M,N,N,2,61000.0,313500.0,19000.0,292400.0,Unaccompanied,Working,Secondary / secondary special,Widow,House / apartment,-12203,-2618,-8543,-5906,0.8973,0.9121,0.1202
100637,0,Revolving loans,F,Y,N,0,217000.0,442500.0,32340.0,417800.0,"Spouse, partner",Commercial associate,Secondary / secondary special,Single / not married,House / apartment,-7355,-5668,-6610,-1824,0.223,0.7329,0.3769
100638,0,Cash loans,M,N,Y,1,275000.0,640000.0,27550.0,590200.0,Unaccompanied,Working,Secondary / secondary special,Married,House / apartment,-20714,-6932,-9493,-6719,0.5092,0.6854,0.8113
100639,0,Revolving loans,M,N,Y,1,105000.0,1062500.0,57310.0,1035000.0,Family,Working,Higher education,Married,House / apartment,-9563,-8661,-11831,-793,0.3095,0.4721,0.137
100640,0,Cash loans,M,N,Y,0,231000.0,974500.0,71050.0,950100.0,Unaccompanied,Working,Higher education,Married,House / apartment,-15782,-3839,-3087,-4268,0.4742,0.4268,0.8725
100641,0,Cash loans,M,Y,N,0,103000.0,819500.0,54040.0,801100.0,Unaccompanied,Working,Secondary / secondary special,Married,House / apartment,-22350,-4473,-6073,-1280,0.5337,0.505,0.6373
100642,0,Cash loans,F,Y,Y,1,195000.0,1163000.0,60010.0,1128700.0,Unaccompanied,Commercial associate,Secondary / secondary special,Married,House / apartment,-24518,-439,-455,-1738,0.044,0.286,0.4057
100643,0,Cash loans,M,N,Y,0,242000.0,1148000.0,84740.0,1059800.0,Unaccompanied,Working,Secondary / secondary special,Widow,House / apartment,-12570,-2962,-5853,-449,0.2293,0.8602,0.5237
100644,0,Cash loans,F,Y,Y,2,748000.0,944000.0,56390.0,856400.0,Unaccompanied,Working,Secondary / secondary special,Civil marriage,House / apartment,-21572,-713,-3250,-1954,0.6725,0.7567,0.1515
100645,0,Cash loans,M,N,Y,0,89000.0,1190000.0,71320.0,1159900.0,Unaccompanied,Commercial associate,Secondary / secondary special,Married,House / apartment,-21826,-1203,-9349,-6220,0.7366,0.7633,0.2144
100646,0,Cash loans,M,N,Y,0,104000.0,531500.0,42020.0,490900.0,Family,Working,Higher education,Married,House / apartment,-22042,-9084,-257,-614,0.5453,0.4172,0.2792
100647,0,Revolving loans,M,Y,Y,1,52000.0,1327000.0,103350.0,1177000.0,Unaccompanied,State servant,Higher education,Civil marriage,House / apartment,-17406,-6846,-10301,-4321,0.2646,0.0768,0.3718
100648,0,Cash loans,F,Y,Y,1,59000.0,939500.0,51050.0,870100.0,Unaccompanied,Working,Secondary / secondary special,Civil marriage,House / apartment,-18093,-8358,-481,-738,0.3908,0.6521,0.8706
100649,0,Cash loans,M,Y,N,3,202000.0,1241500.0,56640.0,1081700.0,Unaccompanied,Commercial associate,Secondary / secondary special,Married,House / apartment,-8801,-4611,-4730,-1631,0.1003,0.3619,0.3555
100650,0,Cash loans,F,Y,Y,0,398000.0,840000.0,44540.0,801100.0,Unaccompanied,Working,Secondary / secondary special,Single / not married,House / apartment,-22595,-7412,-11305,-5036,0.906,0.8282,0.5024
100651,0,Cash loans,F,N,Y,2,100000.0,363000.0,14960.0,326800.0,Unaccompanied,Working,Secondary / secondary special,Single / not married,House / apartment,-22853,-5505,-1396,-4171,0.8266,0.7435,0.1623
100652,0,Cash loans,M,Y,Y,1,55000.0,834000.0,34050.0,741500.0,Unaccompanied,Working,Secondary / secondary special,Married,House / apartment,-18813,-670,-5418,-3665,0.0717,0.1466,0.7018
100653,0,Cash loans,F,N,Y,1,75000.0,585000.0,32660.0,581200.0,Unaccompanied,Working,Secondary / secondary special,Married,House / apartment,-11436,-8831,-5171,-68,0.1665,0.5756,0.5367
100654,0,Cash loans,M,N,Y,0,116000.0,1060000.0,82300.0,1024500.0,Unaccompanied,Pensioner,Secondary / secondary special,Civil marriage,House / apartment,-22005,-5456,-6073,-1874,0.5562,0.6607,0.4235
100655,0,Cash loans,F,N,Y,0,77000.0,737500.0,55210.0,713900.0,Unaccompanied,Commercial associate,Secondary / secondary special,Single / not married,With parents,-23703,-216,-7059,-6558,0.2285,0.544,0.9004
100656,0,Cash loans,F,N,Y,2,65000.0,1261500.0,76270.0,1190300.0,Family,Working,Secondary / secondary special,Married,House / apartment,-24716,-7324,-6455,-6874,0.8883,0.4932,0.8472
100657,0,Cash loans,M,N,Y,0,225000.0,1031500.0,64580.0,1006600.0,Unaccompanied,Working,Lower secondary,Single / not married,House / apartment,-16316,-3131,-10818,-6505,0.7203,0.2242,0.6299
100658,0,Cash loans,F,N,Y,0,26000.0,1041000.0,41890.0,1003400.0,Unaccompanied,Working,Secondary / secondary special,Single / not married,House / apartment,-21247,-3556,-6202,-869,0.2669,0.2318,0.8765
100659,0,Cash loans,F,N,Y,0,141000.0,361000.0,17550.0,339300.0,Unaccompanied,Working,Secondary / secondary special,Civil marriage,House / apartment,-19153,-3151,-6178,-1393,0.0157,0.7319,0.5409
100660,0,Cash loans,M,N,N,0,262000.0,1477000.0,60540.0,1468400.0,Unaccompanied,Working,Secondary / secondary special,Married,House / apartment,-21653,-9926,-647,-3470,0.7615,0.0276,0.7873
100661,0,Cash loans,F,N,Y,0,71000.0,1269500.0,89100.0,1115600.0,Unaccompanied,State servant,Secondary / secondary special,Widow,With parents,-8047,-8533,-1611,-5933,0.4086,0.7422,0.3949
100662,1,Cash loans,F,N,Y,0,164000.0,1193000.0,54670.0,1182900.0,Unaccompanied,Working,Incomplete higher,Married,House / apartment,-17858,-8756,-10460,-3191,0.6138,0.5052,0.0915
100663,0,Cash loans,F,N,Y,1,191000.0,525500.0,39290.0,478300.0,Unaccompanied,Commercial associate,Secondary / secondary special,Married,House / apartment,-23371,-7907,-3884,-3119,0.2798,0.89,0.9445
100664,0,Cash loans,M,Y,Y,0,185000.0,824500.0,54200.0,766200.0,Unaccompanied,Commercial associate,Higher education,Single / not married,House / apartment,-14304,-7402,-10946,-2115,0.1443,0.9475,0.1657
100665,0,Cash loans,M,Y,Y,0,114000.0,244500.0,12020.0,212300.0,"Spouse, partner",Pensioner,Secondary / secondary special,Married,House / apartment,-24651,-1978,-4982,-3965,0.6448,0.6337,0.2464
100666,0,Cash loans,M,Y,Y,0,89000.0,828500.0,38370.0,771300.0,Family,Working,Secondary / secondary special,Married,House / apartment,-22941,-4981,-3586,-376,0.4333,0.3975,0.1633
100667,0,Cash loans,F,N,N,0,296000.0,257500.0,16760.0,242500.0,Family,Pensioner,Secondary / secondary special,Separated,House / apartment,-10847,-4736,-11576,-5504,0.2311,0.4566,0.3272
100668,0,Cash loans,M,Y,Y,0,238000.0,849500.0,64590.0,849200.0,Unaccompanied,Pensioner,Secondary / secondary special,Single / not married,Municipal apartment,-10315,-2634,-7673,-2323,0.1394,0.202,0.2819
100669,0,Cash loans,M,N,Y,1,83000.0,989000.0,67980.0,985300.0,Unaccompanied,Working,Secondary / secondary special,Married,House / apartment,-9323,-3909,-6080,-2815,0.5557,0.1033,0.575
100670,0,Cash loans,M,N,N,0,41000.0,612500.0,33040.0,609400.0,Unaccompanied,Working,Higher education,Married,House / apartment,-15892,-8863,-758,-1941,0.692,0.554,0.9467
100671,0,Cash loans,F,N,N,2,36000.0,770500.0,48920.0,695200.0,Unaccompanied,State servant,Secondary / secondary special,Married,House / apartment,-17812,-5705,-632,-204,0.2769,0.7672,0.0594
100672,0,Cash loans,M,Y,Y,0,40000.0,1319000.0,69160.0,1317300.0,Unaccompanied,Pensioner,Secondary / secondary special,Married,House / apartment,-10624,-7833,-7848,-744,0.701,0.2561,0.7417
100673,0,Cash loans,M,N,Y,0,156000.0,203000.0,16230.0,186400.0,Unaccompanied,Working,Secondary / secondary special,Widow,House / apartment,-18179,-3741,-11776,-3136,0.1821,0.4045,0.1303
100674,0,Cash loans,F,N,Y,0,33000.0,1197000.0,83730.0,1170400.0,Unaccompanied,Commercial associate,Secondary / secondary special,Single / not married,House / apartment,-10975,-756,-329,-5948,0.3281,0.5315,0.0286
100675,0,Cash loans,F,N,Y,0,87000.0,293500.0,18950.0,259000.0,Family,Working,Secondary / secondary special,Widow,Rented apartment,-17411,-3251,-11211,-1549,0.7102,0.8634,0.6103
100676,1,Cash loans,M,Y,Y,1,235000.0,98500.0,5610.0,91200.0,Unaccompanied,Working,Secondary / secondary special,Married,House / apartment,-23689,-9240,-5446,-4420,0.6305,0.1403,0.8309
100677,0,Cash loans,F,N,Y,1,77000.0,315000.0,20390.0,313400.0,Unaccompanied,Working,Secondary / secondary special,Single / not married,House / apartment,-12833,-4210,-8201,-2425,0.2643,0.2327,0.1757
100678,0,Cash loans,M,N,N,0,241000.0,1158000.0,62140.0,1148800.0,Unaccompanied,Working,Secondary / secondary special,Married,House / apartment,-17013,-7307,-10366,-2864,0.1248,0.8734,0.3311
100679,1,Cash loans,M,N,Y,0,230000.0,634500.0,26110.0,604400.0,Unaccompanied,Commercial associate,Higher education,Single / not married,Municipal apartment,-12475,-406,-984,-3973,0.0499,0.0472,0.1686
100680,0,Cash loans,F,N,Y,0,67000.0,1314500.0,73350.0,1274600.0,Unaccompanied,Pensioner,Higher education,Married,House / apartment,-11178,-8996,-668,-4776,0.7976,0.6267,0.8621
100681,0,Cash loans,F,N,Y,0,221000.0,808500.0,62430.0,708600.0,Unaccompanied,Pensioner,Secondary / secondary special,Married,House / apartment,-16313,-4592,-10470,-670,0.0806,0.6112,0.2641
100682,0,Cash loans,F,N,N,2,232000.0,77500.0,5040.0,74300.0,Unaccompanied,Working,Lower secondary,Married,House / apartment,-10393,-8969,-441,-6771,0.118,0.3703,0.428
100683,0,Cash loans,M,Y,Y,0,101000.0,1088000.0,47170.0,1025700.0,Unaccompanied,Pensioner,Higher education,Married,House / apartment,-22076,-8502,-2925,-3417,0.2334,0.4501,0.8511
100684,0,Cash loans,F,N,Y,1,60000.0,205500.0,15490.0,177500.0,Unaccompanied,Working,Secondary / secondary special,Single / not married,House / apartment,-18604,-4594,-4020,-3065,0.4289,0.8136,0.5297
100685,1,Cash loans,M,Y,Y,0,135000.0,1193500.0,60580.0,1034700.0,Unaccompanied,Working,Secondary / secondary special,Single / not married,House / apartment,-24541,-1496,-5677,-1727,0.7524,0.1651,0.8869
100686,0,Cash loans,F,N,Y,0,407000.0,289500.0,14400.0,250800.0,Unaccompanied,Pensioner,Secondary / secondary special,Single / not married,House / apartment,-14918,-3560,-8465,-5976,0.2426,0.2277,0.8809
100687,0,Cash loans,F,N,Y,0,178000.0,547500.0,28410.0,524900.0,Unaccompanied,Working,Secondary / secondary special,Widow,House / apartment,-15277,-4453,-4713,-6578,0.5209,0.4916,0.4439
100688,0,Cash loans,F,N,Y,0,53000.0,1152500.0,72710.0,1004100.0,Unaccompanied,Working,Higher education,Married,House / apartment,-9850,-2262,-9218,-4026,0.095,0.3952,0.5574
100689,0,Cash loans,F,N,Y,1,197000.0,1433500.0,88570.0,1319000.0,Family,Working,Higher education,Married,House / apartment,-8525,-7776,-2373,-2932,0.4466,0.5499,0.2265
100690,0,Cash loans,M,N,Y,0,109000.0,585500.0,34930.0,529000.0,Unaccompanied,Working,Higher education,Civil marriage,House / apartment,-23311,-4644,-9749,-6064,0.177,0.8756,0.9411
100691,0,Cash loans,F,Y,Y,1,159000.0,1252000.0,86010.0,1167600.0,Unaccompanied,Pensioner,Secondary / secondary special,Married,House / apartment,-16145,-3248,-3126,-3814,0.2085,0.8721,0.2716
100692,0,Cash loans,F,N,Y,0,224000.0,322500.0,16980.0,308300.0,"Spouse, partner",State servant,Secondary / secondary special,Married,House / apartment,-14753,-927,-2933,-1703,0.3548,0.2262,0.7463
100693,0,Cash loans,F,Y,Y,2,134000.0,1219500.0,86930.0,1161800.0,Family,Pensioner,Secondary / secondary special,Civil marriage,House / apartment,-16831,-2755,-8639,-3086,0.7257,0.294,0.3042
100694,0,Cash loans,F,Y,Y,0,277000.0,1001500.0,47080.0,928700.0,Children,Pensioner,Secondary / secondary special,Married,House / apartment,-11856,-6811,-3368,-3264,0.7093,0.1623,0.3043
100695,0,Revolving loans,F,N,Y,1,217000.0,325500.0,23210.0,299300.0,Unaccompanied,Commercial associate,Secondary / secondary special,Married,House / apartment,-10017,-8791,-11885,-5352,0.4001,0.8821,0.1076
100696,0,Cash loans,M,Y,Y,1,168000.0,485000.0,32280.0,441200.0,Unaccompanied,Pensioner,Secondary / secondary special,Married,House / apartment,-10692,-9353,-6516,-4541,0.1216,0.384,0.5363
100697,0,Cash loans,F,Y,N,2,50000.0,236500.0,15920.0,231600.0,Unaccompanied,Working,Secondary / secondary special,Married,House / apartment,-20786,-7964,-3806,-53,0.2739,0.4327,0.2401
100698,0,Cash loans,F,N,Y,0,296000.0,602000.0,35680.0,541600.0,Unaccompanied,Pensioner,Secondary / secondary special,Married,Rented apartment,-16554,-7625,-5255,-691,0.485,0.7645,0.1495
100699,0,Cash loans,F,Y,Y,1,437000.0,341500.0,22770.0,303600.0,Children,Working,Higher education,Married,Municipal apartment,-13422,-5270,-8066,-6066,0.8272,0.4922,0.2231
100700,0,Cash loans,M,N,Y,0,47000.0,982000.0,42410.0,944200.0,Unaccompanied,Pensioner,Secondary / secondary special,Married,House / apartment,-18024,-3596,-11509,-4099,0.9202,0.1226,0.246
100701,0,Cash loans,F,N,N,0,125000.0,1492000.0,110500.0,1348700.0,Family,Working,Higher education,Married,House / apartment,-17100,-6194,-8261,-256,0.6092,0.4216,0.4838
100702,0,Revolving loans,F,Y,N,0,70000.0,62500.0,2640.0,61100.0,Unaccompanied,Commercial associate,Lower secondary,Married,House / apartment,-24765,-4322,-10769,-3432,0.3396,0.6027,0.3728
100703,0,Cash loans,M,N,Y,0,236000.0,832000.0,38230.0,748100.0,Unaccompanied,Commercial associate,Higher education,Single / not married,House / apartment,-13939,-9418,-4585,-833,0.6618,0.6861,0.081
100704,0,Cash loans,F,N,Y,3,217000.0,879500.0,55470.0,840200.0,Family,State servant,Higher education,Married,House / apartment,-20745,-2089,-4598,-2529,0.3261,0.6166,0.5139
100705,0,Cash loans,F,N,Y,0,48000.0,1375000.0,95670.0,1178100.0,Unaccompanied,Pensioner,Secondary / secondary special,Married,House / apartment,-12050,-6679,-11248,-5794,0.5979,0.122,0.7505
100706,1,Cash loans,F,Y,Y,0,339000.0,781000.0,33620.0,709000.0,Children,Working,Secondary / secondary special,Married,House / apartment,-21120,-5604,-5817,-6604,0.2391,0.2961,0.5498
100707,0,Cash loans,M,Y,N,0,55000.0,836000.0,64230.0,753600.0,Unaccompanied,Commercial associate,Higher education,Married,House / apartment,-9954,-4280,-116,-2896,0.261,0.6996,0.9261
100708,0,Cash loans,F,N,Y,0,264000.0,731500.0,57750.0,711400.0,Unaccompanied,Working,Higher education,Married,House / apartment,-23839,-1482,-1813,-1161,0.0807,0.8374,0.1032
100709,0,Cash loans,M,Y,Y,0,117000.0,436500.0,28040.0,434300.0,Unaccompanied,Working,Secondary / secondary special,Married,House / apartment,-10369,-4267,-903,-3522,0.4049,0.0544,0.7819
100710,0,Cash loans,F,Y,N,0,85000.0,126500.0,7500.0,116300.0,Family,Working,Higher education,Single / not married,House / apartment,-21013,-3266,-8685,-5443,0.5911,0.0497,0.4854
100711,0,Cash loans,F,N,N,0,51000.0,639500.0,44540.0,622700.0,Unaccompanied,Working,Secondary / secondary special,Married,House / apartment,-14963,-2735,-6205,-472,0.7515,0.6148,0.5003
100712,0,Cash loans,F,N,Y,0,53000.0,121500.0,6460.0,116000.0,Unaccompanied,Commercial associate,Secondary / secondary special,Separated,House / apartment,-13603,-5645,-3858,-5860,0.7717,0.5252,0.498
100713,0,Cash loans,F,Y,Y,2,188000.0,846000.0,50530.0,841900.0,Unaccompanied,Pensioner,Secondary / secondary special,Married,House / apartment,-13442,-9321,-2683,-2026,0.9429,0.156,0.3158
100714,0,Cash loans,M,Y,Y,1,145000.0,492000.0,37710.0,478100.0,Unaccompanied,Pensioner,Secondary / secondary special,Married,House / apartment,-16968,-5309,-4175,-1637,0.0925,0.5254,0.3151
100715,0,Cash loans,F,Y,N,2,45000.0,821500.0,64260.0,707800.0,Unaccompanied,Working,Secondary / secondary special,Married,House / apartment,-11055,-9910,-3730,-3548,0.4735,0.926,0.6039
100716,1,Cash loans,F,N,N,0,43000.0,240500.0,18540.0,230200.0,Unaccompanied,Working,Secondary / secondary special,Single / not married,House / apartment,-22729,-9527,-6628,-2240,0.5001,0.603,0.0521
100717,0,Cash loans,F,N,Y,0,36000.0,1402000.0,70800.0,1304300.0,Unaccompanied,Working,Secondary / secondary special,Married,House / apartment,-8130,-5482,-5141,-2354,0.7663,0.4322,0.5635
100718,1,Revolving loans,M,N,N,0,229000.0,1346500.0,66380.0,1147800.0,Unaccompanied,Working,Higher education,Married,Rented apartment,-20925,-4083,-5443,-4854,0.2604,0.7879,0.6911
100719,0,Cash loans,F,N,N,0,212000.0,321500.0,16690.0,285400.0,Family,Working,Secondary / secondary special,Married,House / apartment,-13874,-1505,-1540,-905,0.0752,0.2101,0.3449
100720,0,Cash loans,M,N,Y,0,34000.0,544500.0,31390.0,538100.0,Unaccompanied,Working,Secondary / secondary special,Single / not married,House / apartment,-20993,-7837,-8088,-6364,0.3049,0.3995,0.2143
100721,1,Cash loans,F,Y,Y,0,148000.0,937500.0,49280.0,927100.0,Family,Commercial associate,Secondary / secondary special,Separated,House / apartment,-13421,-6300,-7959,-6315,0.9349,0.5061,0.2106
100722,0,Cash loans,F,N,N,0,38000.0,184000.0,10110.0,178400.0,Unaccompanied,Commercial associate,Secondary / secondary special,Separated,House / apartment,-22826,-5842,-625,-1183,0.8555,0.4843,0.0869
100723,0,Cash loans,F,Y,Y,0,376000.0,561000.0,36370.0,559500.0,"Spouse, partner",Commercial associate,Secondary / secondary special,Married,House / apartment,-8642,-6811,-5972,-2219,0.3815,0.8757,0.0943
100724,0,Cash loans,F,N,Y,1,381000.0,410500.0,28940.0,398600.0,Unaccompanied,Working,Secondary / secondary special,Married,House / apartment,-17656,-9839,-6162,-5182,0.8337,0.2851,0.1667
100725,0,Cash loans,F,N,N,0,205000.0,1377000.0,95590.0,1172600.0,Unaccompanied,Commercial associate,Higher education,Civil marriage,House / apartment,-18236,-1984,-6797,-3644,0.0408,0.0631,0.028
100726,0,Cash loans,F,N,N,0,416000.0,1285500.0,93300.0,1148200.0,Family,Pensioner,Secondary / secondary special,Married,House / apartment,-19790,-5272,-4858,-1088,0.3054,0.8714,0.2603
100727,0,Cash loans,M,N,Y,0,275000.0,888500.0,36680.0,759300.0,Unaccompanied,Working,Secondary / secondary special,Married,House / apartment,-9144,-2284,-837,-1192,0.6932,0.214,0.298
100728,0,Cash loans,M,N,Y,0,290000.0,802000.0,33610.0,693000.0,Unaccompanied,Working,Higher education,Single / not married,House / apartment,-20549,-6417,-10207,-2128,0.2182,0.3663,0.9455
100729,0,Cash loans,M,Y,Y,0,151000.0,1399000.0,100130.0,1235100.0,Children,Working,Incomplete higher,Married,House / apartment,-24145,-7103,-2015,-6902,0.1965,0.509,0.9422
100730,0,Cash loans,F,Y,Y,0,80000.0,1401500.0,85940.0,1297100.0,Unaccompanied,Working,Secondary / secondary special,Widow,House / apartment,-7500,-8510,-11271,-5387,0.8201,0.9273,0.1858
100731,0,Cash loans,F,N,Y,0,62000.0,1455500.0,91880.0,1422200.0,"Spouse, partner",Working,Secondary / secondary special,Married,House / apartment,-24199,-7530,-5156,-3451,0.589,0.5132,0.2103
100732,0,Cash loans,F,N,N,1,84000.0,227500.0,9580.0,222800.0,Unaccompanied,Working,Secondary / secondary special,Married,House / apartment,-13171,-4450,-8263,-3841,0.9397,0.4309,0.4724
100733,0,Cash loans,M,Y,Y,1,174000.0,278500.0,13980.0,262500.0,Unaccompanied,Working,Secondary / secondary special,Married,House / apartment,-20817,-9103,-11644,-6216,0.1366,0.5586,0.1499
100734,0,Revolving loans,M,N,Y,0,53000.0,1029500.0,67470.0,1018400.0,Unaccompanied,Working,Secondary / secondary special,Civil marriage,House / apartment,-10996,-8561,-7234,-331,0.3448,0.9226,0.4838
100735,0,Revolving loans,F,N,Y,0,70000.0,833000.0,61950.0,770500.0,Unaccompanied,Commercial associate,Higher education,Married,House / apartment,-16767,-6467,-4748,-1211,0.3025,0.7789,0.3854
100736,0,Cash loans,F,N,N,0,120000.0,72000.0,5520.0,70800.0,Unaccompanied,Working,Secondary / secondary special,Single / not married,House / apartment,-11789,-4799,-63,-1048,0.8373,0.1688,0.3151
100737,0,Revolving loans,F,Y,Y,1,65000.0,135000.0,8100.0,123900.0,Unaccompanied,Commercial associate,Secondary / secondary special,Widow,House / apartment,-9316,-9478,-8221,-4088,0.25,0.7651,0.7832
100738,0,Cash loans,F,N,Y,0,158000.0,1337000.0,82650.0,1192000.0,Unaccompanied,Working,Secondary / secondary special,Married,House / apartment,-15658,-1833,-4652,-2275,0.3423,0.8006,0.7884
100739,0,Revolving loans,F,N,Y,0,410000.0,1309000.0,95980.0,1292600.0,Unaccompanied,Working,Incomplete higher,Married,House / apartment,-8275,-3067,-6789,-5237,0.1443,0.6593,0.9386
100740,0,Cash loans,F,Y,Y,0,232000.0,565000.0,34750.0,513100.0,Unaccompanied,Pensioner,Secondary / secondary special,Single / not married,House / apartment,-14605,-172,-7183,-5227,0.7389,0.6278,0.2197
100741,0,Cash loans,M,N,Y,0,190000.0,1341500.0,81390.0,1241600.0,Family,Commercial associate,Secondary / secondary special,Single / not married,House / apartment,-24543,-5093,-2325,-6385,0.2334,0.4244,0.845
100742,0,Cash loans,F,N,Y,1,156000.0,909000.0,69270.0,817500.0,Unaccompanied,Working,Secondary / secondary special,Married,House / apartment,-7509,-6217,-5850,-1634,0.0742,0.6132,0.5156
100743,0,Cash loans,F,N,Y,0,125000.0,1217500.0,87170.0,1155900.0,Unaccompanied,Commercial associate,Secondary / secondary special,Married,House / apartment,-20355,-7985,-4372,-3605,0.419,0.7033,0.566
100744,0,Cash loans,M,Y,Y,0,56000.0,667000.0,50930.0,666500.0,"Spouse, partner",Commercial associate,Higher education,Single / not married,With parents,-17100,-5142,-6364,-502,0.378,0.1255,0.8525
100745,0,Cash loans,F,N,Y,0,363000.0,210000.0,10230.0,179300.0,Unaccompanied,Working,Secondary / secondary special,Married,House / apartment,-7513,-8161,-4765,-3569,0.177,0.2519,0.8961
100746,0,Cash loans,F,Y,Y,0,68000.0,676000.0,41220.0,665800.0,Children,Working,Secondary / secondary special,Single / not married,House / apartment,-13082,-730,-7191,-1079,0.1356,0.1924,0.6932
100747,0,Cash loans,F,Y,Y,1,39000.0,710500.0,52360.0,604300.0,Unaccompanied,Pensioner,Secondary / secondary special,Married,House / apartment,-14702,-5703,-2879,-1334,0.8528,0.8007,0.337
100748,0,Cash loans,F,N,Y,1,233000.0,846500.0,37620.0,765800.0,Unaccompanied,Working,Higher education,Widow,House / apartment,-7603,-977,-2188,-4647,0.0738,0.6492,0.4703
100749,0,Cash loans,F,Y,Y,0,54000.0,198500.0,14250.0,173700.0,Unaccompanied,Working,Secondary / secondary special,Married,House / apartment,-24544,-9048,-2781,-4018,0.1034,0.4337,0.5882
100750,0,Cash loans,M,N,Y,0,95000.0,1487500.0,70390.0,1433400.0,Unaccompanied,Working,Incomplete higher,Married,House / apartment,-14251,-4393,-2145,-5019,0.2403,0.7865,0.7889
100751,0,Cash loans,F,N,Y,0,29000.0,400000.0,28930.0,343000.0,Family,Pensioner,Secondary / secondary special,Married,House / apartment,-18953,-9742,-275,-4216,0.9057,0.6838,0.6285
100752,1,Cash loans,F,N,Y,0,47000.0,334000.0,21540.0,311600.0,Unaccompanied,Pensioner,Secondary / secondary special,Married,House / apartment,-9467,-2640,-1266,-5891,0.0903,0.8688,0.3535
100753,0,Cash loans,M,N,Y,0,54000.0,811500.0,38730.0,725700.0,Unaccompanied,Pensioner,Secondary / secondary special,Married,Rented apartment,-13259,-181,-6576,-2073,0.7771,0.0822,0.4028
100754,0,Cash loans,F,N,Y,0,33000.0,826500.0,48710.0,719100.0,Unaccompanied,Pensioner,Secondary / secondary special,Married,House / apartment,-9774,-1431,-4104,-4054,0.8485,0.4886,0.0574
100755,0,Revolving loans,M,N,N,0,185000.0,685000.0,46080.0,661600.0,Unaccompanied,State servant,Higher education,Single / not married,House / apartment,-21155,-8055,-11135,-5231,0.3652,0.6743,0.8788
100756,0,Cash loans,M,N,N,0,297000.0,1168000.0,76330.0,1030900.0,Unaccompanied,Commercial associate,Secondary / secondary special,Married,House / apartment,-9677,-456,-11172,-6654,0.2863,0.205,0.0928
100757,0,Cash loans,F,Y,Y,0,95000.0,796500.0,45470.0,703700.0,Unaccompanied,Pensioner,Secondary / secondary special,Married,House / apartment,-11575,-9611,-2319,-22,0.6467,0.3175,0.5551
100758,0,Cash loans,M,N,Y,1,336000.0,932000.0,70810.0,830700.0,Family,State servant,Secondary / secondary special,Single / not married,House / apartment,-19774,-679,-31,-1849,0.6705,0.4038,0.8294
100759,0,Cash loans,F,Y,Y,0,61000.0,1098000.0,66730.0,1029900.0,Family,Working,Secondary / secondary special,Single / not married,House / apartment,-16852,-745,-851,-2163,0.7432,0.7567,0.4056
100760,0,Cash loans,M,N,Y,1,84000.0,81500.0,4910.0,77300.0,Unaccompanied,Commercial associate,Higher education,Married,House / apartment,-14575,-6363,-8796,-479,0.7907,0.474,0.7621
100761,0,Cash loans,F,N,Y,0,50000.0,875500.0,37200.0,746500.0,Unaccompanied,Commercial associate,Secondary / secondary special,Married,House / apartment,-22785,-8599,-11391,-2354,0.2623,0.4733,0.7656
100762,0,Cash loans,M,N,Y,0,170000.0,1331500.0,102370.0,1180100.0,Unaccompanied,Pensioner,Secondary / secondary special,Married,House / apartment,-8072,-333,-5868,-6374,0.6557,0.415,0.0663
100763,0,Cash loans,M,N,Y,1,107000.0,70500.0,3320.0,64500.0,Unaccompanied,Pensioner,Secondary / secondary special,Civil marriage,With parents,-19269,-1134,-10256,-2748,0.1368,0.2249,0.3974
100764,0,Cash loans,F,N,N,0,168000.0,634500.0,38790.0,570900.0,Unaccompanied,Pensioner,Secondary / secondary special,Civil marriage,House / apartment,-20645,-6117,-7720,-2539,0.4901,0.8777,0.6596
100765,0,Cash loans,F,Y,Y,1,240000.0,1392500.0,100460.0,1368300.0,Unaccompanied,State servant,Higher education,Married,House / apartment,-14905,-5221,-11736,-4864,0.5861,0.3087,0.407
100766,0,Revolving loans,M,Y,N,0,143000.0,559000.0,27180.0,541200.0,Unaccompanied,Commercial associate,Higher education,Married,House / apartment,-8599,-1835,-10540,-1143,0.162,0.5434,0.5225
100767,0,Cash loans,M,Y,N,0,173000.0,712500.0,43530.0,672500.0,"Spouse, partner",Working,Secondary / secondary special,Married,House / apartment,-23153,-4377,-1807,-2333,0.0819,0.1499,0.5688
100768,0,Cash loans,F,N,Y,0,436000.0,1473000.0,73100.0,1326700.0,Family,Working,Secondary / secondary special,Married,House / apartment,-19397,-1041,-6195,-5083,0.1931,0.4182,0.1522
100769,0,Cash loans,M,Y,Y,0,78000.0,335000.0,23580.0,320000.0,Unaccompanied,Commercial associate,Secondary / secondary special,Married,House / apartment,-15637,-449,-6331,-5477,0.4054,0.8596,0.3973
100770,0,Cash loans,F,N,Y,0,92000.0,140000.0,8760.0,136700.0,Unaccompanied,Working,Lower secondary,Single / not married,House / apartment,-12463,-1505,-6063,-5271,0.8446,0.9457,0.0368
100771,0,Cash loans,F,N,Y,0,215000.0,1295500.0,96180.0,1216800.0,Unaccompanied,Working,Secondary / secondary special,Married,With parents,-19434,-7564,-10390,-2645,0.51,0.35,0.1506
100772,0,Cash loans,F,Y,Y,0,167000.0,1308500.0,99160.0,1266200.0,Unaccompanied,Working,Secondary / secondary special,Single / not married,House / apartment,-9139,-1645,-7411,-5444,0.7136,0.1548,0.4915
100773,0,Cash loans,F,N,Y,0,54000.0,732000.0,48270.0,704500.0,Unaccompanied,Pensioner,Secondary / secondary special,Separated,House / apartment,-11894,-4420,-3562,-6067,0.1737,0.3056,0.5492
100774,0,Cash loans,M,N,Y,0,96000.0,793000.0,54730.0,742100.0,Unaccompanied,Working,Secondary / secondary special,Single / not married,House / apartment,-24486,-1846,-3198,-838,0.1096,0.3176,0.1475
100775,0,Cash loans,F,N,N,0,120000.0,1261000.0,78140.0,1130900.0,Family,Pensioner,Secondary / secondary special,Married,House / apartment,-17490,-7996,-4504,-1849,0.2352,0.6158,0.7203
100776,0,Cash loans,M,N,Y,0,107000.0,1119500.0,61990.0,1076800.0,Children,Pensioner,Secondary / secondary special,Married,House / apartment,-23659,-1454,-7985,-5013,0.305,0.4764,0.3606
100777,0,Cash loans,F,Y,N,0,54000.0,431000.0,28410.0,379700.0,Unaccompanied,Working,Higher education,Married,House / apartment,-11926,-7430,-10084,-3386,0.5252,0.7324,0.8754
100778,0,Cash loans,F,N,Y,1,412000.0,69500.0,5310.0,67200.0,Unaccompanied,Working,Secondary / secondary special,Civil marriage,House / apartment,-19290,-4388,-6734,-5035,0.8384,0.6692,0.3744
100779,0,Cash loans,F,Y,N,1,241000.0,743000.0,42100.0,721200.0,Unaccompanied,Pensioner,Secondary / secondary special,Married,House / apartment,-17750,-9460,-11361,-2852,0.4105,0.2462,0.1508
100780,0,Cash loans,F,N,Y,0,123000.0,1294500.0,68060.0,1260000.0,"Spouse, partner",Commercial associate,Secondary / secondary special,Married,House / apartment,-10240,-4866,-6989,-2209,0.4977,0.7472,0.7225
100781,0,Cash loans,F,N,Y,2,196000.0,1348500.0,74890.0,1241900.0,Family,Working,Secondary / secondary special,Married,House / apartment,-14698,-6057,-2947,-6755,0.0143,0.8066,0.5437
100782,0,Cash loans,F,N,N,0,366000.0,1436500.0,82480.0,1262500.0,Unaccompanied,Working,Secondary / secondary special,Married,House / apartment,-12758,-6935,-4123,-1392,0.0413,0.5725,0.3735
100783,0,Revolving loans,F,N,Y,2,47000.0,1325000.0,56900.0,1146100.0,Unaccompanied,Working,Secondary / secondary special,Single / not married,House / apartment,-9352,-2685,-11292,-3256,0.0887,0.882,0.3446
100784,0,Cash loans,F,N,Y,1,68000.0,889000.0,53280.0,854800.0,Unaccompanied,Working,Secondary / secondary special,Married,House / apartment,-19344,-4807,-4783,-5048,0.6671,0.746,0.1517
100785,0,Cash loans,F,Y,Y,1,142000.0,692000.0,41360.0,680200.0,Unaccompanied,Working,Secondary / secondary special,Married,House / apartment,-13605,-1000,-11880,-1959,0.467,0.5697,0.3304
100786,0,Cash loans,F,Y,Y,0,266000.0,1172500.0,74500.0,1111100.0,Unaccompanied,Working,Secondary / secondary special,Married,House / apartment,-15707,-3441,-5599,-275,0.1914,0.8618,0.0376
100787,0,Revolving loans,M,Y,Y,0,31000.0,1121500.0,61140.0,977500.0,Unaccompanied,Commercial associate,Secondary / secondary special,Married,House / apartment,-8085,-7794,-71,-4624,0.567,0.5743,0.4823
100788,0,Cash loans,M,Y,N,0,645000.0,828000.0,53430.0,819900.0,Unaccompanied,State servant,Higher education,Single / not married,With parents,-14279,-227,-10349,-1459,0.5219,0.4999,0.8529
100789,0,Revolving loans,F,Y,Y,1,116000.0,172000.0,12920.0,171700.0,Unaccompanied,Commercial associate,Secondary / secondary special,Married,House / apartment,-8935,-1775,-9328,-3331,0.0935,0.3449,0.7576
100790,1,Revolving loans,F,N,Y,0,92000.0,1392500.0,108920.0,1274100.0,Family,Pensioner,Secondary / secondary special,Married,With parents,-21579,-1877,-5516,-958,0.612,0.8399,0.0368
100791,0,Cash loans,F,Y,N,1,77000.0,708000.0,44850.0,665000.0,Unaccompanied,Pensioner,Secondary / secondary special,Single / not married,House / apartment,-21572,-5265,-8234,-1841,0.7311,0.1254,0.8384
100792,0,Revolving loans,M,N,Y,0,54000.0,573500.0,23920.0,554300.0,Unaccompanied,Commercial associate,Secondary / secondary special,Single / not married,House / apartment,-17791,-8525,-4360,-4059,0.2794,0.4551,0.4352
100793,0,Cash loans,F,N,Y,1,260000.0,961000.0,75700.0,923000.0,Unaccompanied,Working,Higher education,Married,House / apartment,-19244,-683,-1831,-4145,0.6562,0.5152,0.1894
100794,0,Cash loans,F,N,N,0,492000.0,1025500.0,69970.0,1020500.0,Unaccompanied,Working,Secondary / secondary special,Married,House / apartment,-10409,-1566,-45,-5354,0.1977,0.5315,0.7173
100795,0,Cash loans,F,N,Y,0,105000.0,351500.0,18780.0,304800.0,Unaccompanied,Pensioner,Secondary / secondary special,Married,House / apartment,-19815,-8794,-8174,-6727,0.7213,0.6228,0.3135
100796,0,Cash loans,F,N,Y,0,482000.0,1262500.0,57930.0,1183100.0,Unaccompanied,Pensioner,Secondary / secondary special,Married,House / apartment,-12304,-6850,-11833,-5948,0.8671,0.4854,0.2481
100797,1,Cash loans,F,Y,Y,0,285000.0,467000.0,21360.0,445400.0,"Spouse, partner",Working,Higher education,Married,House / apartment,-14745,-1255,-7392,-5675,0.4254,0.2514,0.1616
100798,0,Cash loans,M,N,Y,0,123000.0,316500.0,14780.0,311300.0,Unaccompanied,Working,Lower secondary,Married,Rented apartment,-7584,-9791,-6071,-3377,0.2399,0.8155,0.4674
100799,0,Revolving loans,F,N,Y,1,193000.0,636500.0,26620.0,624500.0,Unaccompanied,Pensioner,Secondary / secondary special,Widow,House / apartment,-19073,-8060,-1675,-2524,0.3852,0.6281,0.0978
100800,1,Cash loans,F,N,Y,0,111000.0,1108000.0,84300.0,1104300.0,Unaccompanied,Working,Higher education,Married,House / apartment,-17502,-1035,-7268,-487,0.2451,0.8167,0.7485
100801,0,Cash loans,F,N,N,0,148000.0,1449500.0,89330.0,1343400.0,Unaccompanied,Working,Secondary / secondary special,Single / not married,House / apartment,-9713,-455,-11544,-2127,0.0112,0.2695,0.4524
100802,0,Revolving loans,F,N,Y,1,34000.0,1222500.0,83130.0,1191500.0,Family,Pensioner,Higher education,Civil marriage,House / apartment,-14535,-2094,-6381,-5405,0.6214,0.6088,0.4302
100803,0,Revolving loans,M,N,Y,0,204000.0,1413000.0,103320.0,1291600.0,Unaccompanied,Working,Higher education,Widow,House / apartment,-16619,-5256,-6744,-6704,0.05,0.6813,0.0117
100804,0,Revolving loans,F,N,N,2,33000.0,249500.0,17880.0,227900.0,Unaccompanied,Commercial associate,Lower secondary,Married,House / apartment,-13635,-6381,-9461,-5597,0.2078,0.3704,0.7788
100805,0,Cash loans,M,N,Y,3,280000.0,148500.0,11180.0,131900.0,Unaccompanied,Pensioner,Secondary / secondary special,Civil marriage,With parents,-24327,-9737,-6834,-1940,0.6891,0.7735,0.4733
100806,0,Revolving loans,F,Y,N,0,286000.0,856500.0,67400.0,833100.0,Unaccompanied,Commercial associate,Higher education,Widow,House / apartment,-15517,-7509,-3023,-2453,0.6358,0.0124,0.4235
100807,1,Cash loans,F,Y,Y,0,66000.0,467500.0,26910.0,466500.0,Family,Working,Secondary / secondary special,Married,House / apartment,-17537,-5464,-2790,-4014,0.0789,0.5692,0.7257
100808,1,Cash loans,M,N,N,0,84000.0,1250000.0,97520.0,1110600.0,Unaccompanied,Working,Secondary / secondary special,Married,With parents,-23266,-4074,-11362,-6680,0.6305,0.5868,0.0691
100809,0,Cash loans,F,N,Y,1,123000.0,1022500.0,70480.0,877700.0,Unaccompanied,Working,Secondary / secondary special,Married,Rented apartment,-11237,-2604,-6343,-3797,0.8847,0.5118,0.3547
100810,0,Cash loans,M,N,Y,0,161000.0,1457500.0,62420.0,1417200.0,Family,Pensioner,Higher education,Married,Municipal apartment,-12107,-2246,-1012,-4350,0.08,0.6022,0.5512
100811,1,Cash loans,F,Y,Y,0,76000.0,415500.0,27950.0,391800.0,Unaccompanied,Working,Secondary / secondary special,Married,House / apartment,-22250,-7769,-4589,-959,0.4007,0.1672,0.4429
100812,0,Cash loans,M,N,Y,1,160000.0,752000.0,50740.0,747500.0,Unaccompanied,Working,Secondary / secondary special,Married,House / apartment,-13636,-7404,-3507,-6630,0.6957,0.6537,0.1807
100813,0,Cash loans,F,N,N,0,78000.0,774500.0,59040.0,687600.0,Unaccompanied,Working,Secondary / secondary special,Civil marriage,House / apartment,-13824,-1310,-4802,-5792,0.6377,0.3256,0.2913
100814,1,Cash loans,F,Y,Y,1,34000.0,393000.0,21580.0,338200.0,Unaccompanied,Working,Secondary / secondary special,Married,House / apartment,-24709,-6279,-2071,-2563,0.2229,0.4349,0.2922
100815,0,Cash loans,M,N,Y,1,25000.0,903500.0,57280.0,834700.0,Unaccompanied,Working,Higher education,Civil marriage,House / apartment,-13022,-8921,-7530,-463,0.1633,0.3231,0.9425
100816,0,Cash loans,M,N,N,0,41000.0,690000.0,27940.0,595300.0,Unaccompanied,Commercial associate,Higher education,Married,House / apartment,-24752,-4982,-10197,-6923,0.7472,0.4555,0.3166
100817,0,Cash loans,M,N,Y,1,261000.0,695000.0,37030.0,618000.0,Unaccompanied,Working,Secondary / secondary special,Single / not married,House / apartment,-16430,-6924,-2317,-1936,0.9089,0.5943,0.2029
100818,0,Cash loans,M,Y,Y,1,513000.0,573000.0,24350.0,497900.0,Unaccompanied,Working,Secondary / secondary special,Married,House / apartment,-11398,-6298,-5347,-4131,0.7315,0.798,0.7833
100819,0,Cash loans,M,Y,Y,0,109000.0,69500.0,4230.0,61400.0,Unaccompanied,Working,Secondary / secondary special,Married,House / apartment,-22565,-9786,-2175,-15,0.9154,0.4644,0.4059
100820,0,Cash loans,F,Y,Y,0,133000.0,804500.0,58490.0,696600.0,Unaccompanied,Pensioner,Secondary / secondary special,Single / not married,House / apartment,-16964,-1207,-9978,-4070,0.5787,0.3138,0.4272
100821,0,Revolving loans,F,N,Y,0,49000.0,533000.0,25720.0,529300.0,Family,Working,Secondary / secondary special,Married,House / apartment,-20902,-5086,-11321,-918,0.8834,0.4687,0.526
100822,0,Cash loans,F,N,N,0,145000.0,47000.0,2870.0,41900.0,Unaccompanied,Commercial associate,Secondary / secondary special,Married,With parents,-17817,-3534,-2372,-6087,0.659,0.6575,0.5699
100823,0,Cash loans,F,Y,Y,2,48000.0,493000.0,23740.0,451900.0,Family,Commercial associate,Secondary / secondary special,Separated,House / apartment,-23859,-8123,-6802,-6008,0.8644,0.3359,0.5651
100824,0,Cash loans,F,Y,Y,0,167000.0,450500.0,20190.0,443600.0,Unaccompanied,Commercial associate,Secondary / secondary special,Married,House / apartment,-15395,-2915,-5225,-6792,0.1619,0.3994,0.0424
100825,0,Cash loans,F,N,N,0,431000.0,617500.0,37320.0,587600.0,Unaccompanied,Working,Secondary / secondary special,Civil marriage,House / apartment,-21917,-7161,-9652,-1613,0.7766,0.5391,0.7797
100826,0,Cash loans,F,Y,Y,0,58000.0,237000.0,10230.0,223400.0,Unaccompanied,State servant,Secondary / secondary special,Married,House / apartment,-24827,-2135,-6228,-822,0.1949,0.2864,0.1932
100827,0,Cash loans,M,N,Y,0,242000.0,783500.0,49750.0,748900.0,"Spouse, partner",Commercial associate,Secondary / secondary special,Married,House / apartment,-15097,-6907,-5121,-2120,0.0358,0.2065,0.2848
100828,0,Cash loans,F,N,Y,2,29000.0,1052500.0,43420.0,1025500.0,Unaccompanied,Pensioner,Secondary / secondary special,Married,With parents,-8250,-7073,-8050,-3391,0.4965,0.142,0.173
100829,0,Cash loans,F,Y,Y,1,96000.0,962000.0,42590.0,944300.0,Unaccompanied,Working,Lower secondary,Widow,House / apartment,-11736,-269,-7732,-1966,0.3092,0.3415,0.7311
100830,0,Cash loans,F,N,Y,0,43000.0,1214500.0,75300.0,1149400.0,Children,Commercial associate,Secondary / secondary special,Married,House / apartment,-10044,-8923,-9656,-1881,0.0509,0.0554,0.5586
100831,0,Cash loans,M,Y,Y,0,90000.0,702500.0,44720.0,690900.0,Family,Pensioner,Secondary / secondary special,Separated,House / apartment,-23414,-9096,-11233,-739,0.9315,0.5585,0.72
100832,0,Cash loans,M,N,Y,0,54000.0,800500.0,32950.0,744700.0,Unaccompanied,Working,Secondary / secondary special,Widow,House / apartment,-9220,-5115,-5144,-4853,0.6365,0.1754,0.6242
100833,0,Cash loans,F,N,N,0,95000.0,1224000.0,77030.0,1091300.0,Children,Working,Higher education,Married,House / apartment,-17176,-6997,-9250,-5001,0.8577,0.3648,0.1079
100834,0,Cash loans,F,Y,Y,0,106000.0,667500.0,49090.0,655500.0,Unaccompanied,Commercial associate,Higher education,Married,House / apartment,-13719,-3134,-6812,-3066,0.9491,0.2631,0.2934
100835,0,Cash loans,F,Y,N,0,79000.0,1066000.0,73440.0,992700.0,Unaccompanied,Working,Secondary / secondary special,Single / not married,House / apartment,-16460,-4580,-9163,-3843,0.3784,0.6026,0.4868
100836,0,Revolving loans,F,N,Y,2,185000.0,677500.0,30660.0,668000.0,Unaccompanied,Commercial associate,Secondary / secondary special,Married,House / apartment,-13472,-3512,-10582,-797,0.2495,0.8093,0.2966
100837,0,Revolving loans,F,N,Y,0,402000.0,653000.0,41600.0,559000.0,Unaccompanied,Working,Secondary / secondary special,Married,House / apartment,-13230,-5088,-7824,-6129,0.1829,0.6053,0.2049
100838,0,Cash loans,F,N,Y,1,102000.0,1151000.0,76990.0,1047000.0,Unaccompanied,Working,Higher education,Married,House / apartment,-11108,-7230,-5455,-3210,0.4943,0.52,0.8276
100839,0,Cash loans,F,N,N,0,57000.0,299500.0,12430.0,297200.0,Unaccompanied,Commercial associate,Secondary / secondary special,Single / not married,House / apartment,-20272,-3969,-11191,-1586,0.5797,0.6389,0.7129
100840,0,Cash loans,F,Y,Y,0,72000.0,537500.0,39890.0,477000.0,Unaccompanied,Working,Higher education,Single / not married,House / apartment,-18807,-6199,-2504,-3730,0.4541,0.0382,0.3345
100841,0,Cash loans,M,Y,Y,1,314000.0,371000.0,28290.0,367700.0,Unaccompanied,State servant,Secondary / secondary special,Married,House / apartment,-21956,-891,-9090,-1777,0.374,0.1255,0.7291
100842,0,Cash loans,M,N,N,0,152000.0,567500.0,42010.0,563600.0,Family,Pensioner,Secondary / secondary special,Married,House / apartment,-12038,-3941,-10005,-5516,0.1682,0.0992,0.5999
100843,0,Revolving loans,F,N,Y,1,116000.0,380000.0,27730.0,373300.0,Unaccompanied,Commercial associate,Higher education,Separated,House / apartment,-24788,-3456,-1502,-2531,0.4253,0.1023,0.0136
100844,1,Revolving loans,F,N,N,0,49000.0,888000.0,61980.0,829900.0,Children,Pensioner,Secondary / secondary special,Married,House / apartment,-20904,-7622,-7042,-2434,0.0901,0.2549,0.3674
100845,0,Cash loans,F,Y,Y,0,115000.0,1206500.0,78830.0,1142600.0,"Spouse, partner",Pensioner,Secondary / secondary special,Single / not married,House / apartment,-21108,-5025,-8534,-5487,0.8231,0.5101,0.2831
100846,0,Cash loans,F,N,N,1,74000.0,1189500.0,79870.0,1166200.0,"Spouse, partner",Working,Secondary / secondary special,Married,House / apartment,-17997,-5174,-3860,-3917,0.0541,0.1178,0.2148
100847,0,Cash loans,M,N,N,0,455000.0,575500.0,41580.0,556200.0,Family,Pensioner,Higher education,Civil marriage,With parents,-20334,-6800,-7858,-4553,0.3678,0.889,0.2465
100848,1,Cash loans,F,N,Y,1,348000.0,1483500.0,98650.0,1401200.0,Unaccompanied,Working,Secondary / secondary special,Separated,House / apartment,-11184,-2194,-11543,-2469,0.1041,0.813,0.8958
100849,0,Cash loans,M,N,Y,2,38000.0,909000.0,48280.0,906600.0,Unaccompanied,Working,Secondary / secondary special,Married,House / apartment,-8032,-6350,-7519,-2279,0.7385,0.9233,0.4671
100850,0,Cash loans,F,N,Y,0,134000.0,626000.0,34450.0,596500.0,Unaccompanied,Commercial associate,Secondary / secondary special,Married,House / apartment,-23341,-8907,-2860,-6682,0.304,0.05,0.8068
100851,0,Cash loans,M,N,N,0,63000.0,1260500.0,95650.0,1255900.0,Unaccompanied,Commercial associate,Higher education,Married,House / apartment,-24007,-5352,-1248,-1367,0.1163,0.8103,0.2114
100852,0,Cash loans,F,Y,Y,0,104000.0,1107000.0,45040.0,950500.0,Unaccompanied,Working,Higher education,Married,House / apartment,-10999,-7103,-7083,-2767,0.5096,0.7655,0.1739
100853,0,Cash loans,M,Y,Y,0,339000.0,1135000.0,77130.0,988400.0,Unaccompanied,Working,Secondary / secondary special,Married,House / apartment,-12481,-4396,-9400,-1397,0.8713,0.858,0.8455
100854,0,Revolving loans,F,Y,Y,1,137000.0,330500.0,25840.0,303300.0,"Spouse, partner",Commercial associate,Secondary / secondary special,Single / not married,House / apartment,-15853,-2401,-5010,-5556,0.8641,0.5063,0.476
100855,0,Cash loans,F,N,Y,0,86000.0,726500.0,49580.0,659500.0,Family,Working,Secondary / secondary special,Married,House / apartment,-20268,-5369,-6305,-154,0.2447,0.7506,0.8514
100856,0,Cash loans,F,N,Y,0,60000.0,1299000.0,103600.0,1256700.0,Unaccompanied,Pensioner,Secondary / secondary special,Married,House / apartment,-17384,-9864,-5762,-6662,0.6865,0.0582,0.0692
100857,0,Cash loans,F,N,Y,1,267000.0,778500.0,52550.0,680500.0,Unaccompanied,Commercial associate,Higher education,Single / not married,House / apartment,-20580,-604,-4390,-3186,0.0385,0.0813,0.8714
100858,0,Cash loans,M,N,Y,0,172000.0,1039500.0,43010.0,1035800.0,Unaccompanied,Working,Secondary / secondary special,Single / not married,House / apartment,-10054,-2045,-2139,-1115,0.1339,0.1214,0.4005
100859,0,Cash loans,M,Y,Y,1,120000.0,900500.0,65810.0,808000.0,Family,Working,Secondary / secondary special,Married,House / apartment,-24790,-1961,-9802,-5465,0.4795,0.8699,0.156
100860,0,Cash loans,M,N,Y,0,62000.0,1270500.0,65280.0,1161700.0,Unaccompanied,Commercial associate,Secondary / secondary special,Single / not married,House / apartment,-17918,-3822,-10171,-3665,0.225,0.0675,0.6524
100861,0,Cash loans,F,N,Y,2,86000.0,459000.0,26550.0,409100.0,Unaccompanied,Working,Secondary / secondary special,Single / not married,House / apartment,-23117,-3783,-7335,-3596,0.7604,0.1041,0.7591
100862,0,Cash loans,M,Y,N,0,507000.0,882500.0,46320.0,826800.0,Unaccompanied,Working,Secondary / secondary special,Married,House / apartment,-9103,-503,-10989,-6727,0.8852,0.8846,0.0545
100863,0,Revolving loans,F,Y,N,0,135000.0,224500.0,11390.0,192800.0,Unaccompanied,Working,Secondary / secondary special,Married,House / apartment,-15572,-4431,-8748,-1114,0.0141,0.1109,0.938
100864,0,Cash loans,F,N,Y,0,102000.0,1049500.0,60090.0,915600.0,"Spouse, partner",Working,Higher education,Married,House / apartment,-22968,-9911,-6118,-699,0.2289,0.8276,0.6652
100865,0,Cash loans,F,N,Y,0,136000.0,1110000.0,61220.0,1067700.0,Unaccompanied,Working,Secondary / secondary special,Civil marriage,House / apartment,-14206,-3006,-3994,-4200,0.4232,0.7519,0.3121
100866,0,Cash loans,F,N,N,2,251000.0,107500.0,7020.0,94400.0,Unaccompanied,Commercial associate,Secondary / secondary special,Civil marriage,House / apartment,-19231,-4828,-11878,-6955,0.5393,0.0479,0.1522
100867,0,Cash loans,F,N,Y,0,87000.0,1028500.0,74590.0,910600.0,Family,Pensioner,Secondary / secondary special,Single / not married,House / apartment,-10288,-7809,-1152,-595,0.8709,0.0305,0.379
100868,0,Cash loans,F,N,Y,1,55000.0,648500.0,33650.0,628400.0,Family,Commercial associate,Lower secondary,Married,Municipal apartment,-14504,-1669,-3744,-1013,0.8484,0.5123,0.2173
100869,0,Cash loans,F,N,Y,0,157000.0,225500.0,10950.0,194800.0,Family,Pensioner,Secondary / secondary special,Married,House / apartment,-20328,-239,-3621,-539,0.6089,0.9473,0.4745
100870,1,Cash loans,M,Y,Y,0,189000.0,656000.0,43740.0,600600.0,Unaccompanied,Working,Lower secondary,Civil marriage,Rented apartment,-15816,-4783,-5890,-11,0.2519,0.8361,0.745
100871,0,Cash loans,F,N,N,0,212000.0,327500.0,21880.0,279500.0,Unaccompanied,Working,Higher education,Married,House / apartment,-9661,-6830,-11551,-1943,0.7463,0.3014,0.6305
100872,0,Revolving loans,F,N,Y,0,346000.0,649500.0,49390.0,585900.0,Unaccompanied,Commercial associate,Higher education,Married,House / apartment,-24918,-5162,-9164,-4459,0.2005,0.3731,0.4198
100873,0,Cash loans,F,N,Y,0,95000.0,604000.0,24550.0,576700.0,Unaccompanied,Commercial associate,Secondary / secondary special,Married,House / apartment,-23786,-4765,-3907,-661,0.9173,0.3746,0.1218
100874,0,Cash loans,F,N,Y,0,37000.0,1119500.0,82980.0,966700.0,Unaccompanied,Commercial associate,Secondary / secondary special,Civil marriage,House / apartment,-22074,-2272,-3728,-5437,0.0155,0.7001,0.9097
100875,0,Cash loans,F,Y,N,2,502000.0,1171500.0,71270.0,1151900.0,Unaccompanied,Commercial associate,Secondary / secondary special,Married,House / apartment,-12212,-6179,-7747,-4633,0.5456,0.3307,0.2641
100876,0,Cash loans,F,N,Y,0,111000.0,928000.0,60180.0,915400.0,Unaccompanied,Commercial associate,Secondary / secondary special,Married,House / apartment,-8046,-3520,-11603,-4409,0.0931,0.1489,0.2712
100877,0,Cash loans,F,N,Y,0,171000.0,78000.0,3410.0,67500.0,"Spouse, partner",Working,Lower secondary,Single / not married,House / apartment,-21673,-6377,-3066,-5574,0.3931,0.7123,0.6168
100878,0,Cash loans,M,N,Y,0,190000.0,1399500.0,80200.0,1397600.0,Unaccompanied,Commercial associate,Secondary / secondary special,Married,House / apartment,-12208,-1349,-9483,-1422,0.6068,0.4405,0.7343
100879,0,Cash loans,F,Y,Y,0,144000.0,1043500.0,51230.0,933500.0,"Spouse, partner",Commercial associate,Secondary / secondary special,Single / not married,House / apartment,-10991,-6164,-2860,-5871,0.6582,0.0822,0.9351
100880,0,Cash loans,M,N,Y,2,59000.0,95000.0,4770.0,81900.0,Unaccompanied,State servant,Secondary / secondary special,Married,House / apartment,-18977,-2797,-163,-1245,0.7484,0.7526,0.921
100881,0,Cash loans,F,Y,Y,0,236000.0,1236500.0,74390.0,1052000.0,Unaccompanied,Commercial associate,Higher education,Married,House / apartment,-10364,-2853,-1714,-579,0.5677,0.5602,0.8689
100882,0,Cash loans,F,N,Y,0,269000.0,336500.0,24400.0,306600.0,Unaccompanied,Commercial associate,Secondary / secondary special,Married,House / apartment,-9019,-5034,-3462,-261,0.2462,0.47,0.4192
100883,0,Cash loans,M,N,Y,0,146000.0,888000.0,61940.0,838700.0,Unaccompanied,Working,Secondary / secondary special,Married,House / apartment,-13326,-6565,-1440,-495,0.8459,0.6429,0.1667
100884,0,Cash loans,F,N,Y,0,126000.0,724000.0,46080.0,651500.0,Unaccompanied,Pensioner,Secondary / secondary special,Married,House / apartment,-18028,-3984,-10287,-6766,0.7724,0.485,0.5594
100885,0,Cash loans,F,Y,N,0,43000.0,656000.0,40390.0,639900.0,Family,State servant,Higher education,Married,House / apartment,-21373,-7354,-5313,-4225,0.1604,0.6195,0.0262
100886,0,Revolving loans,M,Y,Y,0,38000.0,1339500.0,76480.0,1282600.0,Unaccompanied,Pensioner,Secondary / secondary special,Single / not married,House / apartment,-15037,-194,-8992,-5278,0.7869,0.8254,0.1945
100887,0,Cash loans,F,N,N,0,87000.0,681500.0,53780.0,615100.0,Family,Commercial associate,Secondary / secondary special,Married,With parents,-14484,-4391,-10957,-4887,0.9243,0.5867,0.0124
100888,0,Cash loans,M,N,N,0,81000.0,154500.0,9640.0,148300.0,Unaccompanied,Working,Secondary / secondary special,Married,House / apartment,-9089,-5880,-6227,-5934,0.609,0.63,0.1797
100889,0,Cash loans,F,N,Y,1,486000.0,1422500.0,71350.0,1409800.0,Family,Commercial associate,Incomplete higher,Married,With parents,-21875,-5183,-2660,-5662,0.2749,0.587,0.4563
100890,0,Cash loans,M,N,Y,0,255000.0,1384500.0,68120.0,1196200.0,Unaccompanied,Commercial associate,Secondary / secondary special,Married,House / apartment,-20986,-9967,-1690,-2136,0.5802,0.5093,0.3797
100891,0,Cash loans,F,N,Y,1,187000.0,1041000.0,67100.0,932600.0,Family,Pensioner,Higher education,Married,House / apartment,-21651,-8304,-233,-5063,0.332,0.1717,0.3571
100892,0,Cash loans,F,Y,N,0,134000.0,726000.0,44220.0,667600.0,Unaccompanied,Working,Secondary / secondary special,Separated,House / apartment,-7559,-2401,-1876,-5451,0.6454,0.3255,0.7911
100893,0,Cash loans,F,Y,N,1,52000.0,180000.0,7260.0,166400.0,Unaccompanied,Commercial associate,Secondary / secondary special,Married,House / apartment,-21534,-4183,-9153,-629,0.5221,0.6615,0.6445
100894,0,Cash loans,F,N,Y,0,601000.0,1195500.0,87510.0,1113400.0,Family,Working,Secondary / secondary special,Married,House / apartment,-22566,-6219,-3370,-505,0.8837,0.4099,0.8902
100895,0,Cash loans,F,N,Y,0,96000.0,155000.0,10570.0,138700.0,Unaccompanied,Pensioner,Secondary / secondary special,Married,House / apartment,-14552,-6324,-6339,-206,0.5908,0.3918,0.4286
100896,0,Cash loans,F,Y,Y,0,42000.0,145000.0,9640.0,137800.0,Unaccompanied,Working,Secondary / secondary special,Married,House / apartment,-7399,-472,-5109,-3431,0.2111,0.7237,0.2659
100897,0,Cash loans,F,Y,Y,0,127000.0,827000.0,35360.0,783000.0,Family,Commercial associate,Secondary / secondary special,Married,House / apartment,-11205,-4589,-1045,-3130,0.6916,0.0152,0.1253
100898,0,Cash loans,F,N,Y,0,336000.0,278000.0,15150.0,260400.0,Unaccompanied,Working,Secondary / secondary special,Single / not married,House / apartment,-22390,-5951,-6091,-1854,0.2928,0.6483,0.6417
100899,0,Cash loans,F,N,Y,0,352000.0,56000.0,4340.0,48600.0,Unaccompanied,Working,Secondary / secondary special,Married,House / apartment,-9642,-6128,-4481,-5365,0.266,0.4699,0.8012
100900,0,Cash loans,M,N,N,0,27000.0,660500.0,49210.0,608700.0,Unaccompanied,Commercial associate,Secondary / secondary special,Married,House / apartment,-15391,-8709,-4459,-5578,0.3783,0.3642,0.1827
100901,0,Cash loans,F,N,Y,0,351000.0,244500.0,12570.0,220900.0,Family,Working,Higher education,Single / not married,House / apartment,-12324,-916,-8033,-5264,0.0213,0.3301,0.836
100902,0,Cash loans,F,N,N,0,73000.0,278500.0,12890.0,257200.0,Unaccompanied,Commercial associate,Higher education,Married,House / apartment,-18741,-3712,-6417,-1660,0.921,0.1725,0.5047
100903,0,Cash loans,F,N,N,1,31000.0,157000.0,9100.0,155200.0,Unaccompanied,Pensioner,Secondary / secondary special,Married,House / apartment,-21055,-7847,-1407,-2581,0.5104,0.3242,0.1454
100904,0,Cash loans,F,N,N,0,307000.0,343500.0,18630.0,316700.0,Unaccompanied,State servant,Secondary / secondary special,Married,House / apartment,-24011,-6450,-207,-4979,0.7371,0.3779,0.6143
100905,0,Cash loans,M,N,Y,0,324000.0,1086000.0,73080.0,925400.0,Family,Working,Higher education,Married,House / apartment,-16843,-7539,-4370,-5046,0.2524,0.4212,0.4988
100906,0,Cash loans,F,N,Y,0,161000.0,1222000.0,96120.0,1119100.0,"Spouse, partner",Pensioner,Higher education,Married,House / apartment,-9589,-1432,-7150,-284,0.7118,0.642,0.0365
100907,0,Revolving loans,M,N,Y,0,153000.0,703500.0,38350.0,684600.0,Unaccompanied,Working,Lower secondary,Married,Municipal apartment,-18654,-6461,-9944,-718,0.5431,0.4364,0.3853
100908,0,Cash loans,F,Y,Y,0,277000.0,782000.0,33230.0,756200.0,Unaccompanied,Pensioner,Secondary / secondary special,Married,House / apartment,-18591,-855,-8687,-3988,0.4087,0.7585,0.7477
100909,0,Cash loans,M,Y,Y,1,256000.0,92500.0,7020.0,85700.0,Unaccompanied,Pensioner,Secondary / secondary special,Civil marriage,House / apartment,-17002,-3625,-901,-501,0.9224,0.6114,0.5321
100910,0,Cash loans,F,N,N,0,356000.0,146000.0,6060.0,129600.0,Unaccompanied,Working,Secondary / secondary special,Civil marriage,House / apartment,-7519,-1896,-11790,-257,0.4742,0.1882,0.2751
100911,0,Cash loans,M,N,N,0,146000.0,420000.0,32810.0,386300.0,Unaccompanied,Working,Secondary / secondary special,Civil marriage,House / apartment,-13707,-3159,-10398,-6135,0.628,0.2705,0.8829
100912,0,Cash loans,F,Y,N,0,540000.0,836500.0,55700.0,781800.0,Children,Working,Secondary / secondary special,Civil marriage,House / apartment,-17660,-2277,-7083,-4905,0.0244,0.0845,0.2335
100913,0,Cash loans,F,N,N,0,859000.0,1121000.0,87070.0,1121000.0,Unaccompanied,Pensioner,Secondary / secondary special,Married,House / apartment,-22705,-2150,-1749,-6195,0.2934,0.899,0.2476
100914,0,Revolving loans,F,N,Y,1,44000.0,925500.0,44410.0,876100.0,Unaccompanied,Working,Secondary / secondary special,Single / not married,House / apartment,-20891,-2089,-8651,-2597,0.8454,0.8434,0.3434
100915,0,Cash loans,F,N,Y,1,309000.0,615500.0,25620.0,587300.0,Unaccompanied,Commercial associate,Secondary / secondary special,Married,House / apartment,-10539,-7618,-4489,-1922,0.7234,0.0897,0.8509
100916,0,Cash loans,M,N,Y,0,129000.0,217000.0,12920.0,200400.0,Unaccompanied,Commercial associate,Secondary / secondary special,Single / not married,House / apartment,-24953,-8846,-9108,-6808,0.5145,0.5496,0.4872
100917,0,Cash loans,F,N,Y,0,99000.0,1181000.0,68530.0,1066600.0,Unaccompanied,State servant,Secondary / secondary special,Married,House / apartment,-14842,-5909,-6582,-1239,0.8562,0.9128,0.6512
100918,1,Cash loans,F,Y,N,0,167000.0,574500.0,30600.0,558400.0,Unaccompanied,State servant,Higher education,Married,House / apartment,-19867,-5713,-8030,-3294,0.467,0.7123,0.9277
100919,0,Cash loans,M,N,Y,0,34000.0,1116000.0,87390.0,1031500.0,Unaccompanied,Working,Higher education,Civil marriage,House / apartment,-14157,-8557,-4734,-6798,0.5425,0.4723,0.7463
100920,0,Cash loans,F,N,Y,0,131000.0,791500.0,57700.0,790900.0,Unaccompanied,Commercial associate,Secondary / secondary special,Single / not married,House / apartment,-7367,-9214,-11593,-3013,0.3692,0.2366,0.1722
100921,0,Cash loans,M,Y,Y,1,332000.0,1120000.0,74440.0,1028800.0,"Spouse, partner",Pensioner,Lower secondary,Civil marriage,House / apartment,-17163,-8825,-4665,-5224,0.5928,0.2723,0.7511
100922,0,Cash loans,M,N,Y,0,61000.0,1365000.0,63490.0,1174200.0,Unaccompanied,Pensioner,Secondary / secondary special,Married,House / apartment,-9312,-6076,-2194,-4617,0.3099,0.7021,0.7134
100923,0,Cash loans,F,N,Y,0,108000.0,1385000.0,96080.0,1319100.0,Unaccompanied,Working,Secondary / secondary special,Married,House / apartment,-7590,-1793,-7126,-5064,0.3724,0.7437,0.2287
100924,0,Cash loans,M,N,N,0,446000.0,823500.0,56890.0,705700.0,Unaccompanied,Working,Lower secondary,Married,House / apartment,-13612,-2151,-959,-5873,0.9183,0.507,0.3158
100925,0,Cash loans,F,N,Y,1,109000.0,789000.0,44980.0,700300.0,Family,Working,Secondary / secondary special,Married,House / apartment,-10979,-3020,-10349,-5096,0.1146,0.1237,0.6775
100926,0,Revolving loans,F,N,Y,0,92000.0,431500.0,33220.0,389700.0,Family,Working,Secondary / secondary special,Married,House / apartment,-11951,-4945,-8585,-887,0.1089,0.8878,0.2341
100927,0,Cash loans,F,N,Y,1,112000.0,1406500.0,65650.0,1351500.0,Unaccompanied,Working,Secondary / secondary special,Married,House / apartment,-7652,-4267,-11824,-3454,0.0507,0.8041,0.2057
100928,0,Revolving loans,F,N,Y,0,135000.0,711500.0,36070.0,657500.0,Unaccompanied,Working,Secondary / secondary special,Married,House / apartment,-24947,-6331,-4538,-744,0.3108,0.1421,0.6713
100929,0,Cash loans,M,Y,Y,0,175000.0,230500.0,9800.0,196900.0,Unaccompanied,Commercial associate,Secondary / secondary special,Married,Municipal apartment,-11678,-4723,-4058,-3436,0.3843,0.0633,0.8378
100930,0,Cash loans,M,N,N,1,267000.0,674500.0,48440.0,635700.0,Unaccompanied,Working,Secondary / secondary special,Single / not married,House / apartment,-10698,-9177,-4842,-5163,0.0988,0.5137,0.0805
100931,0,Cash loans,F,N,Y,1,115000.0,230000.0,14920.0,209700.0,Unaccompanied,Commercial associate,Secondary / secondary special,Civil marriage,House / apartment,-10306,-6846,-2177,-1704,0.5262,0.2771,0.4292
100932,0,Cash loans,F,N,Y,0,280000.0,776000.0,40820.0,766900.0,Unaccompanied,Working,Higher education,Married,House / apartment,-8304,-6239,-10058,-210,0.5583,0.2763,0.5807
100933,1,Cash loans,M,N,Y,0,139000.0,861500.0,40110.0,796800.0,Unaccompanied,Pensioner,Secondary / secondary special,Married,House / apartment,-22112,-1558,-1799,-6419,0.716,0.092,0.6457
100934,0,Cash loans,F,N,Y,1,87000.0,536500.0,22320.0,513100.0,Unaccompanied,State servant,Secondary / secondary special,Married,House / apartment,-13267,-3895,-7570,-4064,0.9274,0.9062,0.9464
100935,0,Cash loans,F,Y,Y,0,186000.0,149500.0,6980.0,132000.0,Unaccompanied,Commercial associate,Secondary / secondary special,Married,House / apartment,-13728,-3510,-8696,-5226,0.5922,0.7904,0.6517
100936,0,Cash loans,F,N,Y,0,215000.0,1418000.0,82430.0,1367200.0,Unaccompanied,Pensioner,Higher education,Single / not married,House / apartment,-9378,-4124,-719,-1956,0.115,0.117,0.5929
100937,0,Cash loans,M,N,Y,2,147000.0,1170000.0,58370.0,1121000.0,Unaccompanied,Working,Higher education,Single / not married,House / apartment,-9561,-6369,-1987,-2526,0.0932,0.834,0.9404
100938,0,Cash loans,F,Y,N,0,34000.0,1265500.0,63730.0,1247300.0,Unaccompanied,Pensioner,Higher education,Civil marriage,House / apartment,-9037,-662,-5773,-1702,0.7409,0.652,0.067
100939,0,Revolving loans,M,N,Y,0,53000.0,579000.0,43440.0,495100.0,Unaccompanied,Working,Secondary / secondary special,Married,House / apartment,-10396,-6192,-9066,-6348,0.6213,0.3159,0.08
100940,0,Cash loans,M,N,Y,0,75000.0,1152000.0,69820.0,1056500.0,Unaccompanied,Working,Secondary / secondary special,Civil marriage,House / apartment,-15227,-7092,-2878,-4214,0.1622,0.829,0.537
100941,0,Cash loans,F,Y,Y,0,75000.0,751000.0,51950.0,714900.0,Family,Working,Secondary / secondary special,Married,House / apartment,-9744,-7108,-8825,-485,0.2482,0.5721,0.3471
100942,0,Cash loans,F,Y,Y,0,193000.0,337500.0,13980.0,291700.0,Unaccompanied,Commercial associate,Secondary / secondary special,Married,House / apartment,-24020,-7896,-2420,-2156,0.7152,0.8077,0.1009
100943,0,Cash loans,M,Y,N,0,28000.0,226000.0,12340.0,206000.0,Family,Working,Secondary / secondary special,Married,House / apartment,-16459,-5759,-1324,-2501,0.5422,0.4511,0.2981
100944,0,Cash loans,F,N,N,0,236000.0,547000.0,32360.0,542300.0,Unaccompanied,Commercial associate,Incomplete higher,Civil marriage,House / apartment,-16163,-6184,-1008,-3310,0.5599,0.4806,0.6439
100945,0,Cash loans,M,N,Y,0,71000.0,245000.0,11630.0,224300.0,Unaccompanied,Working,Secondary / secondary special,Married,House / apartment,-20356,-3071,-10525,-5127,0.2074,0.2835,0.8378
100946,0,Cash loans,M,Y,N,0,81000.0,1497500.0,67100.0,1494200.0,Unaccompanied,Pensioner,Incomplete higher,Married,House / apartment,-18162,-444,-9331,-4607,0.6013,0.3744,0.0987
100947,0,Cash loans,F,N,N,0,138000.0,116500.0,8720.0,100000.0,Children,Commercial associate,Secondary / secondary special,Married,House / apartment,-18098,-6711,-11412,-1066,0.7344,0.5437,0.5177
100948,0,Cash loans,M,N,N,2,61000.0,687000.0,53300.0,657900.0,Unaccompanied,Working,Higher education,Married,House / apartment,-15487,-7224,-403,-5928,0.8421,0.9002,0.2883
100949,0,Cash loans,M,Y,Y,0,349000.0,703000.0,30340.0,658800.0,Unaccompanied,Working,Secondary / secondary special,Married,House / apartment,-10270,-6384,-11945,-4227,0.7025,0.5741,0.6373
100950,0,Revolving loans,M,N,Y,3,38000.0,482500.0,26040.0,446400.0,Unaccompanied,Pensioner,Higher education,Married,With parents,-10569,-2816,-6233,-6019,0.5518,0.1485,0.5265
100951,0,Cash loans,F,Y,Y,0,113000.0,876500.0,68660.0,872700.0,"Spouse, partner",Working,Secondary / secondary special,Married,House / apartment,-24162,-9964,-11382,-1815,0.6429,0.0166,0.8811
100952,0,Cash loans,F,N,N,1,309000.0,263000.0,11390.0,228700.0,Children,Commercial associate,Higher education,Single / not married,House / apartment,-24527,-5760,-8887,-2798,0.466,0.8099,0.0454
100953,0,Cash loans,F,N,Y,0,169000.0,1185500.0,77940.0,1167000.0,Unaccompanied,Commercial associate,Secondary / secondary special,Married,House / apartment,-8925,-7332,-9099,-6537,0.2233,0.3525,0.4518
100954,0,Cash loans,M,N,Y,0,77000.0,528500.0,41690.0,504000.0,Unaccompanied,Working,Secondary / secondary special,Married,House / apartment,-10780,-4993,-11356,-3629,0.8393,0.3061,0.1912
100955,0,Revolving loans,F,Y,Y,1,107000.0,905500.0,71650.0,804900.0,Unaccompanied,Working,Secondary / secondary special,Married,House / apartment,-15842,-1219,-6772,-4056,0.5107,0.7627,0.5146
100956,0,Cash loans,M,N,Y,1,209000.0,1086500.0,63940.0,1070500.0,"Spouse, partner",Working,Secondary / secondary special,Civil marriage,House / apartment,-23160,-2362,-6590,-197,0.5687,0.8986,0.8124
100957,0,Cash loans,F,N,Y,0,568000.0,1338500.0,62250.0,1223900.0,Unaccompanied,Working,Secondary / secondary special,Married,With parents,-10342,-842,-10118,-3371,0.9407,0.7132,0.8666
100958,0,Cash loans,F,Y,N,1,360000.0,1261000.0,60630.0,1225900.0,"Spouse, partner",Working,Incomplete higher,Single / not married,House / apartment,-13864,-5101,-120,-4315,0.9359,0.1734,0.3843
100959,0,Cash loans,F,Y,Y,0,88000.0,930000.0,70290.0,844700.0,Unaccompanied,Working,Secondary / secondary special,Married,House / apartment,-17533,-5403,-6460,-4963,0.5611,0.3779,0.7731
100960,0,Cash loans,M,Y,N,1,973000.0,610000.0,46650.0,596400.0,Unaccompanied,Working,Higher education,Married,House / apartment,-24885,-7430,-6281,-6237,0.0419,0.7238,0.2737
100961,0,Cash loans,F,N,Y,0,26000.0,777000.0,49970.0,734600.0,Family,Working,Secondary / secondary special,Widow,House / apartment,-18470,-882,-5862,-1315,0.3824,0.8625,0.0159
100962,0,Cash loans,F,N,Y,0,29000.0,1163500.0,82200.0,1013600.0,Unaccompanied,State servant,Secondary / secondary special,Married,House / apartment,-21373,-196,-2865,-6296,0.8911,0.9487,0.8139
100963,0,Cash loans,F,Y,Y,0,285000.0,1322000.0,92010.0,1252500.0,"Spouse, partner",Commercial associate,Secondary / secondary special,Married,House / apartment,-17867,-8878,-3731,-2572,0.281,0.4909,0.1222
100964,0,Revolving loans,M,N,Y,0,58000.0,196000.0,13030.0,172200.0,Unaccompanied,Pensioner,Higher education,Married,With parents,-7310,-6761,-3591,-6862,0.9493,0.7832,0.0266
100965,0,Cash loans,F,N,Y,1,34000.0,605000.0,44220.0,551600.0,Family,Working,Secondary / secondary special,Married,House / apartment,-22911,-5011,-11768,-4862,0.0893,0.0538,0.3426
100966,0,Cash loans,F,N,Y,0,66000.0,1174000.0,79150.0,1027900.0,Unaccompanied,Working,Secondary / secondary special,Married,House / apartment,-23307,-2338,-4486,-5541,0.544,0.2787,0.3666
100967,0,Cash loans,M,Y,Y,0,108000.0,673000.0,41300.0,574300.0,Unaccompanied,Pensioner,Secondary / secondary special,Separated,House / apartment,-17081,-9208,-7172,-1181,0.4945,0.3592,0.0826
100968,0,Cash loans,M,N,N,0,222000.0,528500.0,26150.0,466000.0,Unaccompanied,Commercial associate,Secondary / secondary special,Civil marriage,Rented apartment,-15205,-3449,-2414,-3341,0.25,0.927,0.7753
100969,0,Revolving loans,M,Y,Y,0,172000.0,643500.0,44890.0,598700.0,Unaccompanied,Working,Secondary / secondary special,Married,House / apartment,-10903,-2588,-9032,-6961,0.9017,0.0132,0.3913
100970,0,Cash loans,F,N,Y,0,66000.0,922000.0,54340.0,850300.0,Unaccompanied,Working,Secondary / secondary special,Married,Municipal apartment,-7589,-3893,-6635,-256,0.592,0.2995,0.4705
100971,0,Cash loans,F,N,Y,0,130000.0,1499500.0,77660.0,1387400.0,"Spouse, partner",Commercial associate,Secondary / secondary special,Single / not married,House / apartment,-12988,-7917,-2805,-2748,0.2264,0.8846,0.2587
100972,1,Cash loans,M,N,Y,2,416000.0,762500.0,54960.0,676500.0,Unaccompanied,Pensioner,Secondary / secondary special,Married,House / apartment,-14693,-2937,-11498,-2562,0.371,0.2983,0.4908
100973,0,Cash loans,F,N,Y,0,278000.0,348500.0,23650.0,332000.0,Unaccompanied,Working,Higher education,Married,House / apartment,-17168,-2486,-11625,-6065,0.688,0.2216,0.7307
100974,0,Cash loans,M,N,Y,0,84000.0,282000.0,21850.0,269500.0,Family,Commercial associate,Secondary / secondary special,Single / not married,House / apartment,-20736,-7496,-6665,-6588,0.2898,0.6963,0.8618
100975,0,Cash loans,F,N,Y,1,630000.0,106500.0,4960.0,96200.0,Unaccompanied,Commercial associate,Higher education,Single / not married,House / apartment,-14905,-1941,-5361,-6051,0.8368,0.7106,0.9223
100976,0,Cash loans,F,N,Y,0,210000.0,858000.0,56600.0,842700.0,Unaccompanied,State servant,Secondary / secondary special,Single / not married,House / apartment,-19127,-9494,-1465,-1667,0.1657,0.4538,0.4111
100977,0,Cash loans,F,Y,Y,2,35000.0,837500.0,41680.0,792800.0,Unaccompanied,Pensioner,Secondary / secondary special,Single / not married,House / apartment,-20285,-5466,-10048,-6314,0.2586,0.9001,0.9406
100978,0,Cash loans,F,Y,N,1,30000.0,343500.0,26160.0,328700.0,Family,Working,Secondary / secondary special,Widow,House / apartment,-19314,-8164,-10427,-6413,0.1462,0.2005,0.2873
100979,0,Cash loans,F,Y,Y,0,53000.0,1056500.0,46460.0,942000.0,Unaccompanied,Commercial associate,Secondary / secondary special,Married,House / apartment,-15674,-4869,-403,-2648,0.1079,0.8686,0.0166
100980,0,Revolving loans,F,N,Y,0,220000.0,1123500.0,74430.0,955100.0,Unaccompanied,Pensioner,Secondary / secondary special,Civil marriage,With parents,-24034,-9021,-6570,-5734,0.2923,0.7202,0.7316
100981,0,Cash loans,M,N,N,0,55000.0,422000.0,30230.0,413500.0,Family,Commercial associate,Secondary / secondary special,Married,House / apartment,-12884,-416,-8604,-636,0.9492,0.3561,0.1777
100982,0,Cash loans,F,N,Y,0,132000.0,545500.0,29560.0,531000.0,Family,Pensioner,Secondary / secondary special,Married,House / apartment,-20265,-7553,-9729,-6210,0.0987,0.7685,0.0593
100983,0,Cash loans,M,Y,Y,1,40000.0,1486000.0,116150.0,1290600.0,Unaccompanied,Pensioner,Secondary / secondary special,Married,House / apartment,-13704,-175,-4249,-2822,0.2102,0.1352,0.8786
100984,0,Cash loans,M,Y,Y,0,406000.0,589500.0,43640.0,534200.0,Unaccompanied,Working,Secondary / secondary special,Single / not married,House / apartment,-19459,-5169,-6346,-7,0.2653,0.1331,0.7543
100985,0,Cash loans,F,Y,Y,0,88000.0,1152000.0,59660.0,1093500.0,Family,Working,Secondary / secondary special,Married,House / apartment,-20799,-303,-8408,-1579,0.592,0.8841,0.1065
100986,0,Revolving loans,F,N,N,0,383000.0,703500.0,28350.0,666800.0,Unaccompanied,Pensioner,Higher education,Civil marriage,House / apartment,-21410,-7995,-6625,-134,0.7106,0.0991,0.7403
100987,0,Cash loans,M,N,Y,0,460000.0,1199500.0,62210.0,1174400.0,Family,Working,Higher education,Single / not married,Rented apartment,-22239,-6667,-9216,-3831,0.7168,0.0138,0.8034
100988,0,Cash loans,F,N,N,0,26000.0,1164000.0,59660.0,1013900.0,Unaccompanied,Working,Secondary / secondary special,Married,House / apartment,-13125,-7560,-2813,-6959,0.0181,0.3757,0.861
100989,0,Cash loans,M,N,N,1,119000.0,1016500.0,76850.0,929600.0,Unaccompanied,Working,Higher education,Single / not married,House / apartment,-10788,-3875,-805,-4925,0.6227,0.1076,0.5211
100990,0,Cash loans,M,N,Y,0,29000.0,1288500.0,101390.0,1114000.0,Unaccompanied,Pensioner,Higher education,Civil marriage,House / apartment,-9195,-8178,-3349,-4120,0.6029,0.8213,0.6712
100991,0,Cash loans,M,Y,Y,0,384000.0,1411500.0,60440.0,1282300.0,Unaccompanied,Working,Secondary / secondary special,Single / not married,House / apartment,-10208,-7024,-7361,-2512,0.4966,0.8773,0.7265
100992,0,Cash loans,F,N,Y,0,135000.0,889000.0,52320.0,757700.0,Unaccompanied,Commercial associate,Secondary / secondary special,Married,Municipal apartment,-8711,-7680,-2816,-6105,0.3665,0.4635,0.6573
100993,0,Cash loans,F,N,Y,1,37000.0,390500.0,24180.0,384500.0,Unaccompanied,Working,Higher education,Civil marriage,House / apartment,-12757,-5658,-11001,-4469,0.7596,0.4099,0.618
100994,0,Cash loans,F,N,Y,0,43000.0,625000.0,27320.0,580700.0,Unaccompanied,Working,Secondary / secondary special,Single / not married,House / apartment,-18874,-4455,-9463,-2243,0.3332,0.5167,0.5247
100995,0,Cash loans,F,Y,Y,1,98000.0,1148500.0,63280.0,1122600.0,Unaccompanied,Working,Secondary / secondary special,Married,House / apartment,-17435,-3151,-6231,-6847,0.2262,0.2226,0.4604
100996,0,Cash loans,M,N,Y,0,448000.0,992000.0,52260.0,852100.0,Unaccompanied,Working,Secondary / secondary special,Married,House / apartment,-12748,-2763,-8625,-6545,0.3015,0.2901,0.9464
100997,0,Cash loans,F,Y,Y,2,202000.0,303500.0,18650.0,268300.0,Family,Pensioner,Higher education,Married,House / apartment,-16147,-8723,-7420,-2169,0.4233,0.1049,0.3273
100998,0,Cash loans,F,Y,N,0,328000.0,119500.0,7940.0,106200.0,Unaccompanied,Pensioner,Higher education,Civil marriage,House / apartment,-15841,-7484,-8620,-4867,0.2112,0.4297,0.093
100999,1,Cash loans,M,N,Y,0,93000.0,1038500.0,70760.0,943000.0,Unaccompanied,Pensioner,Secondary / secondary special,Married,House / apartment,-21958,-3262,-9379,-6032,0.5811,0.585,0.7291
101000,0,Cash loans,F,N,N,0,32000.0,410500.0,18670.0,398400.0,Unaccompanied,Working,Incomplete higher,Married,With parents,-24827,-8489,-4257,-4654,0.8412,0.8844,0.211
101001,0,Cash loans,F,N,N,0,574000.0,772000.0,55980.0,701000.0,Unaccompanied,Commercial associate,Secondary / secondary special,Civil marriage,House / apartment,-24081,-5178,-10746,-3957,0.5697,0.7047,0.5107
101002,0,Cash loans,F,N,Y,0,28000.0,1131500.0,75970.0,996500.0,Unaccompanied,Working,Secondary / secondary special,Married,House / apartment,-7945,-138,-2312,-1232,0.4299,0.6897,0.1001
101003,0,Cash loans,M,Y,N,0,467000.0,863500.0,65250.0,742400.0,Unaccompanied,Working,Secondary / secondary special,Separated,House / apartment,-20000,-9020,-1995,-3372,0.7591,0.2995,0.5921
101004,0,Cash loans,F,Y,Y,0,94000.0,166000.0,9620.0,143100.0,Unaccompanied,Working,Incomplete higher,Married,House / apartment,-18264,-3265,-10349,-5720,0.7132,0.845,0.8974
101005,0,Cash loans,M,N,Y,0,27000.0,315000.0,23860.0,303700.0,Unaccompanied,Commercial associate,Secondary / secondary special,Married,House / apartment,-9262,-4879,-4995,-953,0.355,0.9001,0.6893
101006,0,Cash loans,F,N,Y,2,200000.0,364000.0,27170.0,333700.0,Unaccompanied,Working,Secondary / secondary special,Married,House / apartment,-24493,-6286,-1742,-1538,0.5779,0.8863,0.2117
101007,0,Revolving loans,M,N,Y,0,616000.0,420000.0,24170.0,402700.0,"Spouse, partner",Working,Secondary / secondary special,Separated,House / apartment,-13773,-2224,-9534,-907,0.6961,0.0465,0.9229
101008,0,Cash loans,M,N,Y,1,531000.0,867500.0,47930.0,826200.0,Unaccompanied,Pensioner,Secondary / secondary special,Single / not married,House / apartment,-14783,-7499,-1155,-1680,0.2407,0.5781,0.2987
101009,0,Cash loans,F,N,Y,0,51000.0,778500.0,60190.0,677500.0,Unaccompanied,Working,Secondary / secondary special,Separated,House / apartment,-11715,-4234,-3204,-1909,0.3543,0.6146,0.4204
101010,0,Cash loans,F,N,Y,0,55000.0,340500.0,23360.0,296700.0,Unaccompanied,State servant,Secondary / secondary special,Single / not married,House / apartment,-23148,-6394,-8585,-5653,0.1094,0.2874,0.4782
101011,0,Cash loans,F,N,Y,0,150000.0,143500.0,11070.0,138200.0,Unaccompanied,State servant,Higher education,Married,Rented apartment,-16005,-3871,-6763,-5158,0.9384,0.9429,0.9413
101012,1,Cash loans,M,Y,Y,0,177000.0,294500.0,21170.0,282200.0,Unaccompanied,Commercial associate,Secondary / secondary special,Married,House / apartment,-18004,-5638,-6947,-5926,0.0907,0.2837,0.0748
101013,1,Cash loans,F,N,Y,2,227000.0,1477500.0,95110.0,1339700.0,Family,Working,Secondary / secondary special,Married,House / apartment,-23691,-3357,-7202,-4089,0.1685,0.2136,0.6649
101014,0,Cash loans,F,N,Y,0,55000.0,726500.0,32430.0,626000.0,Unaccompanied,Pensioner,Secondary / secondary special,Married,House / apartment,-19751,-6561,-11834,-618,0.461,0.4651,0.3502
101015,0,Cash loans,F,N,Y,1,504000.0,1307000.0,67520.0,1113300.0,Unaccompanied,Working,Secondary / secondary special,Separated,House / apartment,-20368,-5488,-4817,-5903,0.8234,0.3138,0.0836
101016,1,Cash loans,F,Y,Y,2,178000.0,1280000.0,100800.0,1143300.0,Unaccompanied,Working,Secondary / secondary special,Married,House / apartment,-17620,-8000,-2040,-2788,0.3445,0.8786,0.8889
101017,0,Cash loans,F,N,Y,0,307000.0,789500.0,41670.0,672200.0,Unaccompanied,Pensioner,Higher education,Single / not married,House / apartment,-20508,-1344,-2078,-1909,0.7325,0.4237,0.5645
101018,0,Cash loans,F,N,N,2,142000.0,1073000.0,46920.0,949100.0,Unaccompanied,Working,Secondary / secondary special,Widow,House / apartment,-9144,-757,-2864,-2844,0.6455,0.3955,0.7183
101019,0,Cash loans,F,N,Y,0,105000.0,325500.0,22230.0,297200.0,Unaccompanied,Working,Higher education,Married,House / apartment,-22557,-1799,-11653,-4301,0.6103,0.5983,0.236
101020,0,Cash loans,M,Y,Y,2,592000.0,1046500.0,72590.0,908600.0,"Spouse, partner",Commercial associate,Higher education,Civil marriage,House / apartment,-14859,-4556,-5829,-4678,0.8043,0.0862,0.7258
101021,0,Cash loans,M,N,Y,1,156000.0,441500.0,22700.0,382200.0,Unaccompanied,Commercial associate,Secondary / secondary special,Married,House / apartment,-16594,-6168,-6249,-5800,0.0233,0.7213,0.7888
101022,0,Cash loans,F,Y,N,0,327000.0,1255500.0,65170.0,1236000.0,Unaccompanied,Working,Secondary / secondary special,Single / not married,House / apartment,-7979,-8147,-7442,-696,0.8834,0.7323,0.415
101023,1,Cash loans,M,Y,Y,2,485000.0,167000.0,9810.0,156600.0,Unaccompanied,Working,Secondary / secondary special,Married,House / apartment,-14490,-6063,-5215,-6555,0.7895,0.4556,0.5476
101024,1,Cash loans,M,Y,Y,0,194000.0,1170000.0,47820.0,1158500.0,Unaccompanied,Working,Secondary / secondary special,Married,House / apartment,-12647,-6335,-5112,-3404,0.8916,0.9084,0.9236
101025,1,Cash loans,M,N,Y,0,144000.0,190500.0,13630.0,171800.0,Family,Working,Secondary / secondary special,Married,House / apartment,-20025,-4635,-6937,-4303,0.756,0.5546,0.8059
101026,0,Cash loans,F,N,Y,0,26000.0,1327000.0,69910.0,1262700.0,Family,Pensioner,Secondary / secondary special,Widow,House / apartment,-18861,-7373,-4256,-404,0.8359,0.6635,0.4282
101027,0,Revolving loans,F,N,Y,0,31000.0,487500.0,36150.0,429300.0,Unaccompanied,Commercial associate,Secondary / secondary special,Civil marriage,House / apartment,-20871,-2076,-9521,-2435,0.2009,0.8789,0.6347
101028,0,Cash loans,F,Y,Y,0,59000.0,997000.0,71890.0,939900.0,Unaccompanied,Commercial associate,Higher education,Married,House / apartment,-18315,-8037,-9838,-1510,0.3101,0.6364,0.7472
101029,0,Cash loans,M,N,N,1,56000.0,754500.0,50140.0,656000.0,Unaccompanied,Working,Secondary / secondary special,Widow,House / apartment,-7309,-3769,-7891,-4962,0.3063,0.4159,0.0329
101030,0,Cash loans,F,N,Y,0,69000.0,578000.0,30630.0,491500.0,Unaccompanied,Working,Secondary / secondary special,Married,House / apartment,-23287,-4292,-6339,-6003,0.1126,0.0333,0.5631
101031,0,Cash loans,F,Y,Y,0,80000.0,984000.0,59680.0,973900.0,Unaccompanied,Working,Secondary / secondary special,Civil marriage,House / apartment,-19745,-1037,-10847,-2318,0.6958,0.6946,0.9355
101032,0,Cash loans,F,N,N,0,92000.0,1423500.0,82270.0,1328500.0,Family,Working,Secondary / secondary special,Married,House / apartment,-22503,-5696,-2385,-4088,0.138,0.917,0.9003
101033,0,Cash loans,F,N,Y,0,107000.0,105000.0,5620.0,103800.0,Unaccompanied,Working,Secondary / secondary special,Married,House / apartment,-18323,-1389,-11029,-2484,0.0594,0.452,0.7925
101034,0,Cash loans,F,N,N,1,41000.0,1382000.0,102160.0,1243900.0,Unaccompanied,Working,Higher education,Single / not married,House / apartment,-12621,-4770,-5429,-857,0.7389,0.3294,0.1098
101035,0,Cash loans,F,N,Y,1,31000.0,931000.0,55250.0,837100.0,Unaccompanied,Working,Higher education,Married,House / apartment,-17678,-2250,-5298,-3729,0.8604,0.4981,0.9444
101036,0,Cash loans,F,Y,N,2,193000.0,1219500.0,89400.0,1109900.0,Unaccompanied,Pensioner,Secondary / secondary special,Married,House / apartment,-23379,-7521,-3305,-2392,0.7283,0.6947,0.583
101037,0,Cash loans,F,N,Y,0,141000.0,603500.0,26680.0,576900.0,Unaccompanied,Pensioner,Secondary / secondary special,Married,House / apartment,-14806,-8804,-3320,-4068,0.7858,0.0106,0.2195
101038,0,Revolving loans,M,N,N,0,113000.0,731500.0,33390.0,683900.0,Unaccompanied,Commercial associate,Secondary / secondary special,Married,House / apartment,-17519,-1616,-6275,-6292,0.5699,0.844,0.6438
101039,0,Cash loans,M,N,N,2,176000.0,1309000.0,103530.0,1294300.0,Unaccompanied,Working,Secondary / secondary special,Married,House / apartment,-8756,-1504,-6392,-6771,0.8445,0.8432,0.8151
101040,0,Cash loans,M,Y,Y,1,289000.0,648500.0,41190.0,553700.0,Unaccompanied,Pensioner,Higher education,Widow,House / apartment,-7343,-4592,-3526,-4282,0.4769,0.5188,0.1156
101041,0,Cash loans,M,Y,Y,0,109000.0,823000.0,49700.0,787000.0,Unaccompanied,State servant,Incomplete higher,Married,House / apartment,-14626,-6270,-6642,-19,0.939,0.125,0.8715
101042,0,Revolving loans,F,N,Y,0,179000.0,74500.0,4540.0,67000.0,Unaccompanied,Working,Secondary / secondary special,Married,House / apartment,-17386,-2453,-4914,-5457,0.1072,0.6415,0.875
101043,0,Cash loans,F,N,N,2,485000.0,276000.0,13420.0,242100.0,Children,Commercial associate,Secondary / secondary special,Married,House / apartment,-15076,-680,-10496,-2420,0.7706,0.1396,0.0227
101044,0,Cash loans,M,N,Y,1,300000.0,978500.0,67270.0,906600.0,Children,Pensioner,Secondary / secondary special,Single / not married,Rented apartment,-22192,-3429,-9463,-3026,0.6129,0.4871,0.8563
101045,0,Cash loans,F,Y,Y,0,108000.0,1088000.0,47210.0,1007200.0,Family,Commercial associate,Secondary / secondary special,Single / not married,House / apartment,-15500,-8393,-1287,-66,0.5558,0.098,0.9
101046,0,Cash loans,F,N,Y,1,180000.0,892500.0,56170.0,777000.0,Unaccompanied,Working,Secondary / secondary special,Single / not married,House / apartment,-12932,-4650,-4944,-5558,0.6923,0.5637,0.0454
101047,0,Cash loans,F,Y,Y,0,54000.0,253500.0,15930.0,223200.0,Unaccompanied,Working,Secondary / secondary special,Married,House / apartment,-21000,-3063,-360,-3133,0.7999,0.309,0.2865
101048,0,Cash loans,F,N,Y,0,148000.0,693000.0,53060.0,631500.0,Unaccompanied,Working,Secondary / secondary special,Married,House / apartment,-9162,-398,-1974,-3557,0.8211,0.7911,0.3607
101049,0,Cash loans,F,N,N,0,622000.0,561500.0,34280.0,511700.0,"Spouse, partner",Working,Secondary / secondary special,Single / not married,House / apartment,-24917,-4216,-11119,-785,0.1749,0.7619,0.338
101050,0,Cash loans,F,N,Y,0,135000.0,766000.0,34840.0,687600.0,Unaccompanied,Pensioner,Secondary / secondary special,Separated,House / apartment,-12011,-144,-3464,-6094,0.1952,0.9486,0.7235
101051,0,Cash loans,F,Y,N,0,419000.0,1311500.0,82510.0,1144000.0,Unaccompanied,Commercial associate,Secondary / secondary special,Married,House / apartment,-9757,-7747,-2226,-6765,0.0252,0.2521,0.3466
101052,0,Cash loans,M,N,Y,0,103000.0,1174000.0,51250.0,998700.0,Unaccompanied,Working,Secondary / secondary special,Married,House / apartment,-18496,-2643,-5044,-2132,0.1339,0.0681,0.9092
101053,1,Cash loans,F,Y,Y,0,1040000.0,167000.0,8040.0,166300.0,Unaccompanied,Commercial associate,Secondary / secondary special,Married,House / apartment,-20139,-3959,-5625,-1429,0.258,0.4264,0.9453
101054,0,Cash loans,F,N,Y,1,155000.0,1340500.0,55290.0,1329100.0,Unaccompanied,Commercial associate,Secondary / secondary special,Married,House / apartment,-13999,-4878,-1850,-1418,0.6878,0.0884,0.3078
101055,1,Cash loans,F,N,Y,3,31000.0,731500.0,44280.0,674800.0,Unaccompanied,Working,Incomplete higher,Single / not married,House / apartment,-20467,-4494,-5932,-3690,0.4572,0.1778,0.4883
101056,0,Revolving loans,M,N,N,0,158000.0,1127500.0,48910.0,1126700.0,Unaccompanied,Working,Secondary / secondary special,Married,House / apartment,-15759,-3652,-10738,-1547,0.7224,0.5715,0.5342
101057,0,Cash loans,F,Y,N,0,73000.0,249000.0,14640.0,236800.0,"Spouse, partner",Pensioner,Higher education,Married,House / apartment,-14457,-3255,-10916,-4271,0.4673,0.5666,0.5546
101058,0,Cash loans,F,N,Y,2,30000.0,1021000.0,78940.0,878400.0,Unaccompanied,Commercial associate,Secondary / secondary special,Married,House / apartment,-19353,-387,-11866,-358,0.5323,0.0507,0.3618
101059,0,Cash loans,F,Y,Y,0,283000.0,389000.0,26760.0,337500.0,Family,Working,Secondary / secondary special,Married,House / apartment,-10014,-3805,-3905,-6974,0.1144,0.4263,0.166
101060,0,Revolving loans,F,Y,Y,1,73000.0,683000.0,29430.0,674400.0,Unaccompanied,Working,Secondary / secondary special,Married,House / apartment,-14664,-616,-3775,-1562,0.74,0.5084,0.0613
101061,0,Cash loans,M,Y,N,1,264000.0,69500.0,3400.0,65600.0,Unaccompanied,Working,Secondary / secondary special,Married,House / apartment,-22556,-2301,-817,-4386,0.7226,0.2619,0.11
101062,1,Cash loans,M,N,N,0,76000.0,265500.0,17770.0,259300.0,Unaccompanied,Commercial associate,Secondary / secondary special,Single / not married,House / apartment,-19298,-6677,-2146,-2177,0.2991,0.8297,0.8572
101063,0,Cash loans,F,Y,N,1,57000.0,179000.0,13570.0,176300.0,Unaccompanied,Working,Higher education,Married,House / apartment,-16883,-8202,-7774,-3810,0.3189,0.1614,0.2736
101064,0,Cash loans,F,Y,Y,1,572000.0,394000.0,16280.0,361400.0,Unaccompanied,Commercial associate,Secondary / secondary special,Married,House / apartment,-16574,-3758,-8372,-478,0.2165,0.2487,0.0822
101065,0,Cash loans,M,N,Y,0,92000.0,190500.0,13810.0,163300.0,Unaccompanied,Working,Secondary / secondary special,Married,House / apartment,-19571,-7022,-7096,-647,0.775,0.1576,0.5961
101066,0,Cash loans,F,N,Y,0,163000.0,1051500.0,65690.0,923500.0,Unaccompanied,Working,Secondary / secondary special,Married,House / apartment,-10135,-4386,-7833,-6675,0.7122,0.1196,0.0808
101067,0,Cash loans,F,N,Y,0,166000.0,87500.0,5410.0,75200.0,Unaccompanied,Commercial associate,Secondary / secondary special,Married,House / apartment,-15313,-4036,-4469,-263,0.5826,0.8362,0.0758
101068,0,Revolving loans,F,N,Y,0,148000.0,944000.0,73930.0,829100.0,Unaccompanied,Working,Higher education,Married,Municipal apartment,-20539,-9461,-5955,-3742,0.2345,0.2712,0.5943
101069,0,Cash loans,M,N,Y,0,394000.0,249500.0,17440.0,227400.0,Unaccompanied,Pensioner,Higher education,Single / not married,House / apartment,-11505,-1090,-4719,-6646,0.1715,0.6892,0.5659
101070,0,Cash loans,F,N,Y,0,193000.0,1420000.0,105090.0,1232200.0,Unaccompanied,Working,Secondary / secondary special,Married,House / apartment,-21153,-5071,-7850,-2956,0.0573,0.4123,0.049
101071,0,Cash loans,F,N,N,0,103000.0,1402500.0,75960.0,1227200.0,Unaccompanied,Commercial associate,Secondary / secondary special,Civil marriage,House / apartment,-9454,-7821,-6014,-1561,0.0529,0.6077,0.4428
101072,0,Cash loans,M,N,N,2,322000.0,373000.0,23190.0,342000.0,Unaccompanied,Working,Secondary / secondary special,Married,House / apartment,-17836,-1951,-4958,-5200,0.1859,0.8825,0.4196
101073,0,Cash loans,F,N,Y,0,55000.0,939000.0,60670.0,846100.0,Unaccompanied,Working,Incomplete higher,Married,House / apartment,-11223,-8289,-6265,-1436,0.1045,0.8039,0.5239
101074,0,Cash loans,F,N,Y,0,143000.0,85500.0,4520.0,78700.0,Unaccompanied,Pensioner,Secondary / secondary special,Single / not married,House / apartment,-17346,-2809,-441,-6618,0.5327,0.0748,0.7036
101075,1,Cash loans,M,N,Y,0,476000.0,1401000.0,88000.0,1281000.0,Unaccompanied,Working,Higher education,Married,House / apartment,-14562,-4107,-7884,-2005,0.3466,0.8045,0.2758
101076,0,Cash loans,F,N,N,0,172000.0,806000.0,39870.0,763000.0,Unaccompanied,Commercial associate,Secondary / secondary special,Married,House / apartment,-11168,-2721,-10484,-6161,0.4282,0.4347,0.4168
101077,0,Revolving loans,F,N,N,0,280000.0,108000.0,4940.0,107000.0,Unaccompanied,Working,Lower secondary,Married,House / apartment,-11090,-2278,-9854,-3140,0.5684,0.3391,0.7552
101078,0,Cash loans,F,N,N,0,184000.0,543500.0,29870.0,470800.0,Unaccompanied,Commercial associate,Secondary / secondary special,Married,House / apartment,-18524,-938,-7658,-907,0.6296,0.642,0.8772
101079,0,Cash loans,F,N,N,0,299000.0,157000.0,10920.0,135800.0,Unaccompanied,Pensioner,Secondary / secondary special,Married,House / apartment,-8573,-9847,-9062,-129,0.6193,0.9032,0.8478
101080,1,Revolving loans,F,Y,Y,1,459000.0,616500.0,47250.0,602900.0,Unaccompanied,Commercial associate,Secondary / secondary special,Married,Municipal apartment,-18459,-9514,-11066,-937,0.2552,0.0985,0.459
101081,0,Cash loans,F,N,Y,3,73000.0,1019500.0,59450.0,944000.0,Family,Commercial associate,Incomplete higher,Widow,House / apartment,-19734,-5034,-10691,-3718,0.771,0.732,0.4996
101082,0,Cash loans,F,Y,Y,0,53000.0,728500.0,47870.0,703000.0,Unaccompanied,Pensioner,Incomplete higher,Civil marriage,House / apartment,-20628,-9725,-3212,-814,0.8726,0.2013,0.5074
101083,0,Cash loans,M,N,Y,0,124000.0,603500.0,26630.0,532500.0,Unaccompanied,State servant,Secondary / secondary special,Married,House / apartment,-22003,-8204,-9848,-3962,0.307,0.3673,0.8266
101084,0,Cash loans,F,N,N,0,207000.0,218500.0,16650.0,212900.0,Family,Working,Higher education,Married,House / apartment,-16704,-7438,-1896,-5849,0.026,0.8314,0.7995
101085,1,Cash loans,F,N,Y,1,64000.0,401500.0,25190.0,396900.0,Unaccompanied,Commercial associate,Secondary / secondary special,Married,House / apartment,-15111,-1268,-1089,-3381,0.8552,0.5231,0.3028
101086,0,Cash loans,F,N,Y,0,26000.0,190500.0,13570.0,180100.0,Unaccompanied,Working,Higher education,Married,House / apartment,-17787,-7448,-8674,-5606,0.8781,0.0734,0.1631
101087,0,Cash loans,M,N,Y,2,88000.0,1220000.0,87570.0,1056400.0,Children,Working,Higher education,Single / not married,With parents,-17689,-1047,-308,-14,0.0579,0.4876,0.3662
101088,0,Cash loans,F,N,N,0,545000.0,242000.0,12160.0,238200.0,Family,Working,Secondary / secondary special,Married,House / apartment,-9564,-260,-8784,-5615,0.0147,0.7523,0.2811
101089,1,Cash loans,F,N,Y,0,203000.0,911500.0,55750.0,883100.0,Unaccompanied,Pensioner,Secondary / secondary special,Married,House / apartment,-22665,-2727,-1018,-2037,0.7774,0.5071,0.9037
101090,0,Cash loans,F,N,Y,0,102000.0,543500.0,42620.0,523200.0,Unaccompanied,Working,Secondary / secondary special,Separated,House / apartment,-22496,-2635,-4493,-5305,0.2934,0.1669,0.26
101091,1,Cash loans,F,N,Y,2,57000.0,374000.0,16300.0,320000.0,Unaccompanied,Commercial associate,Secondary / secondary special,Civil marriage,House / apartment,-16910,-2372,-3261,-3488,0.8697,0.4283,0.1803
101092,0,Revolving loans,F,Y,Y,1,91000.0,975500.0,65670.0,946100.0,Unaccompanied,Working,Higher education,Single / not married,Municipal apartment,-21169,-3563,-7084,-5102,0.2137,0.8789,0.8555
101093,0,Cash loans,M,Y,Y,0,53000.0,710000.0,55730.0,618200.0,Unaccompanied,Working,Secondary / secondary special,Civil marriage,House / apartment,-17369,-4904,-4290,-706,0.8195,0.6287,0.0913
101094,0,Cash loans,F,N,N,0,42000.0,627000.0,32620.0,553900.0,Unaccompanied,Pensioner,Secondary / secondary special,Single / not married,Municipal apartment,-18399,-260,-7101,-702,0.0745,0.6961,0.2547
101095,0,Cash loans,F,N,Y,0,381000.0,907500.0,67570.0,849900.0,Family,Working,Secondary / secondary special,Married,House / apartment,-23486,-1884,-1357,-4841,0.255,0.7488,0.4228
101096,0,Cash loans,F,N,N,0,933000.0,760000.0,58780.0,676200.0,Unaccompanied,Working,Secondary / secondary special,Married,House / apartment,-15871,-6698,-82,-6575,0.9247,0.0953,0.5694
101097,0,Revolving loans,M,Y,Y,1,52000.0,486500.0,34000.0,461800.0,Unaccompanied,Working,Secondary / secondary special,Married,Municipal apartment,-18792,-3282,-8442,-6080,0.2273,0.5566,0.318
101098,0,Cash loans,F,N,Y,1,33000.0,858500.0,42280.0,808000.0,Unaccompanied,Commercial associate,Higher education,Married,House / apartment,-24377,-3724,-9285,-4131,0.135,0.3634,0.4765
101099,0,Cash loans,F,N,N,1,85000.0,1019000.0,54370.0,882700.0,Unaccompanied,Working,Secondary / secondary special,Civil marriage,House / apartment,-21780,-9058,-5411,-4842,0.8156,0.1408,0.1969
101100,0,Cash loans,F,Y,Y,3,118000.0,84000.0,3480.0,79700.0,Unaccompanied,Working,Higher education,Married,House / apartment,-17882,-2127,-2387,-6160,0.1207,0.2005,0.5498
101101,0,Cash loans,F,N,Y,0,59000.0,723000.0,52970.0,714800.0,Unaccompanied,Commercial associate,Secondary / secondary special,Married,House / apartment,-14333,-8476,-1408,-6657,0.1016,0.7443,0.3933
101102,1,Cash loans,F,N,N,1,79000.0,129000.0,9540.0,112800.0,Unaccompanied,Working,Higher education,Married,House / apartment,-8147,-1996,-9673,-6176,0.314,0.1618,0.8083
101103,0,Revolving loans,F,Y,Y,1,59000.0,316000.0,20640.0,296900.0,Unaccompanied,Pensioner,Secondary / secondary special,Married,House / apartment,-18463,-2504,-11403,-6492,0.6072,0.3037,0.4008
101104,1,Cash loans,F,N,N,0,248000.0,860500.0,46550.0,775600.0,Unaccompanied,Working,Secondary / secondary special,Civil marriage,House / apartment,-24879,-2639,-9290,-5499,0.6781,0.2778,0.4272
101105,1,Cash loans,F,N,Y,1,212000.0,1305500.0,56230.0,1199700.0,Unaccompanied,Working,Secondary / secondary special,Single / not married,House / apartment,-17004,-832,-3728,-2555,0.8384,0.0557,0.5666
101106,0,Cash loans,F,N,Y,0,176000.0,1329500.0,93230.0,1187300.0,Unaccompanied,Commercial associate,Incomplete higher,Married,House / apartment,-19394,-9913,-5294,-4741,0.5185,0.4444,0.1258
101107,0,Cash loans,F,N,Y,1,98000.0,147000.0,10150.0,132800.0,Unaccompanied,Pensioner,Secondary / secondary special,Married,House / apartment,-13632,-677,-8924,-2986,0.3798,0.73,0.1574
101108,0,Cash loans,F,N,N,0,385000.0,655000.0,50110.0,559600.0,Unaccompanied,Pensioner,Secondary / secondary special,Single / not married,House / apartment,-12948,-2261,-322,-3939,0.3473,0.0308,0.7528
101109,0,Cash loans,M,Y,Y,0,549000.0,893500.0,61850.0,891000.0,Unaccompanied,Commercial associate,Higher education,Single / not married,House / apartment,-10750,-8669,-2057,-4951,0.8061,0.1158,0.267
101110,0,Cash loans,M,N,N,0,54000.0,259000.0,18950.0,244400.0,Unaccompanied,Working,Secondary / secondary special,Married,House / apartment,-15718,-3948,-3060,-3338,0.6904,0.687,0.6536
101111,0,Cash loans,M,Y,N,0,63000.0,1158500.0,80910.0,1071700.0,Family,Working,Secondary / secondary special,Separated,House / apartment,-23250,-1408,-3700,-516,0.8611,0.568,0.1016
101112,0,Cash loans,M,Y,Y,0,137000.0,1128000.0,73580.0,1023700.0,Unaccompanied,Working,Secondary / secondary special,Widow,House / apartment,-9107,-941,-5635,-797,0.9162,0.6823,0.7825
101113,0,Cash loans,F,N,Y,0,39000.0,1359500.0,77600.0,1265600.0,Unaccompanied,Pensioner,Secondary / secondary special,Widow,House / apartment,-19800,-2271,-3384,-6025,0.292,0.2263,0.9389
101114,0,Cash loans,M,N,Y,0,111000.0,57500.0,4370.0,52200.0,Unaccompanied,Pensioner,Secondary / secondary special,Single / not married,House / apartment,-23005,-8447,-9453,-484,0.5079,0.7655,0.3613
101115,0,Cash loans,F,N,Y,0,156000.0,360500.0,23810.0,325900.0,Unaccompanied,State servant,Secondary / secondary special,Separated,House / apartment,-7718,-6353,-8997,-3674,0.6039,0.4611,0.4852
101116,0,Cash loans,F,Y,Y,1,136000.0,1248500.0,69830.0,1148100.0,Unaccompanied,Working,Higher education,Married,House / apartment,-23422,-9994,-9725,-2711,0.164,0.5837,0.4261
101117,0,Cash loans,F,Y,Y,2,85000.0,1020500.0,44230.0,909700.0,Unaccompanied,Commercial associate,Secondary / secondary special,Civil marriage,House / apartment,-10455,-3485,-10233,-442,0.0601,0.0966,0.8505
101118,0,Cash loans,F,N,N,0,142000.0,1346500.0,69520.0,1180900.0,Family,Commercial associate,Secondary / secondary special,Separated,House / apartment,-16410,-4921,-4225,-6521,0.8257,0.2027,0.0193
101119,0,Cash loans,M,Y,N,1,503000.0,128000.0,7900.0,119500.0,Unaccompanied,Commercial associate,Secondary / secondary special,Separated,House / apartment,-19763,-5913,-3456,-1653,0.5134,0.737,0.6243
101120,0,Cash loans,F,N,N,0,60000.0,913500.0,46610.0,892000.0,Unaccompanied,Commercial associate,Secondary / secondary special,Civil marriage,House / apartment,-9931,-1513,-3664,-1013,0.5465,0.2205,0.6232
101121,0,Cash loans,F,Y,N,1,185000.0,873000.0,42650.0,762100.0,Unaccompanied,Pensioner,Secondary / secondary special,Married,House / apartment,-11930,-144,-3096,-962,0.5316,0.097,0.3694
101122,1,Cash loans,M,N,Y,0,32000.0,97000.0,5930.0,82900.0,Unaccompanied,Working,Higher education,Married,House / apartment,-14168,-1786,-7428,-572,0.7197,0.5714,0.2162
101123,0,Cash loans,F,N,Y,0,35000.0,792000.0,37060.0,702500.0,Unaccompanied,Working,Higher education,Married,House / apartment,-12813,-5336,-7565,-4453,0.1468,0.5251,0.2353
101124,0,Cash loans,F,Y,N,0,145000.0,932000.0,67120.0,929200.0,Unaccompanied,Working,Higher education,Single / not married,Municipal apartment,-9129,-6725,-4659,-6681,0.5872,0.5814,0.7624
101125,0,Cash loans,M,N,Y,0,42000.0,323500.0,19210.0,315200.0,Family,Working,Secondary / secondary special,Married,House / apartment,-17155,-2825,-9545,-4716,0.4513,0.5912,0.0721
101126,0,Cash loans,F,N,N,1,28000.0,442500.0,27860.0,415700.0,Family,Working,Higher education,Married,Municipal apartment,-23230,-9715,-148,-5999,0.8531,0.4802,0.54
101127,0,Cash loans,F,N,Y,1,53000.0,976500.0,44820.0,966100.0,Unaccompanied,Working,Higher education,Married,House / apartment,-19911,-8109,-5730,-1830,0.4984,0.4741,0.2984
101128,0,Cash loans,F,N,Y,0,150000.0,726500.0,38490.0,666000.0,Unaccompanied,Working,Secondary / secondary special,Married,House / apartment,-11112,-4114,-7163,-3842,0.8964,0.8787,0.2593
101129,0,Revolving loans,F,N,N,0,207000.0,1293500.0,72960.0,1290300.0,Unaccompanied,Commercial associate,Secondary / secondary special,Separated,House / apartment,-24570,-5880,-9975,-4901,0.3421,0.5118,0.4854
101130,0,Cash loans,M,Y,N,1,59000.0,543000.0,39270.0,485700.0,Unaccompanied,Pensioner,Secondary / secondary special,Single / not married,House / apartment,-18831,-4695,-6262,-5161,0.9189,0.5903,0.854
101131,0,Cash loans,F,N,Y,1,191000.0,433000.0,30660.0,383700.0,"Spouse, partner",Pensioner,Secondary / secondary special,Single / not married,With parents,-20536,-8365,-5553,-815,0.8326,0.261,0.591
101132,0,Cash loans,F,N,N,0,55000.0,1478000.0,72300.0,1397800.0,Unaccompanied,Working,Higher education,Married,Rented apartment,-11447,-3118,-10467,-6156,0.5592,0.8288,0.7513
101133,0,Revolving loans,F,Y,Y,0,168000.0,1370500.0,88600.0,1242700.0,Unaccompanied,Working,Secondary / secondary special,Civil marriage,Municipal apartment,-10059,-6392,-614,-5720,0.3425,0.0329,0.5746
101134,0,Cash loans,F,N,Y,0,105000.0,87000.0,4330.0,82100.0,Unaccompanied,Working,Secondary / secondary special,Married,House / apartment,-18270,-1660,-10016,-3671,0.3634,0.5338,0.6659
101135,0,Cash loans,M,N,N,0,184000.0,1166500.0,92770.0,1044900.0,Unaccompanied,State servant,Secondary / secondary special,Married,House / apartment,-10176,-9183,-8431,-6967,0.7364,0.3708,0.4165
101136,0,Cash loans,F,Y,Y,0,821000.0,205500.0,16050.0,193700.0,Unaccompanied,Commercial associate,Secondary / secondary special,Separated,House / apartment,-20012,-9538,-912,-2536,0.5558,0.5777,0.8804
101137,0,Cash loans,F,Y,Y,0,442000.0,85000.0,5320.0,75800.0,"Spouse, partner",Working,Secondary / secondary special,Single / not married,House / apartment,-20632,-572,-3013,-1210,0.3875,0.3486,0.4818
101138,0,Cash loans,F,N,Y,1,26000.0,443000.0,30100.0,379900.0,Unaccompanied,Pensioner,Incomplete higher,Single / not married,House / apartment,-17203,-5535,-5409,-3134,0.6079,0.6846,0.5287
101139,0,Cash loans,M,Y,Y,0,350000.0,437000.0,31490.0,431200.0,Unaccompanied,Working,Secondary / secondary special,Married,House / apartment,-23739,-2317,-11945,-5455,0.6992,0.0291,0.5035
101140,0,Cash loans,M,N,Y,3,35000.0,1237000.0,85160.0,1215300.0,Unaccompanied,Pensioner,Higher education,Married,House / apartment,-10662,-8992,-158,-554,0.0315,0.3915,0.3072
101141,0,Cash loans,F,Y,Y,1,484000.0,1079000.0,73360.0,1074300.0,Unaccompanied,Working,Secondary / secondary special,Married,House / apartment,-18351,-152,-547,-2792,0.0945,0.7914,0.2274
101142,0,Revolving loans,F,N,Y,2,75000.0,1473000.0,115400.0,1410400.0,Unaccompanied,Working,Secondary / secondary special,Married,House / apartment,-16498,-3087,-5132,-5865,0.0988,0.2452,0.0794
101143,0,Cash loans,F,Y,N,0,97000.0,1080500.0,69000.0,1029100.0,Unaccompanied,Working,Secondary / secondary special,Married,House / apartment,-12303,-8430,-2900,-6218,0.228,0.0596,0.6851
101144,0,Cash loans,M,N,Y,1,39000.0,653500.0,42770.0,610300.0,Unaccompanied,Pensioner,Higher education,Married,House / apartment,-23032,-9689,-7674,-6908,0.4114,0.4767,0.2819
101145,0,Cash loans,F,Y,N,0,43000.0,1062000.0,78560.0,922800.0,Unaccompanied,Pensioner,Secondary / secondary special,Married,House / apartment,-15205,-2237,-2265,-4920,0.7654,0.9279,0.3758
101146,0,Cash loans,M,Y,Y,0,220000.0,1499000.0,100130.0,1316700.0,Unaccompanied,Commercial associate,Secondary / secondary special,Married,Rented apartment,-9081,-927,-8946,-5268,0.34,0.0703,0.8747
101147,0,Cash loans,F,Y,Y,0,458000.0,1078500.0,74760.0,963600.0,Unaccompanied,Working,Secondary / secondary special,Widow,House / apartment,-20712,-8264,-734,-4062,0.0264,0.0759,0.5425
101148,0,Cash loans,M,N,Y,0,167000.0,1153000.0,56920.0,1134000.0,Unaccompanied,Working,Higher education,Single / not married,With parents,-24673,-1348,-3791,-3765,0.4644,0.5694,0.1013
101149,0,Cash loans,F,N,Y,1,214000.0,1410500.0,77370.0,1235500.0,"Spouse, partner",State servant,Secondary / secondary special,Civil marriage,House / apartment,-18656,-4935,-11020,-4302,0.9468,0.2451,0.7616
101150,0,Cash loans,F,N,Y,1,240000.0,210500.0,9660.0,208100.0,Unaccompanied,Commercial associate,Secondary / secondary special,Married,House / apartment,-7677,-8477,-4317,-6836,0.3381,0.3956,0.2508
101151,0,Cash loans,F,Y,Y,0,71000.0,1070500.0,64480.0,993900.0,Unaccompanied,Pensioner,Secondary / secondary special,Married,House / apartment,-13345,-3542,-10527,-1264,0.9136,0.7907,0.5295
101152,0,Cash loans,F,N,Y,0,32000.0,1283000.0,74710.0,1228300.0,Family,Working,Secondary / secondary special,Married,House / apartment,-20910,-7502,-1924,-6819,0.1053,0.1969,0.4894
101153,0,Cash loans,M,Y,Y,0,25000.0,1433500.0,114520.0,1242200.0,Unaccompanied,Commercial associate,Higher education,Married,House / apartment,-23965,-3293,-523,-6718,0.1727,0.6861,0.2338
101154,0,Cash loans,M,Y,Y,0,90000.0,352000.0,22690.0,313400.0,Unaccompanied,Working,Higher education,Married,House / apartment,-20226,-5028,-9702,-893,0.6907,0.4842,0.1188
101155,0,Cash loans,M,N,Y,1,66000.0,778000.0,55590.0,773200.0,Unaccompanied,Commercial associate,Secondary / secondary special,Married,House / apartment,-22334,-9704,-10938,-2172,0.4811,0.8607,0.2086
101156,0,Cash loans,F,Y,Y,0,35000.0,1035000.0,55230.0,921100.0,Unaccompanied,Pensioner,Higher education,Civil marriage,House / apartment,-19656,-7696,-5924,-2304,0.7292,0.9246,0.1015
101157,0,Revolving loans,F,N,N,2,55000.0,405000.0,29670.0,362300.0,Unaccompanied,Working,Higher education,Married,House / apartment,-14284,-3016,-8809,-3163,0.8217,0.4659,0.2691
101158,0,Cash loans,M,N,Y,0,45000.0,918500.0,59340.0,807900.0,Unaccompanied,Working,Secondary / secondary special,Civil marriage,With parents,-10894,-9307,-860,-4832,0.246,0.5596,0.9475
101159,0,Cash loans,F,N,Y,0,395000.0,420000.0,28510.0,365100.0,Children,Working,Higher education,Widow,House / apartment,-21658,-4637,-6184,-3958,0.6519,0.7111,0.388
101160,0,Cash loans,F,N,Y,0,48000.0,530000.0,27440.0,469000.0,Unaccompanied,Working,Secondary / secondary special,Married,House / apartment,-19924,-7151,-7492,-5536,0.5811,0.3096,0.8221
101161,0,Cash loans,F,Y,N,0,141000.0,687500.0,42590.0,650600.0,Unaccompanied,State servant,Secondary / secondary special,Married,Municipal apartment,-13870,-5745,-5880,-4383,0.8198,0.2231,0.5262
101162,0,Cash loans,F,N,Y,0,160000.0,815000.0,53270.0,748400.0,Unaccompanied,Working,Secondary / secondary special,Single / not married,With parents,-9420,-4361,-7901,-1238,0.4143,0.9168,0.6366
101163,0,Cash loans,F,N,N,1,143000.0,699000.0,44430.0,652200.0,Unaccompanied,Pensioner,Secondary / secondary special,Married,House / apartment,-19285,-2035,-1307,-6781,0.0588,0.4167,0.157
101164,0,Cash loans,F,Y,Y,1,41000.0,762500.0,58410.0,662100.0,Unaccompanied,Commercial associate,Secondary / secondary special,Married,House / apartment,-10170,-8141,-6346,-1817,0.5497,0.0115,0.2683
101165,0,Cash loans,F,Y,N,0,83000.0,479500.0,36410.0,465300.0,Unaccompanied,Pensioner,Higher education,Civil marriage,House / apartment,-8085,-9760,-11092,-766,0.9113,0.7975,0.4898
101166,0,Cash loans,M,N,N,0,33000.0,276500.0,21800.0,267500.0,Unaccompanied,State servant,Higher education,Widow,House / apartment,-8237,-4638,-2821,-2559,0.0238,0.5737,0.8383
101167,0,Revolving loans,F,Y,N,0,101000.0,114000.0,7600.0,97300.0,Unaccompanied,Commercial associate,Higher education,Single / not married,House / apartment,-17181,-4526,-3865,-572,0.2358,0.1684,0.0503
101168,0,Cash loans,F,N,Y,0,56000.0,330000.0,26030.0,299500.0,Unaccompanied,Pensioner,Secondary / secondary special,Married,House / apartment,-16748,-1458,-11506,-4463,0.3071,0.0383,0.4865
101169,0,Cash loans,F,N,Y,0,149000.0,891500.0,65350.0,767000.0,Family,Working,Incomplete higher,Married,House / apartment,-10412,-1869,-6925,-5520,0.7299,0.284,0.058
101170,0,Cash loans,M,N,Y,0,202000.0,1189000.0,60440.0,1151900.0,Unaccompanied,Commercial associate,Secondary / secondary special,Married,House / apartment,-23597,-9481,-8226,-5320,0.3139,0.8822,0.4394
101171,0,Cash loans,F,N,Y,1,139000.0,291500.0,16640.0,280000.0,"Spouse, partner",Pensioner,Secondary / secondary special,Married,House / apartment,-14737,-1292,-2100,-2332,0.2347,0.8875,0.6011
101172,1,Cash loans,F,Y,N,1,110000.0,203000.0,10060.0,200000.0,Unaccompanied,Working,Secondary / secondary special,Married,House / apartment,-11834,-2916,-9571,-2110,0.6196,0.3023,0.71
101173,0,Cash loans,F,N,Y,2,98000.0,1135000.0,45590.0,1005000.0,Unaccompanied,Commercial associate,Secondary / secondary special,Married,House / apartment,-16829,-6367,-436,-4741,0.0536,0.7958,0.1402
101174,0,Cash loans,F,Y,Y,0,301000.0,489000.0,23240.0,449100.0,Unaccompanied,Pensioner,Secondary / secondary special,Separated,House / apartment,-13471,-7125,-2572,-750,0.1704,0.4253,0.1666
101175,0,Cash loans,F,N,Y,2,62000.0,1429500.0,57410.0,1254600.0,Children,Pensioner,Secondary / secondary special,Single / not married,House / apartment,-15761,-4956,-4362,-2811,0.3935,0.6251,0.4519
101176,0,Cash loans,M,N,Y,0,224000.0,1084500.0,74610.0,982200.0,Unaccompanied,Working,Higher education,Single / not married,House / apartment,-13341,-5317,-308,-4456,0.3443,0.3244,0.9482
101177,0,Cash loans,M,Y,Y,0,238000.0,520500.0,29680.0,483200.0,Unaccompanied,Commercial associate,Lower secondary,Separated,House / apartment,-13689,-1142,-491,-3554,0.3363,0.495,0.3447
101178,0,Cash loans,F,Y,N,2,107000.0,466500.0,24490.0,400300.0,Unaccompanied,Working,Higher education,Married,House / apartment,-13941,-5343,-5308,-2418,0.112,0.2862,0.4119
101179,0,Cash loans,F,N,Y,0,78000.0,807000.0,56870.0,772500.0,Unaccompanied,Commercial associate,Secondary / secondary special,Married,House / apartment,-16933,-8517,-521,-5140,0.3492,0.0674,0.4165
101180,0,Cash loans,M,N,Y,0,120000.0,160000.0,11730.0,149000.0,Unaccompanied,Working,Higher education,Civil marriage,House / apartment,-24043,-6855,-1914,-5036,0.7601,0.141,0.0859
101181,1,Cash loans,F,N,Y,1,40000.0,216000.0,17070.0,210500.0,Unaccompanied,Commercial associate,Higher education,Widow,House / apartment,-11977,-6567,-2925,-2988,0.399,0.2832,0.7377
101182,0,Cash loans,M,N,Y,2,32000.0,301000.0,19770.0,268100.0,Family,Working,Secondary / secondary special,Married,With parents,-12439,-4077,-9560,-854,0.561,0.9277,0.2479
101183,0,Cash loans,F,Y,Y,1,43000.0,1172000.0,68520.0,1155000.0,Unaccompanied,Working,Higher education,Married,House / apartment,-18457,-1983,-3290,-2850,0.1638,0.9177,0.6714
101184,1,Cash loans,M,Y,Y,0,56000.0,792500.0,41380.0,792300.0,Unaccompanied,Working,Secondary / secondary special,Single / not married,House / apartment,-20132,-640,-10333,-3379,0.0755,0.788,0.4566
101185,0,Cash loans,M,N,N,0,130000.0,60500.0,2960.0,59800.0,Unaccompanied,Working,Secondary / secondary special,Married,House / apartment,-22409,-8937,-3229,-6189,0.8372,0.2286,0.5851
101186,1,Cash loans,M,Y,N,3,309000.0,1025000.0,49730.0,990900.0,Unaccompanied,Commercial associate,Secondary / secondary special,Married,House / apartment,-20555,-5185,-11040,-193,0.3215,0.4251,0.0607
101187,0,Cash loans,M,N,N,0,65000.0,661500.0,37290.0,642900.0,Unaccompanied,Pensioner,Secondary / secondary special,Married,House / apartment,-10992,-4901,-3577,-5176,0.3393,0.4234,0.8466
101188,0,Cash loans,F,N,Y,0,435000.0,788500.0,62820.0,738100.0,Unaccompanied,Working,Higher education,Separated,House / apartment,-15505,-4826,-5609,-1577,0.835,0.3738,0.2392
101189,0,Cash loans,M,N,N,0,490000.0,356500.0,14270.0,313200.0,Unaccompanied,Working,Secondary / secondary special,Married,House / apartment,-12725,-7122,-2571,-1480,0.6753,0.0522,0.6399
101190,0,Cash loans,F,N,N,0,504000.0,848000.0,40610.0,806900.0,"Spouse, partner",Working,Secondary / secondary special,Separated,House / apartment,-11200,-1788,-232,-4428,0.7209,0.5125,0.7601
101191,0,Cash loans,F,N,N,0,298000.0,1469500.0,69850.0,1406200.0,Unaccompanied,Commercial associate,Higher education,Married,House / apartment,-19111,-9146,-9814,-746,0.6511,0.0784,0.5176
101192,0,Revolving loans,M,N,Y,0,93000.0,152000.0,10440.0,151700.0,Unaccompanied,Working,Incomplete higher,Married,House / apartment,-15762,-6734,-2652,-4961,0.1094,0.7638,0.3271
101193,0,Revolving loans,M,N,N,0,36000.0,458000.0,24780.0,426500.0,Unaccompanied,Working,Secondary / secondary special,Separated,House / apartment,-12913,-504,-6250,-3087,0.9105,0.6598,0.9292
101194,0,Cash loans,M,N,N,0,151000.0,398500.0,23230.0,354900.0,Unaccompanied,Working,Secondary / secondary special,Married,House / apartment,-24206,-3443,-1216,-4740,0.8646,0.3416,0.2717
101195,0,Cash loans,F,Y,N,0,148000.0,406500.0,18680.0,387200.0,Family,Working,Secondary / secondary special,Married,House / apartment,-10117,-7911,-3539,-5632,0.232,0.6183,0.9017
101196,0,Cash loans,M,N,Y,0,310000.0,596000.0,33500.0,594200.0,Unaccompanied,Working,Secondary / secondary special,Married,House / apartment,-12250,-7118,-521,-6887,0.7658,0.2291,0.1569
101197,1,Revolving loans,M,N,N,1,853000.0,1235500.0,54520.0,1083000.0,Family,Working,Secondary / secondary special,Single / not married,House / apartment,-10139,-8811,-11026,-149,0.3948,0.2593,0.3759
101198,1,Cash loans,F,Y,N,0,131000.0,1373000.0,84190.0,1234200.0,Unaccompanied,Commercial associate,Secondary / secondary special,Married,House / apartment,-21633,-1507,-3066,-5753,0.6527,0.3053,0.1402
101199,0,Cash loans,F,Y,Y,0,89000.0,339000.0,14890.0,315700.0,Unaccompanied,Commercial associate,Higher education,Married,House / apartment,-14791,-9112,-11391,-3865,0.1657,0.7592,0.0121
101200,0,Cash loans,F,Y,Y,2,56000.0,835000.0,59800.0,731100.0,Unaccompanied,Working,Higher education,Single / not married,House / apartment,-15314,-7130,-340,-4897,0.5162,0.208,0.2546
101201,0,Cash loans,F,N,N,0,26000.0,971500.0,60880.0,829000.0,Unaccompanied,Commercial associate,Secondary / secondary special,Married,House / apartment,-14991,-7459,-10936,-4977,0.129,0.539,0.092
101202,0,Cash loans,M,N,Y,0,132000.0,804500.0,55480.0,724500.0,Unaccompanied,Working,Secondary / secondary special,Married,House / apartment,-7742,-4630,-8250,-6969,0.514,0.1984,0.9372
101203,0,Cash loans,F,N,Y,0,147000.0,676500.0,38390.0,662800.0,Family,State servant,Secondary / secondary special,Single / not married,House / apartment,-23320,-8028,-3253,-5332,0.239,0.2779,0.726
101204,0,Cash loans,M,N,Y,1,286000.0,324500.0,17930.0,277900.0,Unaccompanied,Working,Secondary / secondary special,Married,House / apartment,-16713,-4167,-4681,-6534,0.4353,0.2314,0.0135
101205,0,Cash loans,M,Y,N,2,130000.0,755500.0,33190.0,690800.0,Unaccompanied,Commercial associate,Secondary / secondary special,Married,House / apartment,-23109,-6306,-5633,-2328,0.6379,0.6163,0.2202
101206,0,Cash loans,F,N,Y,2,397000.0,629000.0,38340.0,606600.0,Unaccompanied,Commercial associate,Secondary / secondary special,Married,House / apartment,-18941,-2281,-242,-1675,0.8345,0.5051,0.6399
101207,0,Cash loans,M,N,Y,1,173000.0,1202500.0,72850.0,1194100.0,Unaccompanied,Working,Secondary / secondary special,Separated,House / apartment,-17932,-3332,-227,-5790,0.1654,0.688,0.3846
101208,0,Cash loans,F,N,Y,0,300000.0,1156000.0,67890.0,1153500.0,Unaccompanied,Pensioner,Secondary / secondary special,Married,House / apartment,-21679,-8716,-6703,-2586,0.8497,0.2167,0.7919
101209,0,Cash loans,M,N,N,0,49000.0,240000.0,16710.0,219200.0,Unaccompanied,Working,Secondary / secondary special,Married,House / apartment,-19995,-1651,-2602,-2389,0.3766,0.0186,0.4846
101210,1,Cash loans,F,Y,Y,0,315000.0,174000.0,12750.0,172700.0,Unaccompanied,Commercial associate,Secondary / secondary special,Single / not married,House / apartment,-8194,-457,-8318,-673,0.8032,0.6497,0.6244
101211,0,Cash loans,M,N,N,0,194000.0,1366500.0,95700.0,1168800.0,Unaccompanied,Working,Secondary / secondary special,Married,House / apartment,-19394,-1694,-4430,-3701,0.4918,0.118,0.5712
101212,0,Cash loans,F,N,N,1,53000.0,824000.0,37700.0,792600.0,Unaccompanied,Working,Secondary / secondary special,Married,Municipal apartment,-9553,-5228,-4853,-1360,0.8205,0.2415,0.6099
101213,0,Cash loans,F,N,Y,0,57000.0,1293000.0,83890.0,1223700.0,Unaccompanied,Commercial associate,Secondary / secondary special,Married,With parents,-9310,-9302,-9623,-3066,0.6331,0.2973,0.2263
101214,0,Cash loans,M,N,Y,0,417000.0,129500.0,5600.0,114900.0,Family,Working,Secondary / secondary special,Civil marriage,Rented apartment,-20974,-8488,-2168,-3146,0.4882,0.712,0.3609
101215,0,Cash loans,F,N,Y,1,30000.0,811000.0,54970.0,751100.0,Unaccompanied,Working,Secondary / secondary special,Married,House / apartment,-14297,-9325,-2748,-6236,0.3038,0.5983,0.0576
101216,0,Cash loans,F,N,Y,0,118000.0,830000.0,45880.0,721600.0,Unaccompanied,Working,Secondary / secondary special,Civil marriage,House / apartment,-18052,-9153,-1308,-3617,0.9208,0.1832,0.5624
101217,0,Cash loans,F,N,Y,0,81000.0,1297500.0,58780.0,1272500.0,Unaccompanied,Commercial associate,Secondary / secondary special,Single / not married,House / apartment,-18338,-448,-10317,-3067,0.7628,0.572,0.4417
101218,0,Cash loans,M,Y,N,0,189000.0,187000.0,13930.0,169000.0,Children,Working,Higher education,Married,House / apartment,-16537,-1758,-1593,-2162,0.3683,0.6757,0.7251
101219,0,Cash loans,F,Y,N,0,300000.0,395000.0,25500.0,372800.0,Family,Working,Secondary / secondary special,Married,House / apartment,-12133,-8866,-1493,-1444,0.1667,0.3756,0.204
101220,0,Cash loans,F,Y,Y,0,92000.0,636500.0,34490.0,556200.0,Family,Commercial associate,Secondary / secondary special,Widow,House / apartment,-22334,-1919,-10222,-4025,0.7428,0.2412,0.4206
101221,1,Cash loans,F,Y,Y,0,109000.0,1305000.0,53800.0,1149600.0,Unaccompanied,Working,Higher education,Married,House / apartment,-10234,-6571,-11444,-2160,0.9405,0.6482,0.1799
101222,0,Cash loans,F,N,Y,0,627000.0,1411000.0,86770.0,1409300.0,Unaccompanied,Working,Higher education,Married,House / apartment,-19871,-5981,-7883,-5487,0.2722,0.5842,0.5871
101223,0,Cash loans,F,N,Y,1,255000.0,1489500.0,114590.0,1434300.0,Family,Working,Secondary / secondary special,Married,House / apartment,-7671,-6755,-4777,-5179,0.8709,0.0832,0.8071
101224,1,Cash loans,F,N,Y,2,366000.0,1440500.0,91980.0,1432300.0,Unaccompanied,Working,Higher education,Married,House / apartment,-22686,-9222,-6438,-3353,0.1278,0.6367,0.7295
101225,0,Cash loans,F,Y,N,0,112000.0,53500.0,4220.0,47800.0,Unaccompanied,Working,Secondary / secondary special,Married,House / apartment,-14298,-4108,-7108,-6380,0.9051,0.4692,0.8975
101226,0,Cash loans,F,Y,N,0,65000.0,114500.0,5200.0,100200.0,"Spouse, partner",State servant,Incomplete higher,Married,House / apartment,-21764,-6143,-8438,-6781,0.7106,0.7182,0.9234
101227,0,Cash loans,F,Y,Y,1,105000.0,260000.0,16310.0,240600.0,Unaccompanied,Working,Secondary / secondary special,Married,House / apartment,-23557,-583,-1082,-6060,0.3358,0.1893,0.7357
101228,0,Cash loans,M,N,N,2,214000.0,552500.0,39740.0,510600.0,Unaccompanied,Working,Higher education,Married,House / apartment,-20706,-4012,-9673,-5919,0.2964,0.2527,0.2796
101229,1,Cash loans,F,Y,Y,0,42000.0,1252500.0,76430.0,1097500.0,Unaccompanied,Working,Higher education,Civil marriage,House / apartment,-18012,-457,-10,-5860,0.6148,0.5207,0.2161
101230,0,Cash loans,F,N,N,0,72000.0,1344000.0,58660.0,1290200.0,Unaccompanied,Working,Secondary / secondary special,Widow,House / apartment,-24691,-8545,-2006,-4819,0.5679,0.4628,0.4307
101231,0,Cash loans,M,N,Y,1,32000.0,317000.0,20070.0,286700.0,Unaccompanied,Commercial associate,Higher education,Married,House / apartment,-7967,-9126,-11633,-6642,0.8738,0.3732,0.9443
101232,0,Cash loans,F,N,Y,0,110000.0,946500.0,61020.0,831000.0,Unaccompanied,Working,Secondary / secondary special,Married,House / apartment,-23625,-1290,-3529,-5702,0.7303,0.7113,0.3979
101233,0,Cash loans,M,N,N,0,289000.0,1380000.0,95420.0,1241700.0,Unaccompanied,Working,Secondary / secondary special,Married,House / apartment,-8746,-9995,-2292,-1770,0.5179,0.5409,0.1971
101234,0,Cash loans,F,N,Y,0,29000.0,719500.0,50690.0,672400.0,Unaccompanied,Working,Secondary / secondary special,Married,Municipal apartment,-23190,-4664,-944,-5910,0.8819,0.6777,0.8977
101235,0,Cash loans,F,N,N,0,194000.0,195500.0,13850.0,187500.0,Unaccompanied,Pensioner,Higher education,Married,House / apartment,-11668,-6079,-8626,-4544,0.5672,0.1541,0.3728
101236,0,Cash loans,F,N,Y,0,429000.0,711000.0,47310.0,655700.0,Unaccompanied,Working,Secondary / secondary special,Married,House / apartment,-12617,-8784,-11683,-1702,0.8087,0.6952,0.6594
101237,0,Cash loans,M,N,Y,0,66000.0,592000.0,28790.0,549900.0,Unaccompanied,Working,Secondary / secondary special,Separated,House / apartment,-10329,-3509,-6248,-194,0.8005,0.4438,0.7509
101238,0,Revolving loans,M,Y,Y,1,202000.0,885500.0,49740.0,771100.0,Unaccompanied,Commercial associate,Secondary / secondary special,Married,House / apartment,-15532,-8343,-2289,-5804,0.874,0.0417,0.8026
101239,1,Cash loans,F,Y,Y,0,579000.0,683000.0,48520.0,674300.0,Unaccompanied,Working,Secondary / secondary special,Married,House / apartment,-20325,-8553,-3343,-5314,0.0735,0.2304,0.782
101240,0,Cash loans,F,N,Y,0,517000.0,70000.0,5470.0,69300.0,Unaccompanied,Pensioner,Secondary / secondary special,Married,House / apartment,-24461,-2008,-2566,-574,0.5588,0.0342,0.7961
101241,0,Cash loans,M,Y,Y,0,65000.0,1491500.0,64370.0,1420700.0,Family,Commercial associate,Secondary / secondary special,Married,House / apartment,-16327,-3746,-1759,-2629,0.4503,0.4395,0.6376
101242,0,Cash loans,F,Y,N,1,41000.0,836000.0,51350.0,712800.0,Unaccompanied,Working,Incomplete higher,Separated,House / apartment,-11789,-7815,-5163,-5854,0.4711,0.3163,0.3896
101243,0,Cash loans,F,N,N,0,49000.0,734000.0,38540.0,683000.0,Unaccompanied,Working,Secondary / secondary special,Married,House / apartment,-20415,-2477,-3875,-6453,0.4423,0.9382,0.6372
101244,0,Cash loans,M,N,N,0,207000.0,1434000.0,70290.0,1354200.0,Unaccompanied,State servant,Secondary / secondary special,Widow,House / apartment,-13570,-4436,-2228,-5914,0.7972,0.8264,0.7965
101245,0,Cash loans,M,N,Y,0,219000.0,272000.0,16380.0,271800.0,Unaccompanied,Commercial associate,Secondary / secondary special,Married,House / apartment,-21531,-5504,-8459,-5980,0.3093,0.7861,0.3396
101246,0,Cash loans,F,N,N,1,193000.0,320500.0,20590.0,320300.0,"Spouse, partner",Pensioner,Secondary / secondary special,Married,With parents,-16328,-6058,-7019,-4686,0.445,0.481,0.2887
101247,0,Cash loans,M,Y,Y,0,86000.0,1220500.0,49300.0,1194400.0,"Spouse, partner",Working,Secondary / secondary special,Widow,House / apartment,-16016,-1725,-10390,-4643,0.1986,0.7687,0.3331
101248,0,Cash loans,M,Y,Y,0,53000.0,424500.0,30230.0,364900.0,Unaccompanied,Working,Secondary / secondary special,Married,House / apartment,-16743,-5518,-11879,-388,0.2466,0.2609,0.5282
101249,1,Cash loans,F,N,Y,0,155000.0,1208000.0,87940.0,1199500.0,Unaccompanied,Pensioner,Secondary / secondary special,Married,House / apartment,-14988,-9520,-4477,-5554,0.6308,0.537,0.0593
101250,0,Cash loans,F,Y,Y,1,124000.0,440000.0,34590.0,414400.0,Unaccompanied,Working,Secondary / secondary special,Single / not married,House / apartment,-11541,-4486,-5917,-1752,0.1199,0.3793,0.7422
101251,0,Cash loans,F,Y,Y,0,221000.0,93500.0,4420.0,90700.0,Unaccompanied,State servant,Higher education,Married,House / apartment,-16226,-6454,-514,-6943,0.1866,0.1711,0.1405
101252,0,Cash loans,M,Y,Y,1,112000.0,797500.0,50870.0,726600.0,Unaccompanied,Working,Incomplete higher,Single / not married,With parents,-21511,-1489,-1743,-660,0.5064,0.0783,0.1349
101253,0,Cash loans,M,N,Y,1,87000.0,331000.0,18890.0,297200.0,Unaccompanied,Pensioner,Secondary / secondary special,Married,House / apartment,-23852,-6009,-9121,-5615,0.0511,0.5347,0.1958
101254,0,Cash loans,F,Y,Y,2,77000.0,1147500.0,61270.0,1055100.0,Unaccompanied,Working,Secondary / secondary special,Married,House / apartment,-21149,-1587,-7856,-2832,0.1293,0.1018,0.5523
101255,0,Cash loans,M,N,N,0,61000.0,978000.0,61250.0,852800.0,Unaccompanied,Working,Secondary / secondary special,Married,Municipal apartment,-16640,-6601,-1448,-5785,0.8216,0.6849,0.2784
101256,0,Cash loans,F,N,Y,2,71000.0,1389000.0,99030.0,1255000.0,Unaccompanied,Pensioner,Higher education,Separated,Municipal apartment,-15791,-9208,-3887,-4629,0.8054,0.8762,0.356
101257,0,Cash loans,F,N,Y,0,40000.0,1184000.0,48450.0,1158700.0,Unaccompanied,Working,Secondary / secondary special,Married,House / apartment,-18813,-810,-198,-296,0.3369,0.1624,0.8858
101258,0,Cash loans,F,N,Y,0,89000.0,308000.0,24260.0,263600.0,Unaccompanied,Working,Higher education,Married,House / apartment,-12333,-1986,-10247,-5613,0.3371,0.4527,0.8064
101259,0,Cash loans,F,Y,N,1,31000.0,1209000.0,87530.0,1055000.0,Unaccompanied,Working,Secondary / secondary special,Married,House / apartment,-7821,-2316,-1780,-6970,0.8903,0.7044,0.8111
101260,0,Cash loans,M,N,Y,0,56000.0,978500.0,68540.0,850100.0,"Spouse, partner",Commercial associate,Secondary / secondary special,Married,House / apartment,-20556,-1420,-4900,-6870,0.0343,0.2796,0.553
101261,0,Cash loans,F,N,Y,0,231000.0,1018500.0,71720.0,927300.0,Unaccompanied,State servant,Secondary / secondary special,Married,House / apartment,-19076,-8006,-4422,-330,0.5555,0.8755,0.8245
101262,0,Cash loans,M,N,Y,0,84000.0,1256000.0,69790.0,1255400.0,Unaccompanied,Working,Secondary / secondary special,Married,House / apartment,-20093,-4545,-9905,-6777,0.5715,0.8452,0.7419
101263,0,Cash loans,F,Y,Y,0,191000.0,880000.0,61660.0,770900.0,"Spouse, partner",Working,Secondary / secondary special,Single / not married,House / apartment,-16144,-4931,-5713,-3849,0.7506,0.1075,0.906
101264,0,Cash loans,F,N,Y,0,214000.0,723000.0,40110.0,630300.0,Family,Working,Secondary / secondary special,Married,House / apartment,-10601,-7917,-5743,-4950,0.9046,0.0358,0.0705
101265,0,Cash loans,M,Y,N,1,156000.0,971500.0,73780.0,959100.0,Unaccompanied,Commercial associate,Secondary / secondary special,Married,House / apartment,-17114,-7084,-11284,-1284,0.3445,0.9279,0.037
101266,0,Cash loans,F,N,Y,1,503000.0,478500.0,22530.0,470000.0,Unaccompanied,Working,Secondary / secondary special,Married,House / apartment,-8981,-8692,-3504,-1078,0.4216,0.9091,0.1745
101267,0,Cash loans,F,N,Y,0,28000.0,310500.0,16050.0,265400.0,Unaccompanied,Working,Secondary / secondary special,Married,House / apartment,-20416,-850,-7672,-5401,0.641,0.4069,0.8833
101268,0,Cash loans,F,N,Y,0,226000.0,942000.0,58450.0,906900.0,Unaccompanied,Working,Secondary / secondary special,Single / not married,House / apartment,-7391,-5694,-2567,-6915,0.9192,0.0575,0.5792
101269,0,Cash loans,M,N,Y,2,503000.0,385000.0,20320.0,365100.0,"Spouse, partner",Commercial associate,Secondary / secondary special,Married,House / apartment,-11006,-7271,-9121,-874,0.8473,0.5917,0.4105
101270,0,Cash loans,F,N,Y,0,322000.0,161500.0,9200.0,155900.0,Unaccompanied,Pensioner,Secondary / secondary special,Married,House / apartment,-23447,-7591,-4625,-3866,0.637,0.2858,0.4919
101271,0,Cash loans,F,N,Y,0,53000.0,46000.0,2750.0,42500.0,Unaccompanied,Working,Secondary / secondary special,Married,House / apartment,-8260,-1987,-7090,-4837,0.8153,0.8905,0.7898
101272,0,Cash loans,F,Y,Y,0,84000.0,930000.0,69060.0,928800.0,Unaccompanied,Working,Secondary / secondary special,Single / not married,House / apartment,-8143,-3785,-5352,-6113,0.0901,0.757,0.8834
101273,0,Cash loans,F,N,Y,0,53000.0,572000.0,34850.0,490000.0,Unaccompanied,Commercial associate,Secondary / secondary special,Widow,House / apartment,-23902,-1518,-1419,-2685,0.3645,0.6206,0.6959
101274,0,Cash loans,M,N,Y,0,163000.0,1139500.0,62100.0,1008600.0,Unaccompanied,Pensioner,Secondary / secondary special,Married,House / apartment,-16195,-2703,-10197,-2489,0.0223,0.2774,0.7243
101275,0,Cash loans,F,N,N,0,212000.0,591000.0,29500.0,537500.0,Unaccompanied,Working,Secondary / secondary special,Married,House / apartment,-7546,-3871,-9522,-1585,0.1768,0.6692,0.3112
101276,0,Cash loans,F,Y,Y,0,82000.0,752000.0,42370.0,689900.0,Unaccompanied,Working,Incomplete higher,Married,House / apartment,-20551,-5200,-2557,-3807,0.6027,0.2818,0.449
101277,0,Cash loans,F,N,Y,0,141000.0,637500.0,38650.0,630000.0,Unaccompanied,Working,Secondary / secondary special,Married,House / apartment,-19529,-9937,-7870,-2940,0.8424,0.0454,0.8421
101278,1,Cash loans,F,N,Y,0,201000.0,991500.0,69250.0,926100.0,Unaccompanied,Commercial associate,Higher education,Married,House / apartment,-12409,-3587,-423,-5913,0.6048,0.4879,0.7488
101279,0,Cash loans,M,Y,Y,1,107000.0,563000.0,25250.0,482400.0,Unaccompanied,Commercial associate,Secondary / secondary special,Separated,House / apartment,-19451,-9105,-149,-6289,0.6343,0.4694,0.6532
101280,0,Cash loans,F,N,Y,1,314000.0,1447500.0,70730.0,1318900.0,Unaccompanied,Commercial associate,Secondary / secondary special,Married,House / apartment,-20697,-6010,-11655,-4486,0.1076,0.7272,0.0713
101281,0,Cash loans,M,N,Y,0,246000.0,1407000.0,77650.0,1283900.0,Unaccompanied,Working,Secondary / secondary special,Single / not married,House / apartment,-13625,-6408,-9705,-4468,0.635,0.8237,0.0471
101282,0,Cash loans,F,N,N,0,35000.0,1279000.0,69600.0,1272400.0,Unaccompanied,Working,Secondary / secondary special,Married,House / apartment,-17350,-4833,-10907,-5516,0.4371,0.3432,0.1326
101283,0,Cash loans,F,N,N,2,171000.0,1384000.0,77050.0,1300800.0,Unaccompanied,State servant,Secondary / secondary special,Civil marriage,House / apartment,-9212,-3269,-11185,-6405,0.6224,0.4325,0.5565
101284,0,Cash loans,M,N,Y,0,65000.0,698500.0,50110.0,660300.0,Family,Working,Secondary / secondary special,Married,House / apartment,-11521,-1123,-8095,-5026,0.3166,0.4522,0.5142
101285,0,Cash loans,F,N,N,1,147000.0,825500.0,43720.0,790000.0,Unaccompanied,Pensioner,Secondary / secondary special,Married,House / apartment,-14674,-9801,-138,-1502,0.5566,0.3148,0.8961
101286,0,Cash loans,M,N,N,0,497000.0,1124500.0,67560.0,1085700.0,Family,Commercial associate,Secondary / secondary special,Separated,House / apartment,-7566,-1493,-7065,-745,0.4086,0.7088,0.6631
101287,0,Cash loans,M,N,Y,2,342000.0,1058000.0,68720.0,1000100.0,Unaccompanied,Working,Secondary / secondary special,Married,House / apartment,-21989,-5339,-11917,-2612,0.5351,0.5008,0.2863
101288,0,Cash loans,F,N,N,0,103000.0,1341000.0,66090.0,1187600.0,Unaccompanied,Working,Higher education,Married,House / apartment,-21210,-2446,-1870,-1508,0.1483,0.8691,0.1618
101289,0,Revolving loans,F,Y,Y,0,77000.0,1087500.0,74760.0,1067000.0,Unaccompanied,State servant,Secondary / secondary special,Civil marriage,House / apartment,-17498,-955,-2061,-1770,0.3821,0.6213,0.8086
101290,0,Cash loans,M,Y,Y,1,65000.0,1497000.0,92640.0,1436800.0,Unaccompanied,Working,Secondary / secondary special,Married,House / apartment,-11864,-9458,-10187,-3779,0.3618,0.2092,0.442
101291,0,Cash loans,F,Y,Y,0,139000.0,552000.0,31940.0,530600.0,"Spouse, partner",Pensioner,Secondary / secondary special,Married,House / apartment,-11528,-2854,-11010,-1961,0.7022,0.1649,0.6243
101292,0,Cash loans,F,N,Y,0,43000.0,1257000.0,91000.0,1256400.0,Unaccompanied,Working,Secondary / secondary special,Civil marriage,House / apartment,-14455,-1765,-8120,-6659,0.674,0.36,0.5412
101293,0,Cash loans,F,N,Y,0,145000.0,1060000.0,52720.0,1028600.0,Unaccompanied,Commercial associate,Higher education,Widow,House / apartment,-22484,-4138,-10105,-1595,0.8643,0.3361,0.111
101294,0,Cash loans,F,N,Y,1,25000.0,1051000.0,79170.0,1024100.0,Unaccompanied,Pensioner,Secondary / secondary special,Single / not married,Rented apartment,-7617,-3787,-8181,-4780,0.6041,0.3927,0.0636
101295,0,Revolving loans,M,N,N,0,84000.0,519000.0,32410.0,515200.0,Family,Pensioner,Secondary / secondary special,Married,House / apartment,-8010,-1216,-4280,-2533,0.3057,0.1826,0.3644
101296,0,Cash loans,F,Y,N,0,62000.0,1188000.0,76470.0,1036700.0,Unaccompanied,Working,Secondary / secondary special,Single / not married,House / apartment,-18688,-4642,-5696,-3658,0.7462,0.9295,0.3499
101297,0,Cash loans,F,N,N,0,557000.0,1355000.0,101630.0,1252900.0,Unaccompanied,Commercial associate,Higher education,Single / not married,House / apartment,-15942,-833,-742,-6977,0.4772,0.147,0.6434
101298,0,Cash loans,F,N,N,0,220000.0,363000.0,26390.0,340200.0,Unaccompanied,Working,Secondary / secondary special,Single / not married,House / apartment,-8623,-3021,-6424,-6609,0.1919,0.6235,0.6043
101299,0,Cash loans,F,N,N,0,90000.0,955000.0,61180.0,858900.0,Unaccompanied,Working,Secondary / secondary special,Civil marriage,House / apartment,-19052,-9998,-4181,-465,0.7126,0.0223,0.9208
101300,0,Cash loans,F,N,Y,0,40000.0,615500.0,43160.0,600700.0,Unaccompanied,Working,Secondary / secondary special,Married,House / apartment,-11537,-3598,-11729,-2069,0.1346,0.3925,0.8166
101301,0,Cash loans,M,N,Y,0,134000.0,1485000.0,85140.0,1432100.0,Unaccompanied,Working,Secondary / secondary special,Married,House / apartment,-10351,-9416,-8268,-2443,0.1775,0.3006,0.4768
101302,1,Revolving loans,F,N,Y,0,61000.0,741500.0,45900.0,710500.0,Family,Working,Secondary / secondary special,Single / not married,House / apartment,-17843,-4817,-1991,-1232,0.7232,0.3691,0.48
101303,0,Cash loans,M,N,N,0,140000.0,377000.0,16020.0,376800.0,Family,Working,Higher education,Widow,House / apartment,-12975,-4954,-5256,-5682,0.7339,0.4782,0.6437
101304,0,Cash loans,M,Y,Y,0,296000.0,600500.0,26180.0,533800.0,Unaccompanied,State servant,Secondary / secondary special,Married,House / apartment,-14087,-1958,-3705,-144,0.7533,0.5744,0.1172
101305,0,Cash loans,F,N,N,0,168000.0,996500.0,72920.0,957000.0,Unaccompanied,Commercial associate,Higher education,Widow,House / apartment,-9940,-5573,-11214,-6563,0.2857,0.5585,0.9499
101306,0,Cash loans,F,Y,Y,0,176000.0,155500.0,6590.0,145000.0,Unaccompanied,Working,Secondary / secondary special,Separated,House / apartment,-19617,-2613,-1016,-2352,0.8246,0.6029,0.4977
101307,0,Cash loans,F,Y,Y,2,142000.0,923000.0,43170.0,827900.0,Unaccompanied,State servant,Secondary / secondary special,Separated,House / apartment,-18940,-5060,-8288,-1807,0.6893,0.8039,0.8653
101308,0,Cash loans,F,N,N,0,418000.0,1400000.0,100570.0,1223700.0,Unaccompanied,Working,Higher education,Separated,House / apartment,-14676,-3615,-994,-3048,0.7939,0.8435,0.9193
101309,0,Cash loans,M,Y,Y,1,428000.0,1282500.0,51360.0,1262500.0,"Spouse, partner",Working,Secondary / secondary special,Separated,House / apartment,-15438,-2416,-9746,-4042,0.6761,0.703,0.5567
101310,0,Cash loans,M,N,Y,0,133000.0,143500.0,7360.0,134800.0,Family,Commercial associate,Higher education,Civil marriage,House / apartment,-12662,-2114,-6941,-4139,0.5548,0.0842,0.1071
101311,0,Cash loans,F,Y,Y,0,80000.0,1490500.0,94440.0,1451400.0,Unaccompanied,Working,Higher education,Single / not married,House / apartment,-7994,-2267,-9224,-4202,0.1128,0.9136,0.5489
101312,0,Cash loans,F,N,Y,0,117000.0,1061500.0,67740.0,989100.0,Family,Commercial associate,Secondary / secondary special,Married,House / apartment,-17685,-3128,-8274,-6124,0.6783,0.9006,0.5718
101313,0,Cash loans,M,N,N,0,56000.0,281000.0,19980.0,248100.0,Children,Working,Secondary / secondary special,Married,House / apartment,-22501,-9435,-9727,-4245,0.659,0.679,0.7518
101314,0,Cash loans,M,N,Y,2,177000.0,63000.0,3790.0,56700.0,Unaccompanied,Working,Higher education,Married,House / apartment,-9068,-4331,-4525,-1287,0.3037,0.4964,0.0553
101315,0,Cash loans,F,N,Y,2,129000.0,294000.0,17750.0,266700.0,Unaccompanied,Working,Secondary / secondary special,Married,House / apartment,-19916,-3248,-5209,-109,0.7017,0.2456,0.4483
101316,0,Cash loans,F,Y,Y,1,41000.0,1264500.0,87270.0,1259400.0,Unaccompanied,Pensioner,Secondary / secondary special,Married,House / apartment,-7471,-7621,-512,-5137,0.5274,0.721,0.8774
101317,0,Cash loans,F,N,N,0,58000.0,76500.0,4590.0,65100.0,Unaccompanied,Commercial associate,Secondary / secondary special,Separated,House / apartment,-10049,-9227,-1922,-4845,0.5358,0.8352,0.9418
101318,0,Cash loans,M,N,Y,0,123000.0,384000.0,24710.0,383200.0,Unaccompanied,Commercial associate,Secondary / secondary special,Single / not married,House / apartment,-10402,-100,-1697,-6382,0.3555,0.6353,0.1899
101319,0,Cash loans,F,N,Y,0,353000.0,1147000.0,87070.0,1143600.0,Unaccompanied,Commercial associate,Secondary / secondary special,Married,House / apartment,-24304,-8368,-11677,-4819,0.1198,0.6013,0.8284
101320,0,Cash loans,F,Y,N,2,150000.0,898000.0,50340.0,897500.0,Unaccompanied,Working,Secondary / secondary special,Civil marriage,House / apartment,-21907,-7711,-10752,-2790,0.2139,0.1914,0.1475
101321,0,Cash loans,F,N,Y,0,197000.0,1184000.0,65600.0,1091000.0,Unaccompanied,Commercial associate,Secondary / secondary special,Married,House / apartment,-12514,-2728,-1914,-4423,0.7327,0.3463,0.8007
101322,0,Cash loans,F,N,N,0,87000.0,1130500.0,45380.0,1124400.0,Unaccompanied,Working,Secondary / secondary special,Married,House / apartment,-7376,-6234,-4753,-861,0.2652,0.6897,0.2706
101323,0,Cash loans,F,N,Y,0,152000.0,118500.0,7650.0,107800.0,Unaccompanied,Working,Secondary / secondary special,Civil marriage,House / apartment,-11537,-673,-6816,-5413,0.0121,0.0259,0.912
101324,0,Cash loans,M,Y,Y,0,114000.0,1343500.0,55340.0,1147300.0,"Spouse, partner",Commercial associate,Secondary / secondary special,Married,Rented apartment,-13327,-1648,-8838,-5532,0.9472,0.6128,0.6638
101325,1,Cash loans,F,N,Y,2,186000.0,375500.0,22590.0,331800.0,Unaccompanied,Working,Secondary / secondary special,Single / not married,House / apartment,-20541,-8477,-797,-460,0.208,0.7307,0.3852
101326,0,Cash loans,F,N,N,0,33000.0,850000.0,61340.0,843000.0,Unaccompanied,Working,Secondary / secondary special,Married,House / apartment,-17667,-6145,-8268,-1104,0.6261,0.3246,0.2741
101327,0,Cash loans,F,N,N,0,127000.0,982500.0,60910.0,837200.0,"Spouse, partner",Pensioner,Secondary / secondary special,Married,House / apartment,-22331,-3592,-6224,-5374,0.8813,0.0816,0.2311
101328,0,Cash loans,F,Y,Y,0,78000.0,290500.0,14750.0,270700.0,Family,Commercial associate,Secondary / secondary special,Civil marriage,House / apartment,-9844,-8325,-6697,-743,0.5737,0.78,0.6499
101329,0,Cash loans,F,N,Y,1,84000.0,1465500.0,104710.0,1262300.0,Unaccompanied,Commercial associate,Secondary / secondary special,Married,With parents,-23671,-7939,-10875,-2410,0.7611,0.1433,0.852
101330,0,Cash loans,F,N,N,0,511000.0,755500.0,38370.0,674600.0,Family,Working,Secondary / secondary special,Widow,House / apartment,-10157,-9912,-8933,-3792,0.9278,0.3586,0.7196
101331,0,Cash loans,F,N,N,1,55000.0,129000.0,8940.0,111400.0,Unaccompanied,Working,Secondary / secondary special,Married,House / apartment,-8853,-5789,-1225,-5576,0.8187,0.6748,0.7947
101332,0,Cash loans,F,Y,N,0,81000.0,1408500.0,90720.0,1378800.0,Unaccompanied,Commercial associate,Higher education,Married,House / apartment,-13574,-1996,-5566,-4993,0.5344,0.778,0.7445
101333,0,Cash loans,F,Y,Y,1,132000.0,898000.0,42030.0,842900.0,Unaccompanied,Commercial associate,Secondary / secondary special,Separated,House / apartment,-19856,-2555,-9156,-442,0.3519,0.8206,0.9304
101334,1,Cash loans,F,N,N,1,323000.0,1062500.0,80970.0,1046900.0,Unaccompanied,Working,Higher education,Separated,House / apartment,-16453,-5516,-5922,-1833,0.4635,0.5086,0.7223
101335,1,Cash loans,M,N,Y,0,106000.0,809000.0,38850.0,771200.0,Unaccompanied,State servant,Secondary / secondary special,Married,House / apartment,-8927,-5483,-5036,-885,0.8013,0.4573,0.2076
101336,0,Cash loans,M,N,Y,0,229000.0,1259500.0,100240.0,1254000.0,Unaccompanied,State servant,Secondary / secondary special,Married,House / apartment,-18823,-1505,-8503,-3604,0.8122,0.8074,0.7541
101337,0,Revolving loans,F,N,Y,0,316000.0,93000.0,3750.0,86200.0,Unaccompanied,Working,Higher education,Single / not married,House / apartment,-8374,-4638,-2646,-5357,0.8051,0.5393,0.3127
101338,0,Cash loans,F,N,N,0,81000.0,435500.0,22010.0,411900.0,Unaccompanied,Pensioner,Higher education,Married,House / apartment,-21290,-1286,-7684,-4356,0.5714,0.5539,0.9461
101339,0,Cash loans,M,N,Y,1,100000.0,728500.0,34960.0,682200.0,Unaccompanied,Commercial associate,Secondary / secondary special,Married,House / apartment,-24712,-2239,-2731,-5392,0.4583,0.4179,0.3641
101340,0,Cash loans,F,N,Y,0,91000.0,156500.0,6350.0,144400.0,Unaccompanied,Working,Higher education,Civil marriage,House / apartment,-24331,-2778,-8824,-4375,0.3027,0.3604,0.2852
101341,0,Cash loans,M,Y,Y,0,293000.0,1072000.0,74280.0,1047200.0,Unaccompanied,Working,Secondary / secondary special,Married,House / apartment,-20325,-3894,-4694,-3221,0.0132,0.4617,0.2349
101342,0,Cash loans,M,N,Y,0,32000.0,618000.0,41860.0,585000.0,Unaccompanied,Commercial associate,Higher education,Married,With parents,-22137,-2819,-5545,-5946,0.7286,0.353,0.629
101343,0,Cash loans,F,Y,N,0,80000.0,441500.0,31650.0,428300.0,Unaccompanied,Pensioner,Secondary / secondary special,Married,House / apartment,-12603,-8148,-3681,-151,0.2704,0.3329,0.1127
101344,0,Cash loans,F,N,N,1,196000.0,50000.0,2510.0,48400.0,Unaccompanied,Pensioner,Higher education,Separated,House / apartment,-22044,-4702,-414,-6937,0.3199,0.944,0.9063
101345,0,Cash loans,M,N,Y,0,150000.0,1092500.0,63120.0,959900.0,Unaccompanied,Pensioner,Secondary / secondary special,Married,House / apartment,-21047,-4550,-11398,-1596,0.8029,0.326,0.2867
101346,0,Cash loans,F,N,N,2,111000.0,1258000.0,83490.0,1192000.0,Unaccompanied,Working,Secondary / secondary special,Single / not married,House / apartment,-20407,-4057,-9734,-1671,0.0591,0.251,0.2877
101347,0,Cash loans,F,N,N,2,141000.0,620000.0,35710.0,545600.0,Family,Working,Secondary / secondary special,Married,House / apartment,-24586,-6169,-8963,-6157,0.882,0.3427,0.0533
101348,0,Cash loans,F,N,N,0,58000.0,866000.0,58800.0,811900.0,Children,Working,Secondary / secondary special,Married,House / apartment,-16995,-8779,-4479,-1534,0.0113,0.5653,0.2413
101349,1,Cash loans,F,Y,Y,0,110000.0,376500.0,24610.0,358300.0,Family,Working,Secondary / secondary special,Married,House / apartment,-12376,-378,-7199,-1565,0.8928,0.8663,0.4038
101350,0,Cash loans,M,Y,N,1,129000.0,950500.0,42380.0,950100.0,Unaccompanied,Commercial associate,Secondary / secondary special,Married,House / apartment,-18354,-2691,-10779,-950,0.4375,0.7506,0.3574
101351,0,Cash loans,M,N,Y,0,372000.0,62500.0,4450.0,53400.0,Unaccompanied,Working,Secondary / secondary special,Married,House / apartment,-10197,-8941,-8678,-2914,0.106,0.8017,0.2666
101352,0,Cash loans,M,N,Y,0,70000.0,756000.0,52030.0,652900.0,Unaccompanied,Commercial associate,Higher education,Married,House / apartment,-16837,-454,-9971,-2492,0.6437,0.8175,0.0483
101353,0,Revolving loans,F,N,N,0,329000.0,982500.0,65070.0,846500.0,"Spouse, partner",Working,Secondary / secondary special,Single / not married,House / apartment,-15981,-2342,-7532,-1341,0.8521,0.8753,0.2925
101354,0,Cash loans,F,N,Y,0,180000.0,1381000.0,63810.0,1256400.0,Unaccompanied,Working,Higher education,Single / not married,House / apartment,-15151,-4999,-6407,-6942,0.4218,0.231,0.7416
101355,0,Cash loans,F,N,Y,1,28000.0,600000.0,30430.0,583900.0,Unaccompanied,Working,Secondary / secondary special,Married,House / apartment,-21885,-6336,-7309,-731,0.6599,0.4409,0.4225
101356,0,Cash loans,F,Y,N,0,218000.0,1158500.0,64560.0,1131400.0,Unaccompanied,Pensioner,Secondary / secondary special,Single / not married,Municipal apartment,-14528,-2580,-8221,-4333,0.9306,0.3721,0.2833
101357,0,Cash loans,F,Y,N,0,30000.0,914500.0,46820.0,878400.0,Unaccompanied,Working,Secondary / secondary special,Single / not married,House / apartment,-21570,-657,-8321,-538,0.2363,0.369,0.2965
101358,0,Cash loans,M,Y,Y,2,917000.0,1394000.0,68460.0,1372400.0,Unaccompanied,Working,Secondary / secondary special,Married,House / apartment,-22655,-3586,-7945,-768,0.7812,0.6231,0.5312
101359,0,Cash loans,M,N,N,1,334000.0,624500.0,45100.0,561100.0,Unaccompanied,Pensioner,Secondary / secondary special,Married,House / apartment,-12895,-261,-5189,-2856,0.2875,0.3877,0.2942
101360,0,Cash loans,F,Y,Y,0,78000.0,509500.0,33390.0,439800.0,Family,State servant,Secondary / secondary special,Single / not married,House / apartment,-23097,-6344,-4214,-3725,0.4108,0.5894,0.6029
101361,0,Cash loans,F,Y,Y,1,70000.0,1336000.0,83660.0,1147300.0,Unaccompanied,Commercial associate,Secondary / secondary special,Married,House / apartment,-18223,-798,-2374,-6905,0.2749,0.3693,0.9401
101362,0,Cash loans,F,N,N,0,97000.0,116500.0,5710.0,113900.0,Unaccompanied,Working,Secondary / secondary special,Married,House / apartment,-16899,-3644,-3983,-2121,0.4293,0.3025,0.0487
101363,0,Cash loans,F,N,Y,1,91000.0,243500.0,18680.0,233700.0,Unaccompanied,Working,Secondary / secondary special,Married,House / apartment,-13762,-3877,-11333,-5553,0.0148,0.3419,0.1686
101364,0,Cash loans,M,Y,Y,0,95000.0,165000.0,7860.0,157500.0,Unaccompanied,State servant,Higher education,Married,Municipal apartment,-20607,-2305,-207,-1734,0.2952,0.7655,0.1784
101365,0,Revolving loans,F,N,Y,0,82000.0,1271500.0,91290.0,1145600.0,Unaccompanied,Pensioner,Higher education,Widow,House / apartment,-13668,-591,-8139,-4391,0.4286,0.575,0.4302
101366,0,Cash loans,M,N,Y,1,171000.0,60500.0,4760.0,54900.0,Unaccompanied,Commercial associate,Higher education,Single / not married,House / apartment,-16706,-2092,-9173,-13,0.6043,0.9256,0.0489
101367,0,Cash loans,F,N,Y,0,52000.0,1298500.0,89710.0,1290300.0,Unaccompanied,Working,Lower secondary,Married,House / apartment,-11242,-1132,-4302,-4707,0.6091,0.7927,0.4589
101368,0,Cash loans,F,N,N,3,306000.0,701500.0,55920.0,603000.0,Unaccompanied,Working,Secondary / secondary special,Separated,House / apartment,-9100,-3383,-6911,-3674,0.5588,0.4666,0.8832
101369,0,Cash loans,M,N,N,0,276000.0,51000.0,3370.0,49300.0,Unaccompanied,Working,Secondary / secondary special,Married,House / apartment,-21714,-6116,-6690,-4490,0.2854,0.2378,0.0209
101370,0,Cash loans,F,Y,Y,2,122000.0,629500.0,30660.0,564300.0,Unaccompanied,Commercial associate,Higher education,Single / not married,House / apartment,-17561,-5019,-10363,-190,0.9006,0.6435,0.353
101371,1,Cash loans,F,Y,N,2,312000.0,317000.0,15260.0,271300.0,Unaccompanied,Working,Secondary / secondary special,Married,With parents,-9677,-6074,-111,-5993,0.3785,0.693,0.7252
101372,0,Cash loans,F,N,Y,0,68000.0,953500.0,50520.0,916700.0,Family,State servant,Higher education,Married,House / apartment,-14623,-9077,-7153,-2864,0.2139,0.4463,0.1552
101373,0,Cash loans,F,N,Y,1,28000.0,1033500.0,41630.0,929800.0,Unaccompanied,Working,Secondary / secondary special,Married,House / apartment,-23526,-1933,-4709,-6249,0.5312,0.2261,0.0829
101374,0,Cash loans,M,N,N,0,170000.0,754500.0,50750.0,723100.0,Unaccompanied,Commercial associate,Secondary / secondary special,Married,House / apartment,-8571,-1091,-5040,-4102,0.714,0.5338,0.6029
101375,0,Cash loans,F,N,Y,2,117000.0,104000.0,5280.0,99400.0,Unaccompanied,Working,Secondary / secondary special,Married,House / apartment,-12320,-7084,-1409,-1104,0.0215,0.2486,0.0194
101376,0,Cash loans,M,N,Y,0,151000.0,999500.0,72570.0,929800.0,Unaccompanied,Commercial associate,Lower secondary,Married,House / apartment,-19848,-6446,-8897,-2812,0.2698,0.8936,0.7637
101377,0,Cash loans,F,N,N,1,369000.0,1270000.0,69050.0,1227600.0,Unaccompanied,Working,Higher education,Married,House / apartment,-7734,-1883,-5872,-6131,0.7855,0.6012,0.0728
101378,0,Cash loans,F,N,Y,0,551000.0,1093000.0,64700.0,1024300.0,Unaccompanied,Pensioner,Higher education,Married,House / apartment,-11071,-5284,-8132,-651,0.4866,0.2844,0.5029
101379,0,Cash loans,M,N,N,0,176000.0,1252500.0,98480.0,1118500.0,Unaccompanied,Commercial associate,Secondary / secondary special,Civil marriage,House / apartment,-22173,-1284,-6275,-6628,0.394,0.2128,0.7057
101380,0,Cash loans,F,N,Y,0,242000.0,336500.0,16720.0,323100.0,Family,Working,Secondary / secondary special,Married,House / apartment,-16026,-1768,-10971,-1380,0.885,0.6837,0.2375
101381,0,Cash loans,F,N,Y,0,38000.0,1338500.0,92160.0,1256000.0,Unaccompanied,Pensioner,Secondary / secondary special,Civil marriage,House / apartment,-15872,-6933,-6993,-5430,0.0942,0.6753,0.1073
101382,0,Cash loans,F,N,Y,1,51000.0,514000.0,36090.0,437900.0,Unaccompanied,Commercial associate,Higher education,Single / not married,House / apartment,-11424,-5924,-4199,-6649,0.5886,0.5713,0.1751
101383,1,Cash loans,F,Y,Y,0,223000.0,64500.0,3150.0,63500.0,Unaccompanied,Pensioner,Secondary / secondary special,Married,Municipal apartment,-19417,-671,-2600,-6662,0.3317,0.5874,0.8134
101384,0,Cash loans,F,N,Y,0,110000.0,1272000.0,76370.0,1185300.0,Unaccompanied,Pensioner,Secondary / secondary special,Married,Municipal apartment,-12902,-4400,-10807,-801,0.0766,0.5776,0.6734
101385,0,Cash loans,F,Y,Y,0,114000.0,1415500.0,76450.0,1387600.0,Unaccompanied,Pensioner,Secondary / secondary special,Separated,House / apartment,-22721,-3838,-4857,-4544,0.2109,0.3485,0.1962
101386,0,Cash loans,F,N,N,0,80000.0,999000.0,70810.0,981400.0,Unaccompanied,Working,Secondary / secondary special,Married,House / apartment,-12467,-683,-11166,-6428,0.6003,0.8912,0.6832
101387,0,Cash loans,F,N,N,0,165000.0,381500.0,24760.0,349700.0,Family,Working,Secondary / secondary special,Single / not married,House / apartment,-12786,-7423,-7806,-2121,0.0366,0.4605,0.6761
101388,0,Cash loans,M,Y,Y,1,56000.0,411500.0,24290.0,381100.0,Unaccompanied,State servant,Secondary / secondary special,Married,House / apartment,-24230,-8599,-6805,-1984,0.5667,0.0291,0.9479
101389,1,Cash loans,F,N,Y,3,173000.0,724000.0,51530.0,660600.0,Unaccompanied,Working,Secondary / secondary special,Married,House / apartment,-17243,-8353,-7498,-4140,0.9094,0.3375,0.3781
101390,0,Cash loans,M,N,Y,0,54000.0,1351500.0,66770.0,1239900.0,Unaccompanied,Working,Higher education,Married,Municipal apartment,-12124,-7640,-5039,-1552,0.7574,0.1325,0.823
101391,0,Cash loans,F,N,N,0,35000.0,262500.0,18410.0,258400.0,Unaccompanied,Pensioner,Secondary / secondary special,Married,House / apartment,-10415,-5679,-9039,-2792,0.3349,0.3516,0.4297
101392,0,Cash loans,F,N,N,0,85000.0,1247000.0,93040.0,1207400.0,Unaccompanied,Working,Secondary / secondary special,Civil marriage,House / apartment,-7518,-4670,-2943,-2723,0.1399,0.5818,0.8539
101393,0,Cash loans,M,Y,Y,0,64000.0,469000.0,35240.0,407600.0,Family,Commercial associate,Secondary / secondary special,Civil marriage,House / apartment,-7425,-5791,-8067,-5576,0.4472,0.0313,0.0961
101394,0,Cash loans,F,N,N,0,355000.0,1221500.0,87150.0,1150100.0,Family,Pensioner,Incomplete higher,Separated,House / apartment,-20469,-2059,-11412,-2022,0.3794,0.828,0.1748
101395,0,Revolving loans,M,N,Y,1,33000.0,1384000.0,77950.0,1383200.0,Family,Pensioner,Secondary / secondary special,Married,House / apartment,-23625,-8130,-8360,-4670,0.9234,0.5837,0.809
101396,0,Revolving loans,F,N,Y,0,54000.0,667000.0,52870.0,626500.0,Unaccompanied,Working,Secondary / secondary special,Married,House / apartment,-20990,-5226,-6700,-1430,0.9405,0.2876,0.7801
101397,0,Cash loans,F,N,Y,1,144000.0,576000.0,31790.0,557500.0,Unaccompanied,Working,Secondary / secondary special,Married,House / apartment,-19906,-3862,-984,-4188,0.3959,0.3025,0.2971
101398,0,Cash loans,F,Y,Y,0,123000.0,1212000.0,79440.0,1170000.0,Unaccompanied,Working,Secondary / secondary special,Separated,House / apartment,-16715,-2886,-1107,-6465,0.1499,0.4477,0.571
101399,0,Cash loans,F,Y,Y,0,32000.0,815500.0,37870.0,736000.0,Family,Working,Incomplete higher,Married,House / apartment,-11480,-1642,-10759,-2513,0.866,0.2432,0.3697
101400,0,Cash loans,M,N,Y,0,26000.0,1041000.0,82470.0,942900.0,Unaccompanied,Working,Higher education,Married,House / apartment,-12460,-1775,-8298,-603,0.7559,0.0141,0.0197
101401,0,Cash loans,F,N,Y,0,689000.0,951000.0,64820.0,911600.0,Unaccompanied,Working,Secondary / secondary special,Separated,House / apartment,-17066,-133,-7432,-6697,0.4906,0.035,0.0345
101402,0,Cash loans,M,Y,Y,0,186000.0,267500.0,18760.0,247400.0,Unaccompanied,Working,Secondary / secondary special,Married,House / apartment,-9242,-2899,-10897,-6896,0.3534,0.3463,0.061
101403,0,Revolving loans,M,N,Y,1,93000.0,1274000.0,54310.0,1191900.0,Unaccompanied,Commercial associate,Secondary / secondary special,Married,Municipal apartment,-18832,-7596,-10270,-326,0.4313,0.1268,0.5684
101404,0,Cash loans,F,N,Y,0,120000.0,330000.0,23280.0,315800.0,Unaccompanied,Pensioner,Secondary / secondary special,Married,Rented apartment,-17906,-1955,-11810,-3838,0.8578,0.031,0.2725
101405,0,Cash loans,F,N,Y,1,71000.0,1401500.0,99490.0,1354700.0,Unaccompanied,Working,Secondary / secondary special,Married,House / apartment,-8554,-7023,-4342,-5962,0.1836,0.8177,0.1453
101406,0,Cash loans,M,N,Y,0,88000.0,409500.0,27380.0,364800.0,"Spouse, partner",Working,Secondary / secondary special,Separated,House / apartment,-8287,-2785,-11165,-2775,0.7684,0.2677,0.8947
101407,0,Cash loans,M,Y,Y,0,182000.0,1113000.0,57520.0,970600.0,Family,Commercial associate,Secondary / secondary special,Married,House / apartment,-22223,-1157,-1553,-5942,0.0271,0.4829,0.124
101408,0,Revolving loans,F,Y,Y,0,347000.0,459000.0,27350.0,410200.0,Unaccompanied,Pensioner,Higher education,Married,Rented apartment,-15411,-7038,-2002,-3639,0.8753,0.1786,0.6435
101409,0,Cash loans,F,N,Y,0,56000.0,507500.0,22540.0,470000.0,"Spouse, partner",Working,Secondary / secondary special,Married,House / apartment,-22124,-4601,-8104,-590,0.4803,0.0539,0.8505
101410,0,Cash loans,F,N,Y,0,300000.0,496000.0,29200.0,447100.0,Unaccompanied,Commercial associate,Secondary / secondary special,Married,House / apartment,-19393,-7697,-497,-1438,0.2231,0.7102,0.164
101411,0,Cash loans,M,N,Y,0,44000.0,1133000.0,56370.0,1059600.0,Family,Working,Secondary / secondary special,Married,House / apartment,-21040,-6671,-4949,-3570,0.0127,0.1275,0.2118
101412,0,Cash loans,F,N,Y,0,61000.0,855000.0,46140.0,733600.0,Unaccompanied,Working,Secondary / secondary special,Married,House / apartment,-20418,-4488,-1421,-850,0.536,0.0342,0.5494
101413,0,Cash loans,M,N,N,0,31000.0,1329500.0,61830.0,1231700.0,Unaccompanied,Pensioner,Higher education,Married,House / apartment,-19211,-6122,-3474,-439,0.2398,0.562,0.4879
101414,0,Cash loans,F,Y,Y,0,48000.0,492000.0,24210.0,445400.0,Unaccompanied,Pensioner,Secondary / secondary special,Married,House / apartment,-22301,-2727,-5980,-6857,0.6034,0.0227,0.4998
101415,0,Cash loans,F,N,Y,0,399000.0,1052000.0,45300.0,978600.0,Unaccompanied,Commercial associate,Secondary / secondary special,Single / not married,House / apartment,-16809,-3920,-4373,-6575,0.2743,0.4201,0.5314
101416,1,Cash loans,F,N,Y,0,117000.0,1140500.0,87590.0,1041700.0,Unaccompanied,Commercial associate,Secondary / secondary special,Married,House / apartment,-8671,-7347,-8733,-2995,0.0927,0.2815,0.9029
101417,0,Cash loans,F,N,Y,2,37000.0,265500.0,16250.0,237000.0,Unaccompanied,Pensioner,Secondary / secondary special,Single / not married,House / apartment,-20463,-3743,-7310,-4423,0.4847,0.3103,0.0606
101418,0,Cash loans,F,N,Y,0,507000.0,628000.0,35090.0,619000.0,Children,State servant,Higher education,Married,House / apartment,-7660,-6291,-8980,-5376,0.5406,0.0137,0.7248
101419,0,Cash loans,F,N,Y,1,342000.0,747500.0,45900.0,656100.0,Unaccompanied,Working,Secondary / secondary special,Married,House / apartment,-15404,-3862,-8547,-1665,0.4354,0.9165,0.2286
101420,1,Cash loans,F,Y,Y,0,236000.0,562500.0,36640.0,535600.0,Unaccompanied,Commercial associate,Higher education,Widow,House / apartment,-21486,-6087,-5643,-2908,0.4406,0.4959,0.3613
101421,0,Cash loans,F,N,N,1,432000.0,513500.0,39480.0,507700.0,Unaccompanied,Working,Higher education,Married,House / apartment,-15849,-8898,-9418,-5673,0.5643,0.5482,0.0939
101422,0,Cash loans,F,Y,Y,0,62000.0,1043500.0,49200.0,971300.0,Unaccompanied,Working,Higher education,Married,With parents,-10083,-2455,-8441,-5193,0.5048,0.6362,0.4289
101423,0,Cash loans,M,N,Y,2,297000.0,359000.0,18600.0,352300.0,Unaccompanied,Working,Higher education,Married,House / apartment,-7363,-1433,-6178,-1257,0.1346,0.7597,0.766
101424,0,Cash loans,F,N,Y,0,201000.0,1077000.0,85120.0,935600.0,Unaccompanied,Pensioner,Secondary / secondary special,Married,House / apartment,-11149,-4108,-11587,-1544,0.1953,0.5814,0.1028
101425,1,Cash loans,F,N,N,1,331000.0,1405500.0,77090.0,1298800.0,Unaccompanied,Pensioner,Higher education,Married,House / apartment,-11238,-2573,-531,-1905,0.1433,0.7265,0.2691
101426,1,Cash loans,F,N,N,0,264000.0,867500.0,35480.0,796800.0,Unaccompanied,Pensioner,Secondary / secondary special,Married,House / apartment,-16071,-6243,-8750,-5662,0.6617,0.4318,0.3607
101427,0,Cash loans,M,N,Y,0,89000.0,934500.0,42900.0,795500.0,Unaccompanied,Working,Secondary / secondary special,Single / not married,House / apartment,-19909,-3833,-1619,-3679,0.5069,0.359,0.1077
101428,1,Cash loans,F,N,N,0,248000.0,145500.0,5970.0,133300.0,Unaccompanied,Commercial associate,Secondary / secondary special,Married,House / apartment,-20783,-2186,-1291,-1815,0.4141,0.7837,0.7266
101429,0,Cash loans,M,Y,Y,0,71000.0,1303000.0,103710.0,1179700.0,Unaccompanied,Working,Secondary / secondary special,Single / not married,House / apartment,-17823,-3450,-3124,-2276,0.7604,0.8234,0.7497
101430,0,Cash loans,M,Y,N,0,85000.0,460500.0,23560.0,437700.0,Unaccompanied,Working,Secondary / secondary special,Married,House / apartment,-9458,-8667,-4880,-3316,0.3162,0.1395,0.7957
101431,0,Cash loans,F,N,N,0,42000.0,940000.0,72330.0,931300.0,Family,Pensioner,Secondary / secondary special,Married,House / apartment,-19261,-2052,-4113,-1450,0.544,0.5201,0.5589
101432,0,Revolving loans,F,N,Y,0,435000.0,1469500.0,117320.0,1268000.0,Family,Working,Secondary / secondary special,Single / not married,Rented apartment,-13696,-3810,-9319,-2047,0.0799,0.6526,0.4868
101433,0,Cash loans,M,N,N,2,77000.0,911500.0,58330.0,819500.0,Unaccompanied,Pensioner,Secondary / secondary special,Married,House / apartment,-9583,-1793,-3911,-4839,0.7097,0.0886,0.2568
101434,0,Cash loans,F,N,Y,0,135000.0,1099500.0,45440.0,1007800.0,Unaccompanied,Working,Secondary / secondary special,Single / not married,Municipal apartment,-13536,-8363,-7159,-3544,0.6635,0.8838,0.6258
101435,0,Cash loans,F,N,Y,1,99000.0,693000.0,29980.0,636400.0,Unaccompanied,Working,Higher education,Married,House / apartment,-15109,-1874,-1107,-4906,0.7642,0.4989,0.4279
101436,0,Cash loans,M,Y,Y,0,508000.0,133000.0,7880.0,128500.0,Unaccompanied,Commercial associate,Secondary / secondary special,Married,Municipal apartment,-19258,-673,-5427,-3634,0.8414,0.6167,0.9225
101437,0,Cash loans,F,N,N,0,86000.0,1205500.0,67810.0,1104900.0,Unaccompanied,Working,Secondary / secondary special,Civil marriage,House / apartment,-10405,-6585,-5270,-5848,0.7225,0.1775,0.9201
101438,0,Cash loans,M,N,Y,2,251000.0,96000.0,6170.0,82000.0,Family,Working,Secondary / secondary special,Single / not married,House / apartment,-10852,-4764,-6496,-173,0.8038,0.2586,0.8609
101439,0,Revolving loans,F,N,Y,1,315000.0,1064500.0,61270.0,1018200.0,Unaccompanied,Working,Secondary / secondary special,Single / not married,House / apartment,-9138,-5159,-1687,-1098,0.3349,0.1237,0.3485
101440,0,Revolving loans,M,N,N,1,111000.0,78500.0,6070.0,77100.0,Unaccompanied,Commercial associate,Secondary / secondary special,Civil marriage,House / apartment,-24579,-5462,-5987,-1122,0.3327,0.2582,0.3559
101441,1,Cash loans,F,N,Y,0,96000.0,1299500.0,79780.0,1204700.0,Unaccompanied,State servant,Secondary / secondary special,Single / not married,House / apartment,-13213,-4166,-4471,-2560,0.8976,0.4729,0.8115
101442,0,Cash loans,F,N,Y,0,232000.0,274500.0,18600.0,257300.0,Unaccompanied,Pensioner,Secondary / secondary special,Married,House / apartment,-23172,-6571,-5681,-2042,0.8697,0.7936,0.6954
101443,0,Cash loans,F,N,Y,0,391000.0,793500.0,60190.0,693900.0,Unaccompanied,State servant,Secondary / secondary special,Widow,House / apartment,-10190,-6213,-3475,-3778,0.5256,0.5117,0.6721
101444,0,Revolving loans,M,N,Y,0,236000.0,914000.0,41930.0,807200.0,Unaccompanied,Pensioner,Secondary / secondary special,Single / not married,House / apartment,-21887,-8444,-2577,-5352,0.3546,0.2398,0.2728
101445,0,Revolving loans,F,N,Y,0,64000.0,710500.0,34950.0,629000.0,Unaccompanied,Pensioner,Incomplete higher,Married,House / apartment,-17535,-5474,-2532,-2176,0.824,0.0519,0.7933
101446,0,Cash loans,F,Y,Y,1,354000.0,541000.0,23960.0,494800.0,Unaccompanied,Commercial associate,Secondary / secondary special,Married,House / apartment,-23023,-9020,-4217,-2421,0.314,0.5947,0.5547
101447,0,Cash loans,F,N,N,1,99000.0,725500.0,33070.0,717700.0,Family,Working,Higher education,Separated,With parents,-21946,-9844,-6937,-4331,0.1544,0.405,0.4301
101448,0,Cash loans,F,N,N,0,154000.0,498000.0,30130.0,462300.0,Unaccompanied,Working,Secondary / secondary special,Married,Municipal apartment,-14746,-3763,-2029,-5963,0.6111,0.9353,0.8235
101449,1,Cash loans,F,N,Y,0,292000.0,682500.0,36070.0,599800.0,Family,Pensioner,Secondary / secondary special,Married,House / apartment,-19129,-6794,-9335,-4837,0.0501,0.743,0.3806
101450,0,Cash loans,F,N,Y,1,56000.0,567000.0,32280.0,504600.0,Unaccompanied,Working,Lower secondary,Married,House / apartment,-10758,-6241,-5958,-6333,0.3664,0.7699,0.6247
101451,0,Cash loans,F,N,Y,0,255000.0,869000.0,68910.0,788700.0,Family,Working,Higher education,Married,House / apartment,-11697,-6386,-5418,-3772,0.7692,0.0215,0.448
101452,0,Cash loans,F,N,Y,0,161000.0,391000.0,18090.0,368900.0,Unaccompanied,State servant,Secondary / secondary special,Married,House / apartment,-21882,-6260,-6190,-6311,0.2875,0.7411,0.5672
101453,0,Cash loans,F,N,Y,0,361000.0,1483500.0,91430.0,1358900.0,Unaccompanied,Working,Secondary / secondary special,Civil marriage,House / apartment,-22123,-9291,-7764,-1692,0.8854,0.1929,0.0481
101454,0,Cash loans,F,N,Y,0,53000.0,774000.0,34020.0,703500.0,Family,State servant,Secondary / secondary special,Single / not married,House / apartment,-15388,-7242,-11935,-290,0.9085,0.5606,0.4434
101455,0,Revolving loans,M,Y,N,3,107000.0,327500.0,17270.0,306100.0,Unaccompanied,Commercial associate,Secondary / secondary special,Married,House / apartment,-14706,-5121,-11782,-3931,0.7769,0.4306,0.5331
101456,1,Cash loans,F,Y,Y,0,293000.0,739000.0,45150.0,655000.0,Unaccompanied,Working,Secondary / secondary special,Single / not married,House / apartment,-14371,-6970,-11990,-1418,0.9384,0.5473,0.4732
101457,0,Cash loans,F,N,Y,0,28000.0,1305500.0,101650.0,1125100.0,Unaccompanied,Commercial associate,Higher education,Married,House / apartment,-20378,-6408,-9939,-5593,0.5089,0.1354,0.8066
101458,0,Cash loans,F,N,N,0,43000.0,76500.0,4260.0,65300.0,Unaccompanied,Pensioner,Higher education,Married,With parents,-23404,-9426,-4819,-6282,0.545,0.4395,0.3025
101459,0,Cash loans,M,N,Y,2,725000.0,1034000.0,44040.0,917900.0,Unaccompanied,Working,Secondary / secondary special,Married,House / apartment,-12307,-4842,-5919,-5310,0.796,0.0447,0.841
101460,0,Cash loans,M,N,Y,1,74000.0,842500.0,46780.0,727700.0,Unaccompanied,Pensioner,Higher education,Civil marriage,House / apartment,-16867,-3245,-8409,-1988,0.4732,0.0485,0.3893
101461,0,Cash loans,M,N,Y,0,582000.0,291500.0,13360.0,262500.0,Unaccompanied,Pensioner,Higher education,Married,House / apartment,-17025,-8243,-2810,-567,0.3923,0.6283,0.6629
101462,0,Cash loans,F,N,Y,0,55000.0,1234500.0,60740.0,1192500.0,Unaccompanied,Working,Secondary / secondary special,Married,House / apartment,-17444,-2815,-3415,-5638,0.5879,0.9046,0.0915
101463,0,Cash loans,F,Y,N,0,92000.0,581500.0,37640.0,556800.0,Unaccompanied,Working,Secondary / secondary special,Married,House / apartment,-18749,-8645,-5952,-5170,0.6282,0.7407,0.1981
101464,0,Cash loans,F,N,Y,0,235000.0,472500.0,20170.0,444900.0,Unaccompanied,Working,Secondary / secondary special,Single / not married,House / apartment,-18483,-5493,-5433,-3038,0.7158,0.451,0.7255
101465,1,Cash loans,F,N,N,0,186000.0,1250000.0,73240.0,1222300.0,Unaccompanied,Working,Higher education,Single / not married,House / apartment,-19649,-9594,-1716,-2345,0.6381,0.0625,0.0216
101466,0,Cash loans,F,N,N,0,156000.0,974000.0,62700.0,869100.0,Family,Working,Higher education,Married,House / apartment,-16657,-4182,-7897,-3143,0.711,0.0523,0.9204
101467,1,Cash loans,M,Y,N,0,138000.0,1352000.0,76890.0,1328700.0,Unaccompanied,Commercial associate,Secondary / secondary special,Married,House / apartment,-11861,-3831,-289,-2303,0.6441,0.1584,0.1892
101468,0,Cash loans,M,N,N,0,303000.0,961500.0,39200.0,874900.0,Unaccompanied,Working,Secondary / secondary special,Single / not married,House / apartment,-14914,-8801,-4697,-308,0.4616,0.9273,0.8572
101469,0,Cash loans,M,N,Y,0,65000.0,1123000.0,89190.0,1022100.0,Unaccompanied,Pensioner,Higher education,Single / not married,House / apartment,-9658,-1637,-11460,-2138,0.1368,0.3847,0.495
101470,0,Cash loans,F,N,Y,1,113000.0,1262000.0,69010.0,1149400.0,Unaccompanied,Working,Higher education,Married,House / apartment,-18730,-8192,-10935,-2196,0.7483,0.8028,0.5407
101471,0,Cash loans,M,Y,Y,0,50000.0,124500.0,8860.0,107700.0,Unaccompanied,Working,Secondary / secondary special,Civil marriage,House / apartment,-23341,-277,-609,-461,0.0389,0.6728,0.0891
101472,0,Cash loans,F,N,Y,0,161000.0,1174000.0,62250.0,1169700.0,Unaccompanied,Commercial associate,Secondary / secondary special,Widow,House / apartment,-20403,-2476,-2353,-4730,0.943,0.5791,0.3533
101473,0,Cash loans,F,Y,N,3,68000.0,938000.0,55340.0,816800.0,Unaccompanied,Pensioner,Higher education,Married,House / apartment,-17567,-7838,-7645,-3820,0.7888,0.901,0.1568
101474,0,Cash loans,M,N,Y,0,86000.0,146000.0,8110.0,131600.0,"Spouse, partner",Commercial associate,Secondary / secondary special,Married,House / apartment,-19159,-9092,-535,-4732,0.6407,0.2266,0.5044
101475,0,Cash loans,F,N,N,1,121000.0,785000.0,42160.0,704800.0,Unaccompanied,Working,Secondary / secondary special,Married,House / apartment,-20095,-6931,-3291,-645,0.9186,0.4376,0.5277
101476,0,Cash loans,F,N,N,0,29000.0,165000.0,6740.0,142100.0,Unaccompanied,Pensioner,Higher education,Single / not married,House / apartment,-17673,-3343,-3757,-4613,0.5857,0.8228,0.6771
101477,0,Revolving loans,F,Y,N,0,39000.0,1116000.0,60710.0,974100.0,Unaccompanied,Working,Secondary / secondary special,Married,House / apartment,-14557,-3766,-8948,-6014,0.063,0.5287,0.8356
101478,0,Cash loans,M,N,N,1,199000.0,840000.0,63490.0,719700.0,Unaccompanied,Working,Higher education,Married,House / apartment,-17450,-1037,-7157,-1396,0.5358,0.2417,0.4501
101479,0,Cash loans,M,Y,Y,0,109000.0,1432500.0,96860.0,1280500.0,Unaccompanied,Working,Secondary / secondary special,Single / not married,House / apartment,-15676,-3127,-3849,-3268,0.2706,0.2064,0.2294
101480,0,Cash loans,F,N,Y,1,325000.0,311500.0,14270.0,305300.0,Unaccompanied,Pensioner,Secondary / secondary special,Civil marriage,House / apartment,-17172,-2120,-8069,-4285,0.3573,0.7177,0.3236
101481,0,Cash loans,M,N,Y,0,203000.0,927000.0,59000.0,835100.0,Unaccompanied,Working,Secondary / secondary special,Married,House / apartment,-21803,-7302,-8545,-3874,0.442,0.022,0.8063
101482,0,Cash loans,F,N,Y,0,26000.0,353000.0,26720.0,306600.0,Unaccompanied,Commercial associate,Secondary / secondary special,Married,House / apartment,-24261,-2074,-4830,-4174,0.7381,0.8693,0.1471
101483,0,Cash loans,F,N,Y,0,169000.0,938500.0,63820.0,888600.0,Unaccompanied,Commercial associate,Secondary / secondary special,Married,House / apartment,-19446,-9810,-4330,-1570,0.4828,0.0273,0.5996
101484,0,Revolving loans,M,N,N,0,40000.0,1096500.0,50380.0,1095900.0,Unaccompanied,Pensioner,Secondary / secondary special,Married,House / apartment,-19769,-1358,-8497,-815,0.4562,0.6031,0.0223
101485,0,Cash loans,M,N,N,0,253000.0,1096000.0,81890.0,969800.0,Family,Working,Secondary / secondary special,Civil marriage,House / apartment,-15562,-7152,-5229,-1905,0.2939,0.5785,0.2409
101486,0,Cash loans,M,Y,Y,0,740000.0,1231000.0,64090.0,1098000.0,"Spouse, partner",Working,Higher education,Married,House / apartment,-7855,-3210,-2995,-4167,0.5175,0.5537,0.5659
101487,0,Cash loans,F,N,Y,0,139000.0,1287000.0,74860.0,1281600.0,Unaccompanied,Working,Secondary / secondary special,Married,House / apartment,-24535,-9534,-11900,-2090,0.2435,0.4559,0.439
101488,0,Cash loans,M,Y,Y,0,197000.0,157500.0,9610.0,138100.0,Unaccompanied,Working,Secondary / secondary special,Civil marriage,House / apartment,-16710,-2853,-6970,-4898,0.2553,0.8113,0.4739
101489,0,Cash loans,F,N,Y,1,66000.0,544500.0,40300.0,504600.0,Unaccompanied,Commercial associate,Secondary / secondary special,Married,House / apartment,-10940,-5894,-2214,-3204,0.7218,0.6298,0.6309
101490,0,Cash loans,M,Y,Y,0,111000.0,1045000.0,80740.0,925800.0,Unaccompanied,Commercial associate,Secondary / secondary special,Married,House / apartment,-20668,-2775,-9401,-3870,0.332,0.745,0.2305
101491,0,Cash loans,F,N,Y,2,316000.0,770500.0,59470.0,762700.0,Unaccompanied,Pensioner,Secondary / secondary special,Married,House / apartment,-9212,-519,-275,-1129,0.0583,0.1186,0.274
101492,0,Cash loans,M,N,Y,0,52000.0,322500.0,13000.0,321600.0,Unaccompanied,Pensioner,Secondary / secondary special,Civil marriage,House / apartment,-12719,-8944,-6153,-5790,0.3331,0.0569,0.6534
101493,0,Cash loans,F,N,Y,0,71000.0,849000.0,65270.0,825400.0,Unaccompanied,Pensioner,Higher education,Married,House / apartment,-22742,-2971,-6553,-6500,0.6103,0.0368,0.516
101494,0,Cash loans,F,N,Y,1,113000.0,638000.0,26910.0,572400.0,"Spouse, partner",Working,Secondary / secondary special,Married,House / apartment,-21729,-967,-8338,-2055,0.7751,0.1484,0.0237
101495,0,Cash loans,F,Y,Y,0,212000.0,612500.0,31010.0,557700.0,Unaccompanied,State servant,Secondary / secondary special,Married,House / apartment,-23950,-8465,-3548,-1797,0.9142,0.637,0.6401
101496,0,Cash loans,F,N,Y,0,96000.0,1223000.0,74110.0,1084000.0,Unaccompanied,Working,Secondary / secondary special,Civil marriage,House / apartment,-11216,-8104,-6972,-3414,0.7114,0.4744,0.5929
101497,0,Cash loans,F,N,Y,0,419000.0,638000.0,37770.0,627500.0,Unaccompanied,Commercial associate,Secondary / secondary special,Married,House / apartment,-20987,-4832,-10145,-2484,0.4131,0.7171,0.0839
101498,0,Cash loans,M,Y,Y,0,40000.0,83500.0,5360.0,82400.0,Family,Commercial associate,Secondary / secondary special,Married,House / apartment,-22137,-9851,-851,-6223,0.2912,0.1902,0.7127
101499,0,Cash loans,F,N,N,0,94000.0,129500.0,7660.0,118200.0,Unaccompanied,Pensioner,Higher education,Widow,House / apartment,-22771,-4227,-4523,-688,0.1319,0.3549,0.5008
101500,0,Cash loans,F,Y,Y,3,210000.0,1291000.0,99890.0,1224500.0,Family,Working,Secondary / secondary special,Separated,House / apartment,-20165,-4692,-8679,-3463,0.6,0.8452,0.2025
101501,0,Cash loans,F,N,Y,0,63000.0,1442500.0,71580.0,1261900.0,Unaccompanied,Pensioner,Secondary / secondary special,Widow,House / apartment,-19185,-2342,-1553,-575,0.4893,0.8896,0.5358
101502,0,Cash loans,F,Y,N,1,185000.0,1046500.0,53330.0,957800.0,Unaccompanied,State servant,Secondary / secondary special,Married,House / apartment,-20219,-2588,-1761,-4995,0.647,0.8764,0.5697
101503,0,Revolving loans,F,N,Y,0,52000.0,575000.0,44180.0,543200.0,Family,Commercial associate,Incomplete higher,Separated,House / apartment,-9626,-1612,-11375,-6431,0.2329,0.7792,0.8749
101504,0,Cash loans,F,N,N,0,34000.0,1410500.0,60750.0,1280500.0,Unaccompanied,Pensioner,Secondary / secondary special,Married,House / apartment,-10101,-5716,-8775,-5232,0.3142,0.6569,0.7076
101505,0,Cash loans,F,N,Y,0,44000.0,1009500.0,64990.0,912200.0,Family,Working,Secondary / secondary special,Married,House / apartment,-23319,-2871,-6799,-3010,0.2846,0.8689,0.2938
101506,0,Cash loans,F,Y,Y,1,424000.0,1273500.0,85670.0,1082700.0,Unaccompanied,Working,Secondary / secondary special,Married,House / apartment,-20833,-1743,-4310,-3902,0.7598,0.6813,0.121
101507,0,Revolving loans,F,N,Y,1,145000.0,1159500.0,69830.0,1125500.0,Family,State servant,Higher education,Married,House / apartment,-18322,-123,-4605,-6001,0.171,0.9067,0.812
101508,0,Cash loans,F,N,Y,0,264000.0,596500.0,40420.0,586600.0,Unaccompanied,Commercial associate,Secondary / secondary special,Married,House / apartment,-22597,-2437,-8702,-4815,0.582,0.0333,0.8053
101509,0,Cash loans,F,N,Y,0,86000.0,741500.0,34780.0,738100.0,Unaccompanied,Commercial associate,Secondary / secondary special,Married,Rented apartment,-24668,-3043,-7756,-4321,0.0583,0.8763,0.1748
101510,0,Cash loans,F,Y,Y,0,160000.0,316000.0,23420.0,302700.0,Unaccompanied,Working,Higher education,Civil marriage,House / apartment,-13763,-8122,-3813,-5452,0.5266,0.5324,0.0684
101511,0,Cash loans,F,Y,Y,0,127000.0,470000.0,21430.0,438200.0,Unaccompanied,Working,Secondary / secondary special,Married,House / apartment,-20932,-4826,-10432,-5536,0.0701,0.1151,0.6792
101512,0,Cash loans,M,Y,Y,0,462000.0,1177000.0,65950.0,1048000.0,Family,Working,Secondary / secondary special,Married,House / apartment,-24759,-1816,-10342,-6421,0.1753,0.212,0.6892
101513,1,Revolving loans,M,N,Y,1,231000.0,1345500.0,57870.0,1345400.0,Unaccompanied,Working,Secondary / secondary special,Married,With parents,-24707,-7194,-5891,-3870,0.1162,0.811,0.1765
101514,0,Cash loans,M,N,N,0,222000.0,1099000.0,67930.0,1031400.0,Unaccompanied,Working,Secondary / secondary special,Separated,Municipal apartment,-20753,-4233,-6888,-2839,0.3359,0.4857,0.6381
101515,0,Cash loans,F,N,Y,1,32000.0,722000.0,48220.0,687500.0,Unaccompanied,Working,Secondary / secondary special,Married,House / apartment,-20366,-6629,-6194,-3074,0.3331,0.9338,0.2722
101516,0,Revolving loans,M,Y,Y,0,145000.0,171000.0,13280.0,162900.0,Unaccompanied,Working,Secondary / secondary special,Married,House / apartment,-15771,-844,-8147,-4640,0.7868,0.1205,0.255
101517,0,Cash loans,M,N,Y,0,119000.0,128000.0,8910.0,125000.0,Unaccompanied,Commercial associate,Incomplete higher,Married,House / apartment,-24795,-4277,-3202,-2525,0.2221,0.3978,0.315
101518,0,Cash loans,M,N,N,0,419000.0,589500.0,36340.0,501900.0,Unaccompanied,Working,Secondary / secondary special,Separated,House / apartment,-7571,-8285,-342,-3481,0.0912,0.322,0.4992
101519,0,Cash loans,F,Y,Y,1,70000.0,720000.0,55660.0,635800.0,Unaccompanied,Commercial associate,Secondary / secondary special,Married,House / apartment,-19471,-6040,-7745,-2017,0.5773,0.4952,0.7662
101520,1,Cash loans,F,N,Y,1,72000.0,931500.0,55090.0,884800.0,Family,Pensioner,Higher education,Married,House / apartment,-23873,-149,-1423,-3378,0.6562,0.6054,0.4787
101521,0,Cash loans,M,N,Y,0,104000.0,54500.0,3400.0,53600.0,Unaccompanied,Working,Secondary / secondary special,Married,House / apartment,-17833,-6912,-8337,-3285,0.2871,0.6319,0.2902
101522,1,Cash loans,F,N,Y,0,67000.0,1485000.0,94810.0,1414900.0,"Spouse, partner",Pensioner,Secondary / secondary special,Civil marriage,House / apartment,-19458,-6317,-11009,-3101,0.5766,0.0112,0.8409
101523,0,Cash loans,F,N,N,0,46000.0,574500.0,32400.0,524000.0,Unaccompanied,Pensioner,Secondary / secondary special,Married,House / apartment,-15442,-3149,-4557,-4514,0.7395,0.0936,0.0618
101524,0,Cash loans,F,Y,Y,0,317000.0,1279000.0,94060.0,1156500.0,Unaccompanied,Working,Secondary / secondary special,Single / not married,House / apartment,-23449,-5325,-9107,-3608,0.3367,0.043,0.7593
101525,0,Cash loans,F,N,Y,0,148000.0,823500.0,39040.0,791100.0,Unaccompanied,Working,Higher education,Married,House / apartment,-12243,-7968,-6647,-1051,0.5038,0.8227,0.7473
101526,0,Cash loans,F,N,Y,1,321000.0,235000.0,14620.0,225900.0,Unaccompanied,Working,Secondary / secondary special,Widow,House / apartment,-24452,-3989,-1911,-4704,0.1478,0.3045,0.2483
101527,0,Revolving loans,F,N,N,0,292000.0,1205500.0,83050.0,1134400.0,Unaccompanied,Commercial associate,Secondary / secondary special,Married,Rented apartment,-19267,-8051,-11893,-86,0.0322,0.355,0.1964
101528,0,Cash loans,F,N,Y,1,75000.0,1078000.0,82100.0,963400.0,Family,Working,Higher education,Married,House / apartment,-12466,-9914,-1339,-3097,0.9325,0.4333,0.8322
101529,0,Revolving loans,F,N,N,0,144000.0,812500.0,61230.0,803400.0,Unaccompanied,Working,Secondary / secondary special,Married,Municipal apartment,-14889,-7735,-2246,-6263,0.2917,0.8083,0.5353
101530,0,Cash loans,F,N,N,0,38000.0,793500.0,47890.0,740200.0,Unaccompanied,Commercial associate,Secondary / secondary special,Married,House / apartment,-12098,-5875,-6446,-4808,0.2722,0.0233,0.0533
101531,0,Cash loans,F,N,Y,2,395000.0,172500.0,11340.0,167100.0,Unaccompanied,Working,Secondary / secondary special,Married,House / apartment,-22518,-3455,-2951,-2439,0.9249,0.1215,0.8474
101532,0,Cash loans,F,N,N,0,103000.0,999500.0,55740.0,881700.0,Unaccompanied,State servant,Secondary / secondary special,Married,House / apartment,-7764,-9305,-497,-6496,0.6945,0.6541,0.3381
101533,0,Cash loans,M,N,Y,2,100000.0,1371000.0,80510.0,1236100.0,Unaccompanied,Working,Secondary / secondary special,Widow,House / apartment,-9900,-8445,-11140,-6158,0.5602,0.9161,0.3316
101534,0,Cash loans,M,N,N,0,79000.0,180500.0,13760.0,177100.0,Family,Pensioner,Secondary / secondary special,Married,House / apartment,-8216,-6361,-790,-6448,0.6674,0.6142,0.6147
101535,0,Cash loans,F,Y,Y,0,118000.0,428500.0,33090.0,367400.0,Unaccompanied,Working,Secondary / secondary special,Civil marriage,House / apartment,-16944,-2414,-8201,-1277,0.6773,0.2555,0.6316
101536,0,Cash loans,F,Y,Y,1,69000.0,1358000.0,102960.0,1258700.0,Family,Working,Secondary / secondary special,Married,House / apartment,-13426,-3556,-3098,-6766,0.7275,0.4987,0.3421
101537,0,Cash loans,F,Y,Y,2,95000.0,458500.0,20880.0,422900.0,Unaccompanied,Working,Secondary / secondary special,Separated,House / apartment,-14451,-7508,-8184,-519,0.0732,0.9265,0.1447
101538,0,Cash loans,M,N,N,0,266000.0,996500.0,73740.0,959300.0,Unaccompanied,State servant,Secondary / secondary special,Married,House / apartment,-18960,-4366,-2816,-6070,0.3981,0.5064,0.5291
101539,0,Cash loans,F,N,Y,0,295000.0,823000.0,64140.0,734300.0,Unaccompanied,Working,Secondary / secondary special,Married,House / apartment,-7365,-8908,-326,-6996,0.2874,0.3611,0.5977
101540,0,Cash loans,F,N,Y,1,79000.0,912500.0,49690.0,805600.0,Family,Commercial associate,Secondary / secondary special,Married,House / apartment,-20188,-3149,-11758,-6783,0.0763,0.3704,0.8186
101541,0,Cash loans,F,N,Y,1,120000.0,650000.0,39480.0,642800.0,Unaccompanied,Pensioner,Secondary / secondary special,Single / not married,House / apartment,-16991,-4743,-882,-386,0.3978,0.919,0.4654
101542,0,Cash loans,F,N,Y,0,336000.0,481500.0,34270.0,450600.0,Unaccompanied,Commercial associate,Secondary / secondary special,Single / not married,House / apartment,-21299,-5404,-1671,-13,0.5892,0.6858,0.617
101543,0,Cash loans,M,N,Y,1,33000.0,115500.0,7220.0,100000.0,Family,Working,Secondary / secondary special,Married,With parents,-14493,-2025,-5002,-4186,0.1778,0.6559,0.0611
101544,0,Cash loans,M,Y,Y,0,355000.0,1128000.0,89950.0,991500.0,Unaccompanied,State servant,Secondary / secondary special,Married,House / apartment,-18301,-6945,-8929,-3475,0.2967,0.2281,0.8509
101545,1,Cash loans,F,N,Y,0,62000.0,1130500.0,65830.0,1130300.0,Family,Pensioner,Secondary / secondary special,Married,House / apartment,-16378,-6910,-2174,-3576,0.6108,0.5359,0.3176
101546,0,Cash loans,F,N,Y,0,195000.0,1021000.0,70000.0,897800.0,Family,Working,Secondary / secondary special,Married,House / apartment,-23052,-2557,-5235,-3,0.5546,0.3453,0.6043
101547,0,Cash loans,F,Y,Y,0,156000.0,981500.0,70380.0,924200.0,Unaccompanied,Commercial associate,Secondary / secondary special,Married,House / apartment,-7343,-6982,-923,-3069,0.8267,0.2358,0.8711
101548,0,Cash loans,F,N,Y,2,146000.0,399500.0,23880.0,364800.0,Family,State servant,Higher education,Married,House / apartment,-11142,-7920,-4266,-3290,0.7538,0.8518,0.7719
101549,0,Cash loans,F,Y,Y,0,319000.0,77500.0,5760.0,76200.0,Unaccompanied,State servant,Higher education,Married,House / apartment,-12005,-9903,-8112,-3659,0.9177,0.3702,0.6094
101550,0,Cash loans,F,Y,N,2,41000.0,1221500.0,75550.0,1176600.0,Unaccompanied,Working,Secondary / secondary special,Single / not married,House / apartment,-20940,-4341,-2824,-4891,0.5714,0.2758,0.6714
101551,1,Cash loans,F,Y,Y,0,89000.0,759500.0,42890.0,713600.0,Unaccompanied,Pensioner,Secondary / secondary special,Single / not married,House / apartment,-23312,-3209,-5107,-3938,0.6666,0.8858,0.8757
101552,0,Cash loans,F,N,N,1,141000.0,491500.0,21780.0,418600.0,Unaccompanied,Working,Secondary / secondary special,Married,House / apartment,-13183,-5345,-6869,-4311,0.8189,0.1955,0.7734
101553,0,Cash loans,M,Y,N,1,275000.0,193500.0,10790.0,190000.0,Unaccompanied,Working,Higher education,Single / not married,House / apartment,-24374,-9919,-5720,-5278,0.7996,0.7108,0.5833
101554,0,Cash loans,F,N,Y,0,62000.0,136500.0,9470.0,125100.0,Unaccompanied,Working,Higher education,Married,Rented apartment,-23469,-8063,-9345,-1602,0.6856,0.6236,0.6292
101555,0,Cash loans,M,N,Y,0,269000.0,552500.0,42460.0,546800.0,Unaccompanied,Working,Secondary / secondary special,Single / not married,House / apartment,-14142,-4540,-2070,-5853,0.4802,0.8753,0.1484
101556,0,Cash loans,M,N,N,0,102000.0,1216000.0,60880.0,1124000.0,Unaccompanied,Commercial associate,Higher education,Married,House / apartment,-15601,-7710,-7346,-4799,0.2668,0.7921,0.452
101557,0,Cash loans,F,N,Y,1,56000.0,1381500.0,74890.0,1318100.0,Unaccompanied,Working,Secondary / secondary special,Single / not married,House / apartment,-11858,-2098,-6544,-4826,0.8346,0.673,0.2929
101558,0,Cash loans,M,N,Y,1,238000.0,1350000.0,62310.0,1161500.0,Unaccompanied,Working,Secondary / secondary special,Married,House / apartment,-16128,-1231,-4600,-6160,0.7401,0.3057,0.4161
101559,0,Cash loans,F,N,N,0,39000.0,1383500.0,93560.0,1330600.0,Family,Working,Higher education,Married,House / apartment,-12612,-2092,-920,-3973,0.7976,0.4758,0.6325
101560,0,Cash loans,F,Y,Y,1,133000.0,1365500.0,107070.0,1229900.0,Unaccompanied,Working,Secondary / secondary special,Single / not married,House / apartment,-7926,-8147,-6091,-2542,0.1423,0.8978,0.1502
101561,0,Cash loans,F,Y,N,0,35000.0,812000.0,53300.0,733000.0,Unaccompanied,State servant,Higher education,Married,House / apartment,-7369,-8805,-3482,-1642,0.3059,0.0318,0.0263
101562,0,Cash loans,M,Y,Y,0,91000.0,364000.0,23540.0,315900.0,Unaccompanied,Pensioner,Secondary / secondary special,Married,House / apartment,-21732,-5140,-6472,-1489,0.4094,0.7567,0.3831
101563,0,Cash loans,F,N,N,1,163000.0,1206000.0,74940.0,1051700.0,Unaccompanied,Working,Secondary / secondary special,Married,House / apartment,-17342,-812,-1443,-6587,0.7981,0.2467,0.3129
101564,0,Cash loans,F,Y,Y,0,147000.0,356000.0,15500.0,312500.0,Unaccompanied,Pensioner,Secondary / secondary special,Civil marriage,Municipal apartment,-18370,-314,-2801,-5858,0.8493,0.1839,0.4052
101565,0,Cash loans,M,N,Y,1,103000.0,434000.0,30020.0,390300.0,Unaccompanied,Working,Secondary / secondary special,Married,With parents,-18844,-5846,-1775,-4058,0.2778,0.2283,0.8853
101566,0,Cash loans,F,Y,Y,0,109000.0,384500.0,24640.0,378300.0,Unaccompanied,Commercial associate,Secondary / secondary special,Married,House / apartment,-15359,-8895,-8220,-5200,0.6552,0.0662,0.6747
101567,0,Cash loans,M,Y,Y,0,64000.0,794500.0,52800.0,719200.0,Unaccompanied,State servant,Secondary / secondary special,Married,House / apartment,-14084,-7081,-2292,-6922,0.0831,0.9425,0.3178
101568,0,Cash loans,M,N,N,0,116000.0,513500.0,39000.0,492300.0,Unaccompanied,Working,Secondary / secondary special,Married,House / apartment,-21393,-3869,-3703,-6309,0.395,0.8277,0.1785
101569,0,Cash loans,M,Y,Y,0,484000.0,269500.0,19230.0,232400.0,Unaccompanied,Commercial associate,Secondary / secondary special,Married,House / apartment,-18968,-4967,-825,-6500,0.4675,0.4998,0.5914
101570,0,Cash loans,M,N,N,1,310000.0,704500.0,50190.0,661300.0,Family,Working,Higher education,Civil marriage,House / apartment,-9843,-8961,-7711,-6377,0.7297,0.6822,0.6281
101571,0,Cash loans,M,N,Y,0,49000.0,1316500.0,101490.0,1214200.0,Unaccompanied,Working,Secondary / secondary special,Married,House / apartment,-23418,-1180,-3741,-3233,0.8485,0.5332,0.4646
101572,0,Cash loans,F,N,Y,0,30000.0,875000.0,69650.0,872100.0,Unaccompanied,Commercial associate,Secondary / secondary special,Married,Rented apartment,-14653,-9717,-8330,-6318,0.327,0.7729,0.21
101573,0,Cash loans,M,N,Y,0,432000.0,1323000.0,83680.0,1292500.0,Unaccompanied,State servant,Secondary / secondary special,Married,House / apartment,-20649,-574,-4452,-1695,0.5061,0.8041,0.0368
101574,0,Revolving loans,F,Y,Y,0,137000.0,330000.0,14640.0,303000.0,Unaccompanied,Working,Secondary / secondary special,Married,House / apartment,-8068,-9423,-2259,-1386,0.6186,0.2288,0.2597
101575,0,Cash loans,F,N,Y,1,141000.0,288000.0,16810.0,278300.0,"Spouse, partner",State servant,Secondary / secondary special,Single / not married,House / apartment,-21463,-962,-1162,-4792,0.319,0.4422,0.4397
101576,0,Cash loans,F,N,Y,0,253000.0,882500.0,63100.0,775700.0,Unaccompanied,Pensioner,Secondary / secondary special,Married,House / apartment,-22395,-9103,-3439,-1197,0.9364,0.6068,0.7507
101577,0,Cash loans,M,N,N,0,82000.0,719000.0,29560.0,671800.0,Unaccompanied,Working,Secondary / secondary special,Widow,Municipal apartment,-9903,-4372,-2533,-2285,0.8332,0.9297,0.8125
101578,0,Cash loans,M,Y,N,2,124000.0,1005500.0,42510.0,865900.0,Unaccompanied,Working,Secondary / secondary special,Married,House / apartment,-8291,-8778,-5612,-987,0.2886,0.6517,0.3982
101579,0,Cash loans,M,Y,Y,0,544000.0,1201000.0,51270.0,1083600.0,Unaccompanied,Commercial associate,Secondary / secondary special,Married,House / apartment,-17520,-8983,-9551,-5109,0.4875,0.8538,0.7584
101580,0,Cash loans,F,Y,Y,1,192000.0,1138000.0,78800.0,1005900.0,Unaccompanied,Working,Lower secondary,Married,House / apartment,-24172,-3208,-7930,-3989,0.227,0.8053,0.9438
101581,0,Cash loans,F,Y,Y,0,50000.0,1416000.0,85030.0,1356300.0,"Spouse, partner",Working,Secondary / secondary special,Civil marriage,Rented apartment,-15479,-367,-2225,-2959,0.4936,0.5571,0.6836
101582,0,Cash loans,F,N,Y,0,46000.0,624500.0,34200.0,576700.0,Unaccompanied,State servant,Higher education,Single / not married,House / apartment,-11452,-9076,-10752,-1261,0.6523,0.85,0.6949
101583,0,Cash loans,M,N,Y,1,59000.0,345500.0,15280.0,332600.0,Unaccompanied,Pensioner,Secondary / secondary special,Married,House / apartment,-24195,-3973,-3672,-5737,0.0904,0.3648,0.865
101584,0,Cash loans,M,N,Y,1,243000.0,846500.0,58650.0,785000.0,Unaccompanied,Working,Secondary / secondary special,Separated,House / apartment,-8034,-6631,-2160,-4725,0.8279,0.3665,0.3279
101585,1,Cash loans,F,N,N,0,78000.0,206000.0,10890.0,177800.0,Unaccompanied,Commercial associate,Secondary / secondary special,Married,House / apartment,-12978,-2501,-8474,-1255,0.5681,0.7441,0.0205
101586,0,Cash loans,F,Y,N,0,28000.0,465500.0,23560.0,447000.0,Unaccompanied,Working,Higher education,Single / not married,House / apartment,-10609,-5009,-9331,-587,0.9402,0.1365,0.9378
101587,0,Cash loans,F,N,Y,0,458000.0,347500.0,22970.0,338800.0,Unaccompanied,Working,Secondary / secondary special,Civil marriage,House / apartment,-22028,-2416,-1797,-1540,0.0341,0.2975,0.471
101588,0,Cash loans,F,Y,Y,0,53000.0,622000.0,38790.0,613000.0,Unaccompanied,State servant,Secondary / secondary special,Single / not married,House / apartment,-12001,-8276,-11171,-793,0.7916,0.5821,0.7485
101589,0,Cash loans,M,N,Y,1,26000.0,207000.0,11280.0,193700.0,Unaccompanied,Pensioner,Secondary / secondary special,Separated,House / apartment,-20360,-7709,-9382,-3916,0.7544,0.4049,0.7737
101590,0,Cash loans,F,N,N,0,66000.0,91500.0,6010.0,88100.0,Unaccompanied,Working,Secondary / secondary special,Civil marriage,Municipal apartment,-17322,-1301,-1244,-5355,0.1349,0.8943,0.3837
101591,0,Revolving loans,F,N,Y,0,65000.0,1000500.0,50870.0,963300.0,Unaccompanied,Commercial associate,Higher education,Widow,House / apartment,-15019,-5286,-7069,-5663,0.3252,0.911,0.5188
101592,1,Cash loans,F,Y,Y,1,107000.0,933000.0,66980.0,814800.0,Unaccompanied,Commercial associate,Higher education,Married,House / apartment,-21415,-376,-7893,-6550,0.8417,0.4824,0.5175
101593,0,Cash loans,F,Y,N,0,405000.0,1075500.0,52890.0,940700.0,Unaccompanied,Working,Higher education,Married,House / apartment,-8216,-5427,-4408,-6320,0.4973,0.5167,0.217
101594,0,Cash loans,M,Y,Y,0,342000.0,1006000.0,46630.0,865800.0,Unaccompanied,Working,Secondary / secondary special,Married,House / apartment,-13981,-8598,-1930,-2020,0.3872,0.6911,0.1206
101595,0,Cash loans,F,N,Y,1,117000.0,211500.0,15080.0,189900.0,Unaccompanied,Working,Higher education,Single / not married,Rented apartment,-18667,-730,-2518,-118,0.8612,0.4398,0.521
101596,0,Cash loans,F,Y,Y,1,104000.0,468500.0,32010.0,431500.0,Family,Commercial associate,Secondary / secondary special,Married,House / apartment,-18126,-2685,-47,-1213,0.0977,0.1887,0.1229
101597,0,Cash loans,F,N,Y,0,146000.0,233500.0,11050.0,233400.0,Family,Working,Secondary / secondary special,Married,House / apartment,-11992,-6761,-133,-613,0.4547,0.7122,0.3353
101598,0,Cash loans,M,N,Y,0,67000.0,1271500.0,56770.0,1163000.0,Children,Working,Higher education,Civil marriage,House / apartment,-23155,-7541,-5675,-6508,0.6232,0.7035,0.1849
101599,0,Cash loans,M,Y,Y,0,33000.0,1131500.0,83210.0,1085000.0,"Spouse, partner",Working,Secondary / secondary special,Widow,House / apartment,-8635,-7500,-11238,-4581,0.582,0.2403,0.6745
101600,0,Cash loans,M,N,Y,0,445000.0,338000.0,24020.0,322500.0,Unaccompanied,Working,Secondary / secondary special,Married,House / apartment,-24445,-1237,-2364,-6092,0.2584,0.7929,0.8297
101601,0,Cash loans,F,Y,Y,0,56000.0,541500.0,28750.0,476900.0,"Spouse, partner",Commercial associate,Secondary / secondary special,Married,House / apartment,-18192,-7068,-3509,-5198,0.5395,0.5868,0.5532
101602,0,Cash loans,F,N,N,1,58000.0,1451500.0,96270.0,1246500.0,Family,Working,Secondary / secondary special,Married,House / apartment,-17445,-1813,-11698,-4417,0.676,0.2321,0.3955
101603,0,Cash loans,F,N,Y,2,121000.0,909500.0,40900.0,847600.0,Unaccompanied,Working,Secondary / secondary special,Married,House / apartment,-22503,-9340,-10325,-4234,0.5598,0.6229,0.9468
101604,0,Cash loans,M,Y,Y,1,126000.0,1210500.0,72970.0,1156100.0,Unaccompanied,Pensioner,Secondary / secondary special,Single / not married,House / apartment,-7601,-9875,-7153,-3473,0.6534,0.2296,0.0299
101605,0,Cash loans,F,N,Y,0,28000.0,430000.0,17520.0,429900.0,Unaccompanied,Working,Higher education,Separated,House / apartment,-15040,-3451,-4094,-3297,0.2507,0.2593,0.2961
101606,0,Cash loans,F,Y,N,1,49000.0,350500.0,19510.0,316800.0,Family,Working,Higher education,Married,House / apartment,-22203,-8193,-2537,-1289,0.7929,0.8071,0.272
101607,0,Cash loans,M,N,N,0,96000.0,1185500.0,50970.0,1167100.0,Unaccompanied,State servant,Higher education,Married,House / apartment,-21727,-6315,-7996,-2380,0.4327,0.8837,0.3448
101608,0,Cash loans,M,N,Y,0,198000.0,1043000.0,61540.0,946300.0,Family,Commercial associate,Secondary / secondary special,Single / not married,House / apartment,-10001,-9243,-5984,-223,0.938,0.2515,0.2268
101609,0,Revolving loans,F,N,Y,0,64000.0,1036000.0,58910.0,987700.0,Unaccompanied,Commercial associate,Higher education,Married,House / apartment,-16967,-1324,-2471,-4667,0.0319,0.8824,0.2584
101610,0,Revolving loans,F,N,N,0,107000.0,849000.0,49050.0,797800.0,Unaccompanied,Working,Higher education,Married,House / apartment,-12944,-5545,-2434,-2823,0.3675,0.2345,0.2522
101611,0,Cash loans,F,N,N,2,147000.0,865000.0,36170.0,742100.0,Unaccompanied,Working,Secondary / secondary special,Single / not married,House / apartment,-12820,-8324,-5021,-3014,0.1796,0.1202,0.4854
101612,0,Cash loans,M,N,Y,0,354000.0,1115500.0,60760.0,961300.0,Family,Commercial associate,Secondary / secondary special,Civil marriage,House / apartment,-7968,-196,-4335,-5679,0.5323,0.0647,0.3776
101613,0,Cash loans,M,Y,N,0,84000.0,438000.0,30770.0,373700.0,Unaccompanied,Commercial associate,Secondary / secondary special,Married,House / apartment,-9428,-4458,-3522,-2640,0.2386,0.2376,0.6109
101614,0,Cash loans,F,N,Y,2,47000.0,558500.0,30580.0,505800.0,Family,Working,Secondary / secondary special,Single / not married,House / apartment,-22759,-3241,-2305,-4904,0.7032,0.3721,0.4935
101615,0,Cash loans,F,N,N,0,126000.0,1313000.0,90080.0,1262900.0,Unaccompanied,Working,Secondary / secondary special,Married,House / apartment,-14038,-8080,-5287,-986,0.839,0.8819,0.1824
101616,0,Cash loans,M,N,N,1,231000.0,494500.0,27090.0,433100.0,Unaccompanied,Pensioner,Secondary / secondary special,Married,House / apartment,-23901,-271,-10002,-6010,0.2082,0.2376,0.7714
101617,1,Cash loans,M,N,Y,0,42000.0,840000.0,47820.0,790300.0,Unaccompanied,Working,Secondary / secondary special,Married,House / apartment,-16240,-4953,-663,-1023,0.161,0.3535,0.4539
101618,0,Cash loans,F,Y,N,0,108000.0,1067500.0,66780.0,953600.0,Unaccompanied,Working,Secondary / secondary special,Married,House / apartment,-11520,-9192,-5681,-1543,0.8328,0.7001,0.154
101619,0,Cash loans,F,Y,N,2,28000.0,1500000.0,117040.0,1454300.0,Unaccompanied,Working,Secondary / secondary special,Married,House / apartment,-12439,-9033,-7443,-1272,0.3496,0.2939,0.1669
101620,0,Cash loans,F,N,Y,0,30000.0,678500.0,30090.0,658000.0,Unaccompanied,Pensioner,Higher education,Married,House / apartment,-8021,-5531,-5944,-1779,0.4185,0.6533,0.7592
101621,0,Cash loans,F,Y,Y,0,124000.0,668000.0,27600.0,645500.0,Unaccompanied,Pensioner,Higher education,Single / not married,House / apartment,-16443,-7637,-11246,-1700,0.2177,0.4162,0.6708
101622,0,Cash loans,M,N,Y,0,78000.0,1271000.0,81750.0,1180400.0,Unaccompanied,Pensioner,Secondary / secondary special,Single / not married,House / apartment,-9181,-8682,-7774,-3930,0.4098,0.1947,0.4861
101623,0,Cash loans,M,N,Y,0,305000.0,1217000.0,94880.0,1086400.0,Family,Working,Secondary / secondary special,Married,House / apartment,-14250,-1058,-4849,-2234,0.2274,0.7,0.2977
101624,1,Cash loans,M,Y,N,0,163000.0,1108500.0,88220.0,1076800.0,Unaccompanied,Working,Secondary / secondary special,Married,House / apartment,-17268,-4770,-4200,-4344,0.636,0.0354,0.4429
101625,0,Cash loans,F,N,Y,0,116000.0,719000.0,42680.0,631200.0,Unaccompanied,Working,Secondary / secondary special,Married,House / apartment,-22398,-8635,-7097,-3198,0.4789,0.2848,0.6083
101626,0,Cash loans,M,N,Y,0,104000.0,516500.0,30330.0,461500.0,Unaccompanied,Commercial associate,Secondary / secondary special,Married,House / apartment,-16190,-3581,-5022,-3159,0.7508,0.3448,0.8365
101627,0,Cash loans,F,Y,Y,1,128000.0,930500.0,61230.0,816600.0,Family,Commercial associate,Higher education,Married,House / apartment,-7921,-1669,-3492,-3983,0.304,0.4407,0.5325
101628,0,Cash loans,F,N,N,0,31000.0,1320000.0,82140.0,1255500.0,Family,State servant,Secondary / secondary special,Single / not married,House / apartment,-24143,-8031,-5468,-5913,0.4853,0.6491,0.2701
101629,0,Cash loans,F,Y,Y,0,360000.0,1331000.0,87000.0,1268400.0,Unaccompanied,Working,Higher education,Married,House / apartment,-22998,-8747,-7939,-1023,0.254,0.4418,0.0502
101630,0,Cash loans,F,Y,Y,0,982000.0,203000.0,15220.0,192400.0,Family,Commercial associate,Secondary / secondary special,Married,House / apartment,-12675,-5642,-9145,-6389,0.8884,0.5687,0.1749
101631,0,Cash loans,M,N,Y,2,55000.0,668000.0,46660.0,609400.0,Family,Commercial associate,Secondary / secondary special,Married,With parents,-13225,-8735,-1673,-6158,0.5006,0.57,0.6212
101632,0,Cash loans,F,N,N,2,44000.0,721000.0,43170.0,623700.0,Unaccompanied,Working,Secondary / secondary special,Married,House / apartment,-13731,-3581,-1342,-3839,0.1731,0.3609,0.1608
101633,0,Cash loans,F,N,Y,1,48000.0,1467500.0,85810.0,1447900.0,Unaccompanied,Working,Secondary / secondary special,Widow,House / apartment,-8288,-8031,-11683,-825,0.2664,0.8879,0.4626
101634,0,Cash loans,F,Y,Y,1,187000.0,1031500.0,67650.0,955300.0,Unaccompanied,Commercial associate,Secondary / secondary special,Married,House / apartment,-24215,-5793,-10934,-2736,0.0879,0.9085,0.667
101635,1,Cash loans,F,Y,Y,0,187000.0,637500.0,37120.0,580800.0,Unaccompanied,State servant,Secondary / secondary special,Married,House / apartment,-10217,-1517,-10296,-3406,0.0361,0.5569,0.2997
101636,0,Cash loans,F,N,Y,0,308000.0,83000.0,4840.0,77900.0,Unaccompanied,Working,Lower secondary,Single / not married,Municipal apartment,-14185,-5956,-8431,-2774,0.5044,0.0774,0.639
101637,0,Revolving loans,F,N,N,0,234000.0,867500.0,35270.0,762500.0,Unaccompanied,State servant,Higher education,Married,House / apartment,-10919,-7776,-6570,-4632,0.3269,0.4717,0.5562
101638,0,Cash loans,M,N,Y,0,115000.0,185000.0,8690.0,160900.0,Unaccompanied,Commercial associate,Higher education,Married,House / apartment,-17710,-7111,-10816,-491,0.9159,0.1834,0.4226
101639,1,Cash loans,F,N,Y,0,167000.0,1259000.0,74960.0,1146700.0,Family,Working,Secondary / secondary special,Civil marriage,House / apartment,-20874,-6809,-3049,-1859,0.1711,0.4642,0.8534
101640,1,Cash loans,F,N,Y,0,200000.0,1140000.0,83110.0,1007900.0,Unaccompanied,Working,Secondary / secondary special,Civil marriage,House / apartment,-13864,-770,-6283,-2339,0.7563,0.1872,0.6605
101641,0,Cash loans,F,N,Y,3,133000.0,715000.0,36570.0,634000.0,"Spouse, partner",Working,Secondary / secondary special,Married,House / apartment,-10360,-5513,-10301,-6260,0.307,0.6716,0.349
101642,0,Revolving loans,M,N,Y,1,122000.0,669500.0,40780.0,658700.0,Unaccompanied,Working,Secondary / secondary special,Married,With parents,-22126,-6101,-4247,-591,0.2201,0.0856,0.766
101643,0,Cash loans,F,N,Y,0,180000.0,1350500.0,72650.0,1255400.0,Unaccompanied,Working,Secondary / secondary special,Single / not married,House / apartment,-22531,-2384,-6574,-2734,0.9215,0.9061,0.7038
101644,0,Cash loans,F,N,Y,1,147000.0,464500.0,20530.0,428500.0,Unaccompanied,Working,Secondary / secondary special,Married,House / apartment,-9824,-5540,-9655,-6887,0.7644,0.1937,0.7542
101645,0,Cash loans,F,N,Y,0,180000.0,407500.0,31920.0,388500.0,Unaccompanied,State servant,Secondary / secondary special,Married,House / apartment,-19907,-8391,-5331,-1492,0.6028,0.631,0.6125
101646,0,Cash loans,F,Y,Y,0,167000.0,1411500.0,104710.0,1401200.0,Children,Commercial associate,Higher education,Married,House / apartment,-24373,-2887,-399,-947,0.6653,0.8719,0.3666
101647,0,Cash loans,F,N,N,0,216000.0,1222500.0,52740.0,1059700.0,Family,Pensioner,Higher education,Married,House / apartment,-20244,-7957,-10913,-1575,0.9419,0.243,0.3377
101648,0,Cash loans,M,N,Y,0,179000.0,1239000.0,85230.0,1208100.0,Unaccompanied,Working,Secondary / secondary special,Married,House / apartment,-20415,-507,-1937,-682,0.5676,0.8882,0.6249
101649,0,Cash loans,F,N,Y,0,135000.0,329000.0,17730.0,308500.0,"Spouse, partner",Working,Higher education,Married,House / apartment,-8400,-1077,-8373,-628,0.1058,0.3754,0.133
101650,0,Revolving loans,F,N,Y,1,197000.0,253500.0,20230.0,221000.0,Unaccompanied,Working,Secondary / secondary special,Single / not married,Municipal apartment,-15610,-5653,-1074,-5815,0.071,0.9129,0.7807
101651,0,Cash loans,M,N,Y,0,115000.0,83000.0,4320.0,74200.0,Unaccompanied,Pensioner,Secondary / secondary special,Married,House / apartment,-18260,-8434,-2573,-4688,0.6366,0.9231,0.3581
101652,0,Cash loans,M,N,Y,0,66000.0,390000.0,19320.0,359700.0,Unaccompanied,Working,Higher education,Married,House / apartment,-12601,-7552,-2397,-4482,0.6281,0.1868,0.6025
101653,0,Cash loans,F,N,Y,0,25000.0,1171500.0,73470.0,1117200.0,Unaccompanied,Working,Secondary / secondary special,Married,House / apartment,-22272,-9011,-9273,-5702,0.7133,0.7912,0.4791
101654,0,Cash loans,F,Y,Y,0,148000.0,394500.0,28960.0,349700.0,Unaccompanied,Commercial associate,Higher education,Single / not married,House / apartment,-16533,-9751,-418,-4747,0.1123,0.1918,0.4982
101655,0,Cash loans,F,Y,Y,1,159000.0,1106000.0,52760.0,1028800.0,Unaccompanied,Working,Secondary / secondary special,Married,House / apartment,-18627,-8709,-9352,-2240,0.8982,0.2229,0.7037
101656,1,Cash loans,F,Y,Y,0,562000.0,411500.0,28140.0,392000.0,Unaccompanied,Pensioner,Higher education,Married,House / apartment,-7796,-9396,-639,-3754,0.5281,0.0891,0.5991
101657,0,Cash loans,M,Y,N,2,92000.0,620000.0,26320.0,568700.0,Unaccompanied,Working,Lower secondary,Married,With parents,-11474,-644,-2084,-100,0.6206,0.1571,0.2453
101658,0,Cash loans,M,Y,Y,3,100000.0,1475500.0,113260.0,1445200.0,Unaccompanied,Working,Secondary / secondary special,Married,House / apartment,-12830,-7253,-4589,-1093,0.0428,0.6043,0.0798
101659,0,Cash loans,M,N,Y,0,59000.0,401000.0,17340.0,393100.0,"Spouse, partner",Pensioner,Secondary / secondary special,Separated,House / apartment,-22398,-7060,-358,-5293,0.9133,0.4323,0.7998
101660,0,Revolving loans,F,N,N,0,36000.0,592500.0,45370.0,545500.0,Unaccompanied,Commercial associate,Secondary / secondary special,Married,House / apartment,-18624,-7644,-1803,-2491,0.5388,0.7535,0.8418
101661,0,Cash loans,F,N,Y,1,247000.0,483000.0,28800.0,481000.0,Unaccompanied,Working,Secondary / secondary special,Married,House / apartment,-8953,-6402,-5204,-3772,0.5396,0.3221,0.1646
101662,0,Cash loans,F,N,Y,3,68000.0,204500.0,11850.0,176100.0,Unaccompanied,Working,Secondary / secondary special,Single / not married,House / apartment,-14546,-6005,-7889,-432,0.8969,0.9205,0.3009
101663,0,Cash loans,M,Y,Y,0,166000.0,758000.0,59830.0,644700.0,Unaccompanied,Pensioner,Higher education,Married,House / apartment,-21360,-9064,-538,-5334,0.8836,0.0569,0.2754
101664,0,Cash loans,F,N,Y,1,200000.0,596000.0,47450.0,540600.0,Unaccompanied,State servant,Secondary / secondary special,Married,House / apartment,-21099,-9985,-4439,-536,0.2171,0.0692,0.8912
101665,1,Cash loans,F,N,Y,1,121000.0,1056000.0,69700.0,992800.0,Unaccompanied,Commercial associate,Incomplete higher,Married,House / apartment,-23927,-9360,-6888,-600,0.8852,0.6693,0.2025
101666,0,Cash loans,M,N,N,0,339000.0,1234500.0,55660.0,1165800.0,Family,Pensioner,Secondary / secondary special,Single / not married,House / apartment,-14299,-4323,-10410,-1666,0.7024,0.8443,0.1665
101667,0,Cash loans,M,N,Y,0,113000.0,837000.0,50430.0,771300.0,"Spouse, partner",Working,Secondary / secondary special,Married,House / apartment,-20698,-1673,-9905,-2755,0.0278,0.7578,0.1809
101668,1,Cash loans,M,Y,Y,1,75000.0,92000.0,5630.0,79900.0,Unaccompanied,Working,Secondary / secondary special,Married,Municipal apartment,-14043,-5072,-865,-318,0.2355,0.4704,0.6961
101669,0,Cash loans,F,Y,N,0,365000.0,945500.0,57280.0,827900.0,Unaccompanied,Working,Secondary / secondary special,Married,With parents,-9992,-3893,-10259,-6368,0.3982,0.2635,0.8447
101670,0,Cash loans,M,N,N,0,322000.0,125500.0,7880.0,122700.0,Unaccompanied,Commercial associate,Secondary / secondary special,Married,House / apartment,-13373,-7619,-6028,-6531,0.5579,0.0226,0.3798
101671,0,Cash loans,M,Y,Y,0,52000.0,942000.0,38390.0,923300.0,Unaccompanied,Working,Secondary / secondary special,Single / not married,House / apartment,-15530,-2753,-10542,-4941,0.6692,0.4889,0.1379
101672,0,Cash loans,F,N,N,0,29000.0,1041500.0,71290.0,990600.0,Unaccompanied,Pensioner,Secondary / secondary special,Civil marriage,With parents,-10547,-640,-8967,-1862,0.2076,0.4571,0.5606
101673,0,Cash loans,F,Y,Y,0,39000.0,333000.0,22810.0,316200.0,Unaccompanied,Commercial associate,Secondary / secondary special,Single / not married,House / apartment,-7319,-2311,-11460,-3732,0.7965,0.3336,0.2073
101674,0,Cash loans,F,N,Y,2,76000.0,1237000.0,55190.0,1162300.0,Unaccompanied,State servant,Secondary / secondary special,Single / not married,House / apartment,-23904,-9850,-4671,-1527,0.805,0.5534,0.0703
101675,0,Cash loans,M,N,Y,0,563000.0,1370500.0,86080.0,1206600.0,Unaccompanied,Working,Higher education,Separated,House / apartment,-21460,-8422,-11819,-70,0.6069,0.6951,0.8431
101676,0,Cash loans,F,N,Y,0,148000.0,1228000.0,77040.0,1122700.0,Family,Working,Higher education,Married,House / apartment,-21910,-5643,-1035,-5248,0.8758,0.6688,0.8286
101677,0,Cash loans,F,Y,N,0,95000.0,489000.0,32910.0,466700.0,Unaccompanied,Working,Secondary / secondary special,Married,House / apartment,-14621,-3920,-8552,-443,0.7742,0.2575,0.9274
101678,0,Cash loans,F,Y,Y,0,354000.0,898500.0,39010.0,836100.0,Unaccompanied,Working,Secondary / secondary special,Married,House / apartment,-13906,-2331,-2819,-4694,0.2183,0.5602,0.4556
101679,0,Cash loans,M,N,Y,0,116000.0,1376000.0,89520.0,1173400.0,Unaccompanied,Pensioner,Secondary / secondary special,Married,House / apartment,-14876,-9117,-8487,-386,0.7608,0.1498,0.2864
101680,0,Cash loans,F,N,Y,0,82000.0,511500.0,26200.0,507900.0,Unaccompanied,Working,Incomplete higher,Married,House / apartment,-23137,-2818,-1426,-6161,0.906,0.1243,0.7336
101681,0,Cash loans,F,Y,Y,0,450000.0,1238000.0,74630.0,1209200.0,Unaccompanied,State servant,Secondary / secondary special,Married,House / apartment,-15128,-7790,-11701,-5674,0.1394,0.7487,0.1797
101682,1,Cash loans,F,N,Y,0,309000.0,59000.0,4190.0,52500.0,Family,State servant,Secondary / secondary special,Married,House / apartment,-20006,-1122,-11008,-5195,0.93,0.6621,0.2387
101683,0,Cash loans,M,N,Y,0,303000.0,50500.0,3450.0,47600.0,Unaccompanied,Commercial associate,Secondary / secondary special,Married,House / apartment,-24190,-5454,-5494,-1869,0.0335,0.7319,0.2503
101684,0,Cash loans,F,N,N,0,133000.0,1150500.0,51490.0,1137300.0,Unaccompanied,Working,Secondary / secondary special,Separated,House / apartment,-12041,-4326,-11057,-4648,0.5008,0.1533,0.9045
101685,0,Cash loans,F,N,Y,2,259000.0,1153000.0,73390.0,996700.0,Unaccompanied,Working,Secondary / secondary special,Married,House / apartment,-22862,-8988,-692,-2011,0.7375,0.8697,0.696
101686,0,Cash loans,M,Y,Y,0,55000.0,1193000.0,93970.0,1104100.0,Unaccompanied,Working,Secondary / secondary special,Married,House / apartment,-11887,-9329,-7593,-2921,0.753,0.1351,0.1357
101687,1,Revolving loans,F,Y,Y,0,153000.0,1398000.0,64690.0,1284000.0,Unaccompanied,Working,Secondary / secondary special,Single / not married,House / apartment,-16661,-913,-1067,-5484,0.7006,0.8278,0.0973
101688,0,Cash loans,M,N,Y,1,644000.0,216500.0,16050.0,197300.0,"Spouse, partner",Working,Secondary / secondary special,Married,With parents,-12657,-3937,-1132,-3351,0.5076,0.3412,0.8022
101689,0,Cash loans,F,N,Y,0,77000.0,382500.0,26050.0,373100.0,Unaccompanied,Working,Secondary / secondary special,Married,House / apartment,-24423,-8950,-9313,-279,0.6219,0.1091,0.7641
101690,0,Cash loans,F,Y,N,0,262000.0,1360000.0,96510.0,1233700.0,Unaccompanied,Commercial associate,Secondary / secondary special,Married,House / apartment,-17282,-1183,-7612,-770,0.6679,0.2796,0.6407
101691,0,Cash loans,F,N,N,0,126000.0,303000.0,15540.0,260400.0,Family,Working,Higher education,Single / not married,With parents,-15915,-3074,-9433,-5562,0.4749,0.1806,0.1943
101692,0,Cash loans,F,Y,Y,0,31000.0,1037500.0,53450.0,892100.0,Unaccompanied,Working,Secondary / secondary special,Civil marriage,House / apartment,-10355,-9475,-946,-953,0.5699,0.4712,0.4615
101693,0,Cash loans,M,N,Y,1,241000.0,817000.0,62290.0,699700.0,Unaccompanied,Commercial associate,Incomplete higher,Married,House / apartment,-17475,-5666,-11339,-4424,0.8056,0.9028,0.5766
101694,0,Cash loans,F,N,N,2,53000.0,166000.0,9030.0,151300.0,Unaccompanied,State servant,Secondary / secondary special,Married,House / apartment,-19830,-6781,-1615,-1559,0.3041,0.3182,0.8862
101695,0,Cash loans,M,Y,Y,0,175000.0,460000.0,19560.0,440600.0,Unaccompanied,Commercial associate,Secondary / secondary special,Married,House / apartment,-23087,-2724,-8254,-6651,0.5018,0.5854,0.1693
101696,0,Cash loans,F,Y,Y,0,38000.0,802000.0,51350.0,706200.0,"Spouse, partner",Working,Secondary / secondary special,Married,House / apartment,-9089,-5605,-5715,-2497,0.018,0.8482,0.4945
101697,0,Revolving loans,F,N,Y,0,465000.0,1285000.0,57820.0,1216900.0,Unaccompanied,Pensioner,Secondary / secondary special,Separated,House / apartment,-22607,-7649,-6069,-3446,0.6562,0.6023,0.1583
101698,0,Cash loans,F,Y,N,2,77000.0,1074500.0,77220.0,1024100.0,Family,Commercial associate,Secondary / secondary special,Married,House / apartment,-7884,-2832,-393,-3367,0.1937,0.3505,0.4272
101699,1,Revolving loans,M,N,Y,2,64000.0,950000.0,62390.0,843900.0,Unaccompanied,Pensioner,Secondary / secondary special,Married,With parents,-13478,-2097,-9718,-3547,0.4621,0.9414,0.1981
101700,0,Cash loans,F,N,N,0,46000.0,766500.0,57480.0,720600.0,Family,Working,Higher education,Single / not married,House / apartment,-11490,-9540,-7534,-6982,0.2076,0.1862,0.796
101701,1,Cash loans,F,Y,N,0,463000.0,479500.0,34230.0,456800.0,Unaccompanied,Pensioner,Higher education,Married,House / apartment,-21855,-7775,-9693,-2440,0.0321,0.5019,0.2495
101702,0,Cash loans,F,Y,Y,0,212000.0,218500.0,9720.0,201000.0,Children,Working,Secondary / secondary special,Widow,House / apartment,-16700,-7877,-7422,-108,0.4642,0.7589,0.4021
101703,0,Cash loans,F,N,N,0,228000.0,640000.0,35360.0,576300.0,Family,State servant,Higher education,Civil marriage,House / apartment,-22696,-4443,-6202,-4454,0.4093,0.0106,0.3933
101704,0,Cash loans,F,N,N,0,129000.0,86500.0,6140.0,81600.0,Unaccompanied,Working,Secondary / secondary special,Married,House / apartment,-18314,-8303,-519,-955,0.4096,0.6699,0.8243
101705,0,Revolving loans,M,N,Y,0,122000.0,352000.0,19960.0,350800.0,Unaccompanied,Pensioner,Secondary / secondary special,Single / not married,House / apartment,-19185,-3707,-388,-3360,0.2063,0.2605,0.7223
101706,0,Cash loans,F,N,Y,0,42000.0,674500.0,53210.0,616500.0,Unaccompanied,State servant,Secondary / secondary special,Married,With parents,-20580,-9028,-587,-3489,0.9004,0.1695,0.0641
101707,0,Cash loans,M,N,Y,2,148000.0,654000.0,45410.0,594300.0,Family,Working,Secondary / secondary special,Married,House / apartment,-21769,-609,-3497,-317,0.0133,0.2677,0.0731
101708,0,Cash loans,F,Y,Y,3,68000.0,109500.0,4450.0,100700.0,Unaccompanied,State servant,Secondary / secondary special,Single / not married,House / apartment,-23104,-9560,-11253,-340,0.8481,0.9188,0.5281
101709,0,Cash loans,M,N,Y,0,592000.0,902000.0,67830.0,777000.0,Unaccompanied,Working,Secondary / secondary special,Married,Rented apartment,-12056,-6194,-7669,-5436,0.7027,0.8484,0.4121
101710,0,Revolving loans,M,Y,Y,0,264000.0,845000.0,37210.0,788400.0,Family,Working,Secondary / secondary special,Married,House / apartment,-13325,-5845,-2571,-4444,0.1717,0.2109,0.269
101711,0,Cash loans,F,N,Y,1,105000.0,158500.0,7230.0,142500.0,Unaccompanied,Working,Secondary / secondary special,Single / not married,House / apartment,-14755,-4916,-8471,-2074,0.4539,0.12,0.7551
101712,0,Cash loans,M,N,N,0,50000.0,1417500.0,98350.0,1230700.0,Unaccompanied,State servant,Secondary / secondary special,Married,House / apartment,-17797,-3142,-11308,-637,0.9395,0.3523,0.1309
101713,0,Cash loans,F,N,Y,0,256000.0,189500.0,14140.0,174300.0,Family,Working,Secondary / secondary special,Married,House / apartment,-8362,-5010,-6708,-4496,0.6151,0.5668,0.9256
101714,0,Cash loans,M,N,Y,0,45000.0,1289000.0,79210.0,1096300.0,Unaccompanied,Commercial associate,Secondary / secondary special,Married,House / apartment,-17339,-6672,-11664,-6459,0.1297,0.8251,0.0327
101715,0,Revolving loans,M,N,Y,0,56000.0,45500.0,2350.0,41400.0,Unaccompanied,Commercial associate,Secondary / secondary special,Married,Municipal apartment,-16874,-1158,-10176,-5678,0.4402,0.9181,0.1211
101716,1,Cash loans,F,Y,Y,0,61000.0,1328500.0,71810.0,1150300.0,Unaccompanied,State servant,Higher education,Married,House / apartment,-22013,-4400,-10473,-4463,0.4501,0.7161,0.3026
101717,0,Cash loans,F,N,Y,0,147000.0,73500.0,3950.0,62700.0,Unaccompanied,Pensioner,Secondary / secondary special,Civil marriage,House / apartment,-13366,-9181,-8996,-2390,0.7641,0.5731,0.4886
101718,0,Cash loans,F,Y,Y,0,257000.0,1147500.0,60890.0,1117300.0,Unaccompanied,Working,Secondary / secondary special,Married,House / apartment,-12984,-5603,-8266,-6836,0.8712,0.1438,0.2132
101719,1,Cash loans,F,N,Y,0,82000.0,571500.0,28410.0,564300.0,Unaccompanied,Working,Secondary / secondary special,Married,House / apartment,-18214,-3052,-2985,-5484,0.0873,0.0796,0.702
101720,0,Cash loans,F,Y,N,0,38000.0,1119000.0,72010.0,986000.0,Unaccompanied,Working,Higher education,Married,House / apartment,-14138,-5796,-709,-3988,0.3052,0.5703,0.3461
101721,0,Cash loans,F,N,N,0,119000.0,629500.0,47850.0,586000.0,Unaccompanied,Commercial associate,Secondary / secondary special,Married,House / apartment,-9287,-7710,-3662,-4999,0.2905,0.5167,0.0462
101722,0,Cash loans,F,Y,Y,1,232000.0,148000.0,7740.0,132000.0,Unaccompanied,Working,Secondary / secondary special,Married,House / apartment,-11367,-2844,-4630,-5192,0.9463,0.8053,0.8351
101723,0,Revolving loans,M,N,N,0,63000.0,1161500.0,55130.0,1073300.0,Unaccompanied,Working,Secondary / secondary special,Married,House / apartment,-11404,-9800,-1430,-3193,0.5357,0.3132,0.8972
101724,0,Cash loans,F,Y,N,0,62000.0,148500.0,10920.0,136000.0,Unaccompanied,Pensioner,Lower secondary,Married,House / apartment,-19615,-7737,-4991,-3936,0.837,0.0473,0.5914
101725,0,Cash loans,F,Y,Y,0,466000.0,1386500.0,96600.0,1234500.0,Unaccompanied,Working,Secondary / secondary special,Civil marriage,House / apartment,-22458,-3133,-5067,-4281,0.4105,0.4083,0.7681
101726,0,Revolving loans,F,N,N,0,487000.0,119000.0,9190.0,113700.0,Unaccompanied,Commercial associate,Secondary / secondary special,Married,House / apartment,-16177,-6134,-8838,-6979,0.6894,0.921,0.1238
101727,0,Cash loans,F,N,N,0,723000.0,742500.0,34620.0,645200.0,Unaccompanied,Working,Secondary / secondary special,Married,House / apartment,-20169,-9424,-2038,-2366,0.2794,0.7578,0.2627
101728,1,Cash loans,F,N,Y,1,272000.0,1097000.0,50210.0,941200.0,Family,Working,Secondary / secondary special,Married,House / apartment,-19358,-1301,-4133,-3002,0.8671,0.0417,0.3157
101729,0,Cash loans,F,Y,Y,0,56000.0,617000.0,38040.0,595500.0,Unaccompanied,Working,Secondary / secondary special,Married,House / apartment,-18317,-348,-5351,-4689,0.4378,0.8322,0.9131
101730,0,Cash loans,M,N,Y,0,61000.0,361000.0,23310.0,342900.0,Unaccompanied,Working,Higher education,Married,House / apartment,-11034,-8103,-2215,-1565,0.7655,0.4534,0.4915
101731,0,Cash loans,M,N,Y,1,87000.0,1149500.0,68060.0,1063000.0,Family,Pensioner,Secondary / secondary special,Married,Rented apartment,-24925,-5376,-3356,-792,0.2505,0.3529,0.017
101732,0,Revolving loans,F,N,N,0,82000.0,1186000.0,75850.0,1091300.0,Children,Working,Secondary / secondary special,Married,House / apartment,-10800,-8521,-102,-3704,0.662,0.3359,0.3674
101733,0,Cash loans,M,N,Y,0,495000.0,1387500.0,65510.0,1282900.0,Unaccompanied,Working,Secondary / secondary special,Civil marriage,House / apartment,-19630,-2775,-8336,-2400,0.3908,0.5694,0.0173
101734,0,Cash loans,F,Y,N,0,258000.0,592500.0,35070.0,542500.0,"Spouse, partner",Pensioner,Secondary / secondary special,Married,House / apartment,-13030,-9576,-8946,-354,0.0396,0.5088,0.2335
101735,0,Cash loans,M,N,N,0,218000.0,781500.0,51830.0,710300.0,Unaccompanied,Pensioner,Secondary / secondary special,Single / not married,House / apartment,-10561,-2975,-6803,-4201,0.3982,0.6272,0.4374
101736,0,Cash loans,M,N,Y,1,56000.0,573500.0,32870.0,530500.0,Unaccompanied,Pensioner,Secondary / secondary special,Single / not married,House / apartment,-19629,-8612,-4461,-3895,0.527,0.5492,0.314
101737,0,Cash loans,F,Y,Y,0,385000.0,419000.0,28150.0,389400.0,Unaccompanied,State servant,Secondary / secondary special,Married,House / apartment,-12125,-7394,-6296,-4513,0.1527,0.1453,0.0408
101738,0,Cash loans,F,N,Y,0,289000.0,1138000.0,66060.0,1085400.0,Unaccompanied,Pensioner,Secondary / secondary special,Married,House / apartment,-9281,-127,-6565,-4017,0.1829,0.2518,0.1194
101739,0,Cash loans,F,Y,Y,1,52000.0,539000.0,28750.0,515700.0,Unaccompanied,Working,Secondary / secondary special,Married,House / apartment,-24331,-609,-6462,-4737,0.447,0.8006,0.5278
101740,0,Cash loans,F,N,Y,0,332000.0,668000.0,34830.0,605600.0,Unaccompanied,Pensioner,Higher education,Married,House / apartment,-23176,-740,-10022,-2252,0.3322,0.6335,0.6639
101741,0,Revolving loans,M,N,Y,0,73000.0,632500.0,35700.0,576900.0,Unaccompanied,Working,Secondary / secondary special,Separated,House / apartment,-9282,-3350,-11901,-564,0.4243,0.4315,0.3903
101742,0,Cash loans,F,N,Y,0,38000.0,1082000.0,44280.0,980400.0,Unaccompanied,Working,Higher education,Married,House / apartment,-12555,-3847,-82,-3453,0.4432,0.1816,0.6976
101743,0,Cash loans,M,Y,N,0,185000.0,1380500.0,92140.0,1284500.0,Unaccompanied,Working,Secondary / secondary special,Civil marriage,House / apartment,-18049,-2819,-9503,-1302,0.1417,0.0172,0.1635
101744,0,Cash loans,M,N,Y,3,184000.0,1015000.0,74910.0,931800.0,Unaccompanied,Working,Secondary / secondary special,Civil marriage,House / apartment,-9319,-4003,-7963,-6332,0.1803,0.3032,0.1247
101745,0,Cash loans,F,N,Y,1,40000.0,731000.0,39610.0,718900.0,Unaccompanied,Working,Secondary / secondary special,Married,House / apartment,-11974,-5105,-5990,-1750,0.8073,0.0616,0.7991
101746,0,Cash loans,M,N,Y,0,83000.0,1178500.0,49310.0,1124800.0,Children,Working,Secondary / secondary special,Married,With parents,-15371,-9603,-11531,-2590,0.163,0.4633,0.3289
101747,0,Cash loans,M,N,N,0,765000.0,977500.0,77680.0,962600.0,Unaccompanied,Working,Secondary / secondary special,Married,House / apartment,-14280,-3436,-5752,-257,0.636,0.7825,0.4163
101748,0,Cash loans,M,Y,Y,0,195000.0,133000.0,6720.0,127200.0,Unaccompanied,Pensioner,Higher education,Civil marriage,House / apartment,-18056,-9782,-11886,-6596,0.4034,0.2783,0.9007
101749,0,Cash loans,M,N,Y,0,221000.0,184000.0,8290.0,183200.0,Unaccompanied,State servant,Incomplete higher,Civil marriage,House / apartment,-16512,-1518,-6222,-1595,0.9201,0.8069,0.4087
101750,0,Cash loans,M,Y,N,0,61000.0,100000.0,5480.0,94500.0,Unaccompanied,Commercial associate,Secondary / secondary special,Married,House / apartment,-22514,-7699,-11639,-6221,0.0721,0.6723,0.0133
101751,0,Cash loans,F,N,Y,0,37000.0,709500.0,49340.0,705600.0,Unaccompanied,Pensioner,Higher education,Married,With parents,-17514,-9750,-3668,-1046,0.7906,0.1277,0.8917
101752,0,Revolving loans,M,Y,Y,1,74000.0,1246500.0,64510.0,1089100.0,Unaccompanied,Working,Secondary / secondary special,Married,House / apartment,-10975,-3559,-1615,-6646,0.472,0.6159,0.0233
101753,0,Cash loans,F,N,Y,1,68000.0,500500.0,31530.0,429400.0,Unaccompanied,Pensioner,Higher education,Civil marriage,With parents,-9079,-5004,-4246,-2232,0.015,0.1526,0.6325
101754,0,Cash loans,M,N,N,0,65000.0,604000.0,34200.0,565900.0,Unaccompanied,Working,Secondary / secondary special,Separated,House / apartment,-11837,-7412,-10995,-2594,0.2578,0.6255,0.3135
101755,1,Cash loans,M,N,Y,0,57000.0,1368500.0,61190.0,1365100.0,Unaccompanied,Working,Higher education,Married,House / apartment,-24557,-7442,-2062,-4077,0.3932,0.1442,0.4522
101756,0,Cash loans,F,Y,Y,0,153000.0,1262500.0,67180.0,1152200.0,Unaccompanied,Working,Secondary / secondary special,Married,House / apartment,-19142,-9629,-8971,-3584,0.3053,0.379,0.5244
101757,1,Cash loans,F,N,Y,1,85000.0,1012500.0,69860.0,892800.0,Family,Working,Higher education,Married,Rented apartment,-20282,-5348,-7555,-1640,0.3507,0.5426,0.394
101758,0,Cash loans,F,Y,N,1,283000.0,433000.0,27920.0,401900.0,Unaccompanied,Working,Secondary / secondary special,Married,House / apartment,-18408,-3181,-1058,-1711,0.8717,0.0574,0.7379
101759,0,Cash loans,F,Y,Y,2,55000.0,215500.0,9650.0,204100.0,Unaccompanied,Working,Secondary / secondary special,Civil marriage,House / apartment,-16519,-446,-2398,-48,0.3493,0.1541,0.8849
101760,0,Cash loans,F,N,Y,0,119000.0,68500.0,3190.0,61500.0,Unaccompanied,Working,Secondary / secondary special,Married,House / apartment,-11181,-216,-11196,-167,0.4037,0.3112,0.0912
101761,0,Cash loans,M,N,N,0,27000.0,200500.0,13160.0,191900.0,"Spouse, partner",Working,Higher education,Single / not married,Municipal apartment,-17001,-9712,-2330,-1853,0.7255,0.4446,0.7622
101762,0,Cash loans,M,N,Y,0,124000.0,470500.0,34130.0,468700.0,Unaccompanied,Working,Secondary / secondary special,Married,House / apartment,-16734,-3182,-1759,-3854,0.7562,0.817,0.131
101763,0,Cash loans,M,N,N,0,34000.0,848000.0,45770.0,834900.0,Unaccompanied,State servant,Secondary / secondary special,Married,House / apartment,-18409,-1731,-427,-3741,0.089,0.186,0.0855
101764,0,Cash loans,F,Y,N,0,596000.0,138000.0,8810.0,123300.0,Unaccompanied,Working,Secondary / secondary special,Married,House / apartment,-12949,-2099,-5377,-2068,0.6718,0.3366,0.9085
101765,0,Cash loans,M,N,N,0,260000.0,243000.0,11380.0,218500.0,Unaccompanied,Working,Higher education,Single / not married,House / apartment,-19273,-8159,-5029,-391,0.4636,0.4572,0.4699
101766,0,Cash loans,M,N,Y,0,126000.0,308500.0,16180.0,279400.0,"Spouse, partner",Commercial associate,Secondary / secondary special,Single / not married,House / apartment,-14617,-7369,-3876,-2950,0.1358,0.288,0.1534
101767,0,Cash loans,F,N,Y,0,39000.0,964500.0,39360.0,876900.0,Children,Pensioner,Secondary / secondary special,Married,House / apartment,-24717,-8232,-10682,-5224,0.2588,0.5982,0.5458
101768,0,Cash loans,F,N,N,0,160000.0,941000.0,66560.0,814000.0,Unaccompanied,Working,Higher education,Married,House / apartment,-18331,-6198,-2116,-5752,0.0523,0.2512,0.2574
101769,0,Cash loans,F,N,N,0,238000.0,846500.0,47440.0,816300.0,Unaccompanied,Pensioner,Secondary / secondary special,Married,House / apartment,-23895,-9098,-10513,-5823,0.3486,0.736,0.4465
101770,0,Cash loans,M,Y,Y,0,57000.0,409500.0,29750.0,370500.0,Unaccompanied,Working,Secondary / secondary special,Married,House / apartment,-21263,-7103,-559,-1449,0.2501,0.4848,0.5972
101771,0,Cash loans,F,N,N,0,151000.0,585000.0,39980.0,574500.0,Unaccompanied,Working,Secondary / secondary special,Married,House / apartment,-12808,-1791,-5441,-228,0.3692,0.0911,0.8271
101772,0,Revolving loans,M,Y,Y,0,277000.0,185500.0,13570.0,183500.0,Children,Working,Higher education,Married,House / apartment,-12317,-2804,-9577,-6127,0.5555,0.5994,0.0129
101773,0,Cash loans,F,N,Y,0,244000.0,374500.0,19260.0,319700.0,Unaccompanied,Commercial associate,Secondary / secondary special,Married,House / apartment,-15422,-5640,-2617,-3252,0.6984,0.5451,0.2113
101774,1,Cash loans,M,N,Y,0,269000.0,1351000.0,64040.0,1348700.0,Unaccompanied,Working,Secondary / secondary special,Civil marriage,House / apartment,-18568,-3535,-10146,-351,0.579,0.3283,0.1005
101775,0,Cash loans,F,N,N,3,342000.0,1470500.0,115990.0,1406500.0,Unaccompanied,Commercial associate,Higher education,Married,House / apartment,-21718,-8502,-589,-2272,0.6477,0.0205,0.1013
101776,0,Revolving loans,F,N,Y,0,441000.0,987500.0,67830.0,916500.0,Unaccompanied,Working,Secondary / secondary special,Married,Municipal apartment,-17691,-9982,-498,-4037,0.8237,0.1987,0.899
101777,0,Cash loans,F,N,Y,0,103000.0,1379000.0,101170.0,1252700.0,Children,Commercial associate,Higher education,Married,House / apartment,-11362,-1877,-6347,-233,0.8314,0.3914,0.8899
101778,0,Cash loans,F,Y,N,0,151000.0,980000.0,39710.0,909200.0,Unaccompanied,Working,Secondary / secondary special,Civil marriage,House / apartment,-21346,-3247,-7904,-265,0.8191,0.1979,0.7143
101779,0,Cash loans,M,Y,Y,1,260000.0,93500.0,5070.0,84000.0,Unaccompanied,Working,Secondary / secondary special,Married,House / apartment,-14648,-8157,-11014,-857,0.154,0.5528,0.6145
101780,0,Cash loans,F,N,Y,0,204000.0,1495500.0,104260.0,1410900.0,Unaccompanied,Commercial associate,Secondary / secondary special,Married,House / apartment,-15242,-2599,-9721,-6457,0.246,0.6796,0.8071
101781,0,Cash loans,M,N,Y,0,836000.0,189000.0,8150.0,163300.0,Unaccompanied,Commercial associate,Secondary / secondary special,Single / not married,House / apartment,-15245,-786,-9830,-498,0.4822,0.8147,0.0649
101782,0,Cash loans,F,N,Y,0,27000.0,1038000.0,65080.0,979000.0,Family,Working,Secondary / secondary special,Married,Municipal apartment,-8793,-5166,-9324,-876,0.3472,0.6182,0.1223
101783,0,Cash loans,F,Y,N,1,91000.0,413000.0,23610.0,368100.0,Children,Pensioner,Secondary / secondary special,Civil marriage,House / apartment,-19999,-9221,-7432,-2258,0.1338,0.6577,0.3081
101784,0,Cash loans,F,N,N,1,74000.0,615500.0,25050.0,524800.0,"Spouse, partner",Commercial associate,Higher education,Separated,House / apartment,-9728,-9606,-5956,-4194,0.2805,0.5819,0.7925
101785,0,Cash loans,F,Y,Y,0,71000.0,985000.0,48700.0,918900.0,Unaccompanied,Working,Secondary / secondary special,Married,House / apartment,-18487,-2933,-4483,-1644,0.9269,0.9364,0.4539
101786,0,Cash loans,M,N,N,1,63000.0,680000.0,34950.0,637000.0,Unaccompanied,State servant,Higher education,Single / not married,House / apartment,-22425,-2345,-8607,-5507,0.3361,0.2553,0.4834
101787,0,Cash loans,F,N,Y,1,210000.0,409500.0,18210.0,374300.0,Unaccompanied,Commercial associate,Secondary / secondary special,Married,House / apartment,-23996,-1285,-4996,-2392,0.4038,0.2603,0.2255
101788,0,Cash loans,M,Y,Y,0,38000.0,531500.0,34690.0,457500.0,Unaccompanied,Working,Secondary / secondary special,Married,House / apartment,-17934,-2564,-1591,-3324,0.016,0.1288,0.6195
101789,0,Cash loans,M,N,Y,0,228000.0,542000.0,26940.0,533300.0,Unaccompanied,Working,Higher education,Single / not married,House / apartment,-13986,-8675,-4407,-2951,0.6862,0.4665,0.8446
101790,0,Revolving loans,F,N,Y,0,202000.0,1441000.0,73640.0,1357000.0,Unaccompanied,Commercial associate,Secondary / secondary special,Married,House / apartment,-7303,-1621,-3883,-4619,0.3987,0.1004,0.3197
101791,0,Cash loans,F,N,Y,1,68000.0,1207000.0,91650.0,1046900.0,Unaccompanied,Working,Higher education,Married,With parents,-14361,-1079,-1607,-6261,0.107,0.2639,0.592
101792,0,Cash loans,M,N,Y,0,69000.0,712000.0,41780.0,659800.0,Unaccompanied,Working,Secondary / secondary special,Separated,House / apartment,-16377,-4277,-3724,-2647,0.9204,0.4637,0.322
101793,0,Cash loans,M,N,Y,3,174000.0,335500.0,18680.0,310200.0,Unaccompanied,Working,Secondary / secondary special,Married,House / apartment,-19680,-3710,-7555,-4951,0.7408,0.9101,0.7552
101794,0,Cash loans,M,N,Y,0,240000.0,1225000.0,84470.0,1052300.0,Family,Commercial associate,Secondary / secondary special,Married,House / apartment,-23875,-7571,-9907,-2256,0.6926,0.916,0.4565
101795,0,Cash loans,F,Y,Y,0,339000.0,273500.0,20890.0,257400.0,Family,Working,Secondary / secondary special,Single / not married,With parents,-9680,-5800,-202,-1432,0.9104,0.7091,0.3291
101796,0,Cash loans,M,N,Y,1,312000.0,351000.0,14390.0,340900.0,Unaccompanied,Pensioner,Secondary / secondary special,Civil marriage,House / apartment,-24919,-7673,-3854,-480,0.393,0.3759,0.4048
101797,0,Cash loans,F,Y,N,0,527000.0,577500.0,33450.0,555800.0,Unaccompanied,Working,Higher education,Civil marriage,With parents,-15062,-2053,-8301,-2970,0.6854,0.8233,0.0958
101798,0,Cash loans,M,N,Y,0,156000.0,1326000.0,85440.0,1167500.0,Family,Working,Secondary / secondary special,Single / not married,House / apartment,-20214,-5646,-768,-1665,0.2038,0.8329,0.8242
101799,0,Cash loans,M,N,Y,0,384000.0,236500.0,12470.0,231600.0,Unaccompanied,Pensioner,Secondary / secondary special,Civil marriage,House / apartment,-18525,-9776,-138,-328,0.6653,0.8656,0.9106
101800,0,Cash loans,F,N,N,0,273000.0,223000.0,15810.0,201000.0,Unaccompanied,Commercial associate,Higher education,Single / not married,House / apartment,-20160,-983,-220,-3254,0.0232,0.6116,0.4588
101801,1,Cash loans,F,N,N,0,363000.0,763500.0,60210.0,757400.0,Unaccompanied,Working,Higher education,Married,House / apartment,-9703,-4923,-7356,-6073,0.1287,0.1997,0.2181
101802,0,Revolving loans,F,N,Y,0,27000.0,447000.0,34750.0,384800.0,Unaccompanied,Working,Secondary / secondary special,Single / not married,House / apartment,-13321,-223,-9052,-416,0.4097,0.0956,0.6348
101803,0,Cash loans,F,Y,Y,0,532000.0,872500.0,44180.0,805300.0,Unaccompanied,Working,Secondary / secondary special,Married,House / apartment,-14034,-625,-3927,-2301,0.0214,0.8699,0.4352
101804,0,Revolving loans,M,N,Y,3,121000.0,702000.0,34440.0,659600.0,Family,Commercial associate,Secondary / secondary special,Married,House / apartment,-19783,-2186,-2387,-944,0.4442,0.0622,0.2472
101805,0,Cash loans,F,N,Y,3,265000.0,678000.0,53090.0,601500.0,Unaccompanied,Working,Secondary / secondary special,Married,House / apartment,-9669,-6511,-2525,-2052,0.5014,0.2881,0.0461
101806,0,Revolving loans,F,N,N,0,45000.0,208000.0,12140.0,200900.0,Unaccompanied,Commercial associate,Secondary / secondary special,Married,House / apartment,-9767,-6199,-5054,-2350,0.5943,0.4677,0.8463
101807,0,Cash loans,F,Y,N,1,101000.0,250000.0,12080.0,236000.0,Unaccompanied,Commercial associate,Lower secondary,Married,House / apartment,-17426,-9668,-9637,-979,0.1044,0.0307,0.7589
101808,0,Cash loans,M,Y,Y,0,73000.0,1239500.0,84630.0,1056900.0,Unaccompanied,Working,Secondary / secondary special,Married,House / apartment,-20907,-4506,-6956,-1656,0.1802,0.8625,0.7893
101809,0,Cash loans,F,N,N,0,77000.0,1334000.0,68540.0,1255600.0,Unaccompanied,Working,Secondary / secondary special,Married,Municipal apartment,-8559,-4235,-1609,-2654,0.5865,0.2799,0.4234
101810,0,Cash loans,F,N,Y,0,45000.0,386500.0,19590.0,357000.0,Unaccompanied,Working,Higher education,Married,House / apartment,-20268,-8126,-5443,-1451,0.6287,0.0368,0.7181
101811,0,Cash loans,F,N,Y,2,271000.0,210000.0,15790.0,184700.0,Unaccompanied,Working,Secondary / secondary special,Married,House / apartment,-9354,-4976,-198,-3011,0.0343,0.944,0.5564
101812,0,Cash loans,M,N,N,2,26000.0,122500.0,5700.0,122400.0,Unaccompanied,Working,Higher education,Single / not married,House / apartment,-24217,-8872,-11055,-2783,0.5179,0.3027,0.3623
101813,0,Cash loans,M,N,Y,0,81000.0,930000.0,39600.0,915700.0,Unaccompanied,Working,Secondary / secondary special,Civil marriage,House / apartment,-9419,-2093,-5984,-5346,0.7479,0.8342,0.8022
101814,0,Cash loans,F,N,N,0,54000.0,1086000.0,55130.0,970700.0,Unaccompanied,Pensioner,Secondary / secondary special,Civil marriage,House / apartment,-18157,-4625,-9352,-5773,0.075,0.4363,0.9488
101815,0,Cash loans,F,N,N,0,158000.0,587500.0,37760.0,547100.0,Unaccompanied,Working,Higher education,Married,House / apartment,-17678,-8748,-1369,-4003,0.3984,0.6333,0.8553
101816,1,Cash loans,F,N,N,0,69000.0,1034000.0,46450.0,928000.0,Unaccompanied,State servant,Secondary / secondary special,Single / not married,House / apartment,-9889,-9743,-3571,-1586,0.3169,0.2366,0.7396
101817,0,Cash loans,F,N,Y,0,70000.0,1082500.0,63720.0,1046000.0,Unaccompanied,Working,Secondary / secondary special,Married,House / apartment,-11719,-303,-10414,-389,0.8688,0.4827,0.7127
101818,0,Cash loans,F,Y,Y,0,126000.0,1406000.0,91520.0,1391300.0,Unaccompanied,Working,Secondary / secondary special,Married,House / apartment,-14392,-4313,-488,-3728,0.1847,0.2522,0.6212
101819,0,Cash loans,M,Y,Y,1,184000.0,139500.0,10320.0,126100.0,Children,Commercial associate,Higher education,Single / not married,House / apartment,-14044,-6023,-3540,-849,0.3093,0.904,0.8124
101820,0,Cash loans,F,N,Y,0,44000.0,325000.0,15990.0,315500.0,"Spouse, partner",Pensioner,Secondary / secondary special,Single / not married,House / apartment,-9240,-6465,-11059,-818,0.8545,0.0673,0.4735
101821,0,Cash loans,M,N,Y,2,54000.0,144500.0,10500.0,133600.0,Unaccompanied,Working,Secondary / secondary special,Civil marriage,House / apartment,-23756,-5092,-10619,-3635,0.3208,0.2682,0.1808
101822,0,Cash loans,F,N,N,0,68000.0,1308000.0,64610.0,1189600.0,Unaccompanied,Commercial associate,Secondary / secondary special,Married,House / apartment,-21000,-6306,-10069,-4107,0.5095,0.8495,0.732
101823,0,Cash loans,M,N,Y,0,571000.0,1198000.0,80350.0,1186900.0,Unaccompanied,Pensioner,Secondary / secondary special,Married,House / apartment,-12657,-7601,-9056,-6480,0.0411,0.4612,0.8743
101824,0,Cash loans,M,Y,Y,1,101000.0,881000.0,50420.0,816300.0,Unaccompanied,Pensioner,Secondary / secondary special,Civil marriage,House / apartment,-8645,-7559,-2180,-2654,0.9358,0.5741,0.3309
101825,0,Cash loans,F,N,Y,1,162000.0,166500.0,7420.0,153200.0,Unaccompanied,Working,Secondary / secondary special,Married,House / apartment,-17278,-2292,-11220,-3954,0.7854,0.6226,0.746
101826,0,Cash loans,F,Y,N,0,66000.0,442500.0,30340.0,420800.0,Unaccompanied,Pensioner,Secondary / secondary special,Civil marriage,House / apartment,-20916,-5149,-11290,-6272,0.6063,0.0767,0.2673
101827,0,Cash loans,F,Y,Y,0,126000.0,478000.0,23280.0,425000.0,Unaccompanied,Pensioner,Secondary / secondary special,Single / not married,House / apartment,-16523,-2809,-3328,-4106,0.0671,0.0267,0.896
101828,1,Cash loans,F,N,Y,2,37000.0,861000.0,40520.0,773800.0,Unaccompanied,Commercial associate,Higher education,Married,House / apartment,-16722,-9474,-3634,-489,0.0804,0.8916,0.6525
101829,0,Cash loans,F,N,N,0,30000.0,420500.0,22850.0,416200.0,Unaccompanied,Pensioner,Secondary / secondary special,Married,House / apartment,-15902,-2928,-655,-2319,0.5223,0.2652,0.5451
101830,0,Cash loans,F,N,Y,0,120000.0,151000.0,9990.0,143700.0,Unaccompanied,State servant,Secondary / secondary special,Married,House / apartment,-17797,-9250,-5986,-2928,0.278,0.3675,0.7431
101831,1,Cash loans,M,N,Y,0,101000.0,1108500.0,54720.0,1079700.0,Unaccompanied,Working,Secondary / secondary special,Married,House / apartment,-21761,-4174,-9571,-3163,0.5954,0.6512,0.7744
101832,0,Cash loans,F,N,N,1,47000.0,480000.0,22730.0,427500.0,Unaccompanied,Working,Secondary / secondary special,Married,Municipal apartment,-10392,-6050,-235,-6152,0.5723,0.2321,0.8488
101833,0,Cash loans,M,N,Y,1,200000.0,703000.0,28400.0,654900.0,Unaccompanied,Working,Higher education,Married,House / apartment,-9891,-168,-988,-2934,0.7983,0.6991,0.8571
101834,0,Cash loans,F,Y,N,2,767000.0,231000.0,13600.0,230000.0,Children,Working,Secondary / secondary special,Separated,House / apartment,-9802,-1737,-1382,-1146,0.2745,0.4407,0.0595
101835,0,Cash loans,M,N,Y,0,101000.0,1212500.0,69290.0,1088600.0,Unaccompanied,Working,Secondary / secondary special,Civil marriage,House / apartment,-16153,-5763,-9006,-2823,0.5532,0.8152,0.1255
101836,0,Cash loans,F,N,Y,0,172000.0,868000.0,42840.0,758700.0,"Spouse, partner",Commercial associate,Secondary / secondary special,Single / not married,House / apartment,-14361,-8493,-11158,-6424,0.7407,0.2718,0.7865
101837,0,Revolving loans,M,N,N,0,519000.0,1357000.0,57190.0,1257400.0,Unaccompanied,Working,Higher education,Married,House / apartment,-23461,-8557,-9881,-2505,0.4713,0.2016,0.8993
101838,0,Cash loans,F,Y,Y,1,292000.0,766000.0,43790.0,695700.0,Unaccompanied,Commercial associate,Secondary / secondary special,Married,House / apartment,-8973,-6351,-5629,-6594,0.7908,0.7918,0.2992
101839,1,Revolving loans,F,N,N,0,118000.0,1415000.0,101210.0,1236600.0,Unaccompanied,Pensioner,Secondary / secondary special,Single / not married,House / apartment,-20654,-3225,-11992,-6934,0.1334,0.3167,0.0181
101840,0,Cash loans,F,Y,N,0,226000.0,1342500.0,92110.0,1320100.0,Unaccompanied,Working,Secondary / secondary special,Married,House / apartment,-13302,-7194,-2486,-811,0.6999,0.3972,0.3133
101841,0,Cash loans,F,N,N,0,46000.0,883500.0,65760.0,882300.0,Unaccompanied,Pensioner,Higher education,Civil marriage,House / apartment,-17452,-7605,-1665,-55,0.8964,0.7561,0.3699
101842,0,Cash loans,F,N,N,0,133000.0,1404000.0,56700.0,1313100.0,Family,Working,Secondary / secondary special,Separated,House / apartment,-14608,-6433,-10827,-707,0.322,0.6074,0.7254
101843,0,Cash loans,F,N,Y,1,74000.0,515000.0,40510.0,497600.0,Unaccompanied,Pensioner,Higher education,Married,House / apartment,-18937,-338,-3986,-6522,0.3544,0.4252,0.0547
101844,0,Cash loans,F,N,N,0,51000.0,577000.0,30960.0,564800.0,Unaccompanied,Pensioner,Secondary / secondary special,Single / not married,House / apartment,-7799,-5146,-8186,-1009,0.0885,0.2449,0.2099
101845,1,Cash loans,M,Y,Y,3,108000.0,111000.0,8840.0,106000.0,Unaccompanied,Working,Secondary / secondary special,Married,House / apartment,-20890,-8117,-1823,-4118,0.613,0.7283,0.8503
101846,0,Cash loans,F,N,Y,0,46000.0,902500.0,45220.0,773100.0,Family,Working,Higher education,Single / not married,House / apartment,-7625,-390,-5828,-3848,0.5293,0.1796,0.1555
101847,0,Revolving loans,F,Y,N,2,205000.0,1095500.0,64480.0,957100.0,Unaccompanied,Working,Secondary / secondary special,Married,House / apartment,-21029,-6564,-5430,-3316,0.0479,0.8826,0.7237
101848,0,Cash loans,M,N,Y,1,116000.0,1170500.0,63390.0,1007400.0,Unaccompanied,Pensioner,Secondary / secondary special,Married,House / apartment,-8187,-1908,-5336,-4867,0.7171,0.1513,0.3496
101849,0,Cash loans,F,N,Y,0,139000.0,263000.0,14260.0,223900.0,Unaccompanied,Pensioner,Incomplete higher,Single / not married,House / apartment,-16487,-1054,-4088,-3489,0.7895,0.7666,0.6329
101850,0,Cash loans,F,N,Y,2,49000.0,691500.0,50960.0,619500.0,Unaccompanied,Working,Secondary / secondary special,Single / not married,House / apartment,-10973,-7132,-610,-4326,0.8627,0.4088,0.0794
101851,0,Cash loans,F,N,Y,0,48000.0,302500.0,21130.0,274900.0,Unaccompanied,Commercial associate,Secondary / secondary special,Single / not married,House / apartment,-18532,-2030,-9527,-4305,0.523,0.1848,0.2794
101852,0,Cash loans,M,Y,N,1,156000.0,1008500.0,80360.0,893700.0,Unaccompanied,Working,Secondary / secondary special,Married,House / apartment,-15235,-7089,-3868,-5281,0.4354,0.3882,0.4093
101853,0,Cash loans,M,Y,Y,1,655000.0,275000.0,17750.0,236400.0,Unaccompanied,Working,Secondary / secondary special,Single / not married,House / apartment,-8228,-8575,-4325,-1400,0.8336,0.2183,0.8158
101854,0,Revolving loans,M,N,Y,1,40000.0,1360500.0,79630.0,1264600.0,Unaccompanied,State servant,Higher education,Single / not married,House / apartment,-11703,-9098,-11884,-1193,0.3848,0.1378,0.5397
101855,0,Cash loans,F,N,N,0,75000.0,380500.0,16590.0,339000.0,Unaccompanied,Working,Secondary / secondary special,Widow,House / apartment,-22292,-7879,-4435,-4994,0.6261,0.2348,0.0525
101856,0,Cash loans,M,N,Y,0,330000.0,469000.0,37460.0,454700.0,Family,State servant,Secondary / secondary special,Civil marriage,House / apartment,-17414,-5230,-11758,-1497,0.5884,0.8254,0.7638
101857,0,Cash loans,F,N,Y,0,36000.0,1283000.0,79620.0,1092100.0,Unaccompanied,Pensioner,Secondary / secondary special,Civil marriage,House / apartment,-15290,-6685,-10403,-1250,0.3598,0.1096,0.0613
101858,0,Cash loans,F,N,Y,0,338000.0,712000.0,48430.0,695200.0,Unaccompanied,State servant,Secondary / secondary special,Single / not married,House / apartment,-18747,-2776,-2163,-872,0.0917,0.9242,0.8883
101859,0,Cash loans,F,N,Y,1,136000.0,80000.0,4500.0,79500.0,Unaccompanied,Working,Higher education,Married,House / apartment,-24308,-3671,-8262,-2410,0.0301,0.0147,0.209
101860,0,Cash loans,F,N,Y,1,104000.0,764500.0,47330.0,731900.0,Unaccompanied,Working,Higher education,Married,House / apartment,-11644,-3859,-1749,-3550,0.4125,0.6287,0.4687
101861,0,Cash loans,F,N,N,2,81000.0,168000.0,13050.0,161300.0,Unaccompanied,Working,Secondary / secondary special,Married,House / apartment,-21054,-9910,-4945,-1578,0.4623,0.8151,0.0779
101862,0,Cash loans,F,N,Y,0,78000.0,1478500.0,68980.0,1463800.0,Unaccompanied,Commercial associate,Secondary / secondary special,Civil marriage,House / apartment,-12416,-5221,-5172,-474,0.7833,0.8879,0.538
101863,0,Cash loans,F,N,N,1,80000.0,900500.0,46550.0,793700.0,Unaccompanied,Commercial associate,Higher education,Civil marriage,House / apartment,-13537,-9100,-341,-4290,0.3995,0.1453,0.4774
101864,0,Cash loans,F,N,N,2,349000.0,418500.0,19290.0,418200.0,Family,Working,Secondary / secondary special,Married,House / apartment,-16769,-3886,-4683,-5131,0.2743,0.6663,0.3956
101865,1,Cash loans,M,N,N,1,218000.0,865000.0,62010.0,835600.0,Unaccompanied,Pensioner,Secondary / secondary special,Married,Rented apartment,-16178,-1041,-11018,-3566,0.4444,0.1109,0.0434
101866,1,Cash loans,F,Y,Y,0,191000.0,157000.0,6670.0,150600.0,Children,Working,Secondary / secondary special,Married,House / apartment,-11910,-8331,-3831,-6102,0.2337,0.3415,0.8362
101867,0,Cash loans,M,N,Y,0,265000.0,1209000.0,52310.0,1093100.0,Unaccompanied,Working,Secondary / secondary special,Married,House / apartment,-24216,-1438,-2379,-4048,0.0959,0.698,0.7645
101868,0,Cash loans,F,N,Y,0,70000.0,1391500.0,72270.0,1296700.0,Unaccompanied,Working,Higher education,Married,House / apartment,-11797,-4752,-6105,-6927,0.1163,0.3352,0.605
101869,0,Cash loans,M,N,N,0,169000.0,1317500.0,79800.0,1249100.0,Unaccompanied,Working,Secondary / secondary special,Married,House / apartment,-11152,-1421,-3869,-4624,0.31,0.3046,0.5479
101870,0,Cash loans,F,N,Y,0,117000.0,542500.0,30520.0,511600.0,Unaccompanied,Working,Incomplete higher,Separated,House / apartment,-10068,-1754,-6068,-270,0.0219,0.1191,0.6632
101871,0,Cash loans,F,Y,Y,3,254000.0,519000.0,21690.0,496000.0,Unaccompanied,Working,Secondary / secondary special,Married,House / apartment,-9440,-3168,-11465,-6681,0.217,0.0725,0.1454
101872,0,Cash loans,F,N,Y,0,80000.0,96000.0,7520.0,82800.0,Unaccompanied,Pensioner,Secondary / secondary special,Married,House / apartment,-15024,-4838,-2439,-5676,0.7503,0.1184,0.8867
101873,0,Cash loans,F,Y,Y,0,180000.0,993000.0,77570.0,897000.0,Unaccompanied,Pensioner,Incomplete higher,Married,House / apartment,-24257,-6693,-7906,-6017,0.2305,0.8329,0.2776
101874,0,Cash loans,M,Y,Y,0,346000.0,823500.0,42140.0,753600.0,Unaccompanied,Working,Higher education,Widow,House / apartment,-20558,-8686,-10259,-6800,0.1141,0.0205,0.6271
101875,0,Cash loans,F,N,Y,1,102000.0,713500.0,49420.0,634400.0,Unaccompanied,Commercial associate,Higher education,Civil marriage,House / apartment,-17297,-891,-11731,-6208,0.9021,0.6613,0.5804
101876,0,Cash loans,F,N,Y,2,35000.0,1365500.0,86220.0,1196000.0,Unaccompanied,Commercial associate,Secondary / secondary special,Married,Rented apartment,-24120,-6776,-7857,-3551,0.5951,0.7325,0.6084
101877,0,Cash loans,M,N,Y,1,134000.0,289500.0,14330.0,252100.0,Unaccompanied,Working,Higher education,Widow,House / apartment,-17995,-843,-5429,-5917,0.0664,0.5438,0.8362
101878,0,Cash loans,M,N,Y,0,89000.0,59000.0,2980.0,53400.0,Unaccompanied,Commercial associate,Secondary / secondary special,Married,House / apartment,-17954,-6624,-471,-4585,0.0685,0.6969,0.2882
101879,0,Cash loans,F,N,N,0,192000.0,151500.0,9040.0,140000.0,"Spouse, partner",Commercial associate,Secondary / secondary special,Married,House / apartment,-10889,-6674,-8059,-4457,0.5854,0.6231,0.714
101880,0,Cash loans,F,N,Y,1,477000.0,370000.0,21000.0,318000.0,Unaccompanied,Commercial associate,Secondary / secondary special,Married,House / apartment,-8698,-293,-3765,-3883,0.5177,0.4382,0.5725
101881,0,Cash loans,F,N,Y,0,125000.0,93500.0,4830.0,92700.0,Unaccompanied,Commercial associate,Secondary / secondary special,Married,House / apartment,-17046,-7994,-7826,-2619,0.0743,0.3697,0.0815
101882,0,Cash loans,F,N,Y,0,119000.0,776500.0,56140.0,749200.0,Unaccompanied,Commercial associate,Higher education,Married,Rented apartment,-14991,-4374,-7912,-994,0.2209,0.8949,0.3993
101883,0,Revolving loans,F,N,Y,0,184000.0,502000.0,29750.0,481700.0,Family,Working,Secondary / secondary special,Separated,House / apartment,-23032,-3997,-8845,-768,0.8833,0.9236,0.7977
101884,0,Cash loans,M,Y,N,0,41000.0,307500.0,20350.0,269300.0,Unaccompanied,Pensioner,Secondary / secondary special,Single / not married,Rented apartment,-18243,-8509,-461,-5138,0.5477,0.6222,0.3064
101885,0,Cash loans,F,N,Y,1,69000.0,1136500.0,54060.0,1069000.0,Unaccompanied,Working,Secondary / secondary special,Married,House / apartment,-21226,-3682,-1173,-544,0.4239,0.1955,0.4633
101886,0,Revolving loans,F,Y,Y,0,402000.0,342500.0,21010.0,318300.0,Unaccompanied,Pensioner,Secondary / secondary special,Married,House / apartment,-20349,-5183,-1667,-5074,0.2451,0.431,0.4693
101887,0,Revolving loans,F,N,N,0,191000.0,1045500.0,55120.0,1042800.0,Unaccompanied,Working,Secondary / secondary special,Married,House / apartment,-19413,-8229,-11937,-931,0.1357,0.4767,0.5909
101888,0,Cash loans,M,N,N,0,27000.0,553000.0,33760.0,532100.0,Unaccompanied,Working,Secondary / secondary special,Married,House / apartment,-10566,-5443,-3321,-90,0.3885,0.7225,0.841
101889,0,Cash loans,M,N,Y,0,59000.0,789500.0,56240.0,739300.0,Family,Commercial associate,Secondary / secondary special,Married,House / apartment,-13708,-7617,-8831,-6106,0.877,0.6377,0.1731
101890,1,Cash loans,F,N,Y,0,197000.0,1404000.0,99340.0,1372600.0,Unaccompanied,Working,Secondary / secondary special,Married,House / apartment,-22142,-7889,-4369,-4333,0.0558,0.4939,0.4843
101891,0,Cash loans,M,N,N,0,242000.0,99500.0,5390.0,86900.0,"Spouse, partner",Pensioner,Lower secondary,Single / not married,With parents,-18436,-4003,-8673,-6605,0.9415,0.6495,0.4088
101892,0,Cash loans,F,N,Y,0,300000.0,773000.0,52390.0,658800.0,Unaccompanied,Working,Secondary / secondary special,Single / not married,House / apartment,-10797,-1885,-8273,-5346,0.2053,0.0326,0.2882
101893,0,Cash loans,F,Y,N,0,77000.0,1288000.0,100020.0,1228200.0,Children,Commercial associate,Secondary / secondary special,Married,House / apartment,-9274,-8062,-11495,-850,0.3942,0.74,0.8744
101894,0,Cash loans,F,N,N,0,426000.0,900500.0,58560.0,778700.0,Family,Working,Higher education,Married,House / apartment,-16358,-9474,-4126,-2968,0.0523,0.2089,0.0177
101895,0,Cash loans,F,N,N,0,146000.0,448000.0,20580.0,388600.0,Unaccompanied,Working,Secondary / secondary special,Married,House / apartment,-16545,-623,-2793,-4872,0.5597,0.627,0.1248
101896,0,Cash loans,F,Y,Y,0,204000.0,623500.0,41890.0,599600.0,Unaccompanied,Working,Higher education,Married,House / apartment,-12710,-3396,-9299,-3077,0.4645,0.1171,0.6993
101897,0,Cash loans,M,Y,N,0,161000.0,1035000.0,45740.0,921800.0,Unaccompanied,Commercial associate,Secondary / secondary special,Married,House / apartment,-9834,-7056,-6185,-6713,0.6367,0.1176,0.2576
101898,0,Cash loans,F,N,Y,1,45000.0,1341000.0,100420.0,1266300.0,Unaccompanied,Commercial associate,Higher education,Married,House / apartment,-21550,-4579,-3785,-2659,0.5201,0.0435,0.6898
101899,0,Cash loans,M,N,N,0,520000.0,105000.0,6370.0,103700.0,Unaccompanied,Commercial associate,Secondary / secondary special,Married,House / apartment,-10517,-7811,-250,-633,0.3843,0.8656,0.7923
101900,0,Cash loans,F,Y,Y,0,45000.0,149000.0,8260.0,133700.0,Unaccompanied,State servant,Secondary / secondary special,Civil marriage,With parents,-20514,-5785,-10626,-3228,0.7035,0.5783,0.2493
101901,0,Cash loans,F,N,Y,0,69000.0,518000.0,21900.0,457200.0,Unaccompanied,Commercial associate,Secondary / secondary special,Married,House / apartment,-21476,-6747,-1620,-1224,0.0335,0.3502,0.1904
101902,0,Cash loans,F,N,Y,2,277000.0,383500.0,21180.0,332100.0,Unaccompanied,State servant,Secondary / secondary special,Single / not married,House / apartment,-8855,-8660,-9910,-1248,0.5186,0.7505,0.1466
101903,0,Revolving loans,F,N,Y,0,170000.0,430500.0,32770.0,374300.0,Family,Working,Higher education,Married,House / apartment,-23959,-7894,-8457,-982,0.117,0.5985,0.1981
101904,0,Cash loans,F,Y,Y,0,298000.0,367000.0,14990.0,315400.0,Unaccompanied,Working,Secondary / secondary special,Separated,House / apartment,-10389,-5690,-21,-2510,0.4198,0.5929,0.2612
101905,0,Cash loans,F,N,N,1,134000.0,330000.0,19470.0,284800.0,Unaccompanied,Working,Secondary / secondary special,Married,House / apartment,-22043,-4483,-2123,-3850,0.7537,0.4678,0.8266
101906,0,Cash loans,F,Y,Y,1,96000.0,235000.0,18150.0,215000.0,Unaccompanied,Working,Secondary / secondary special,Married,House / apartment,-14878,-498,-1510,-4758,0.1439,0.0175,0.7338
101907,1,Cash loans,F,N,N,1,407000.0,1404000.0,78330.0,1261000.0,Unaccompanied,Commercial associate,Higher education,Married,House / apartment,-9472,-2251,-3852,-3993,0.8897,0.253,0.0117
101908,0,Cash loans,M,Y,Y,0,31000.0,255000.0,14570.0,243800.0,Unaccompanied,Working,Higher education,Married,House / apartment,-23836,-5530,-4775,-989,0.8452,0.1125,0.8317
101909,0,Cash loans,F,N,Y,0,316000.0,342500.0,21630.0,335800.0,Unaccompanied,Commercial associate,Secondary / secondary special,Married,House / apartment,-15024,-3980,-11130,-1616,0.4,0.6327,0.0841
101910,0,Cash loans,F,N,Y,0,64000.0,403500.0,23610.0,390500.0,Unaccompanied,Commercial associate,Secondary / secondary special,Widow,House / apartment,-17559,-226,-7008,-6574,0.0156,0.2437,0.6259
101911,0,Cash loans,F,Y,Y,2,308000.0,1402500.0,65560.0,1303800.0,Unaccompanied,State servant,Secondary / secondary special,Civil marriage,House / apartment,-9126,-2187,-3422,-424,0.7524,0.4332,0.1524
101912,0,Cash loans,M,N,N,0,47000.0,1144500.0,46630.0,990400.0,Unaccompanied,Pensioner,Secondary / secondary special,Married,House / apartment,-19039,-1870,-8431,-1430,0.838,0.3422,0.0685
101913,1,Cash loans,M,N,Y,0,155000.0,1194000.0,76880.0,1142000.0,Family,Working,Secondary / secondary special,Married,House / apartment,-12622,-7125,-8242,-1635,0.1743,0.1446,0.7242
101914,0,Revolving loans,F,N,Y,2,354000.0,197500.0,15170.0,178600.0,Unaccompanied,Working,Secondary / secondary special,Married,House / apartment,-13111,-8538,-3007,-4200,0.8712,0.9109,0.4492
101915,0,Revolving loans,F,N,Y,2,121000.0,1262000.0,55850.0,1088900.0,Unaccompanied,Working,Lower secondary,Civil marriage,House / apartment,-8991,-6025,-8667,-6395,0.8693,0.8874,0.5731
101916,0,Cash loans,F,N,N,3,231000.0,639000.0,30950.0,623900.0,Unaccompanied,Working,Higher education,Single / not married,House / apartment,-13974,-3418,-10196,-6788,0.453,0.0895,0.4098
101917,0,Cash loans,M,Y,Y,1,270000.0,427500.0,23430.0,385100.0,Unaccompanied,Commercial associate,Secondary / secondary special,Married,House / apartment,-18136,-2181,-156,-5218,0.7602,0.7877,0.0731
101918,0,Cash loans,M,N,Y,3,225000.0,882500.0,63850.0,779000.0,Family,Commercial associate,Secondary / secondary special,Single / not married,House / apartment,-10690,-2157,-6342,-177,0.4283,0.4691,0.7052
101919,0,Cash loans,F,N,Y,0,414000.0,1241500.0,63030.0,1217600.0,Unaccompanied,Working,Lower secondary,Single / not married,House / apartment,-17773,-5387,-7598,-5384,0.5402,0.7373,0.7811
101920,0,Cash loans,F,N,Y,1,114000.0,1178000.0,88680.0,1160700.0,Unaccompanied,Commercial associate,Secondary / secondary special,Married,House / apartment,-17162,-6003,-4761,-5251,0.3106,0.1521,0.0489
101921,0,Revolving loans,F,N,Y,1,54000.0,1340000.0,56550.0,1207100.0,Unaccompanied,Commercial associate,Secondary / secondary special,Married,House / apartment,-7336,-5435,-10975,-5318,0.1599,0.1343,0.3632
101922,0,Cash loans,M,Y,N,0,32000.0,1395500.0,108340.0,1260400.0,Family,Working,Higher education,Single / not married,House / apartment,-18908,-3089,-2019,-3776,0.7117,0.8473,0.5339
101923,0,Cash loans,F,N,Y,0,67000.0,391500.0,24440.0,366800.0,Unaccompanied,Working,Secondary / secondary special,Civil marriage,House / apartment,-9639,-7675,-5237,-719,0.0113,0.854,0.5789
101924,0,Cash loans,F,N,Y,2,48000.0,661500.0,43890.0,635100.0,Unaccompanied,Pensioner,Secondary / secondary special,Married,With parents,-21725,-5821,-9878,-3128,0.5548,0.448,0.5535
101925,0,Revolving loans,F,Y,Y,0,147000.0,66500.0,3640.0,57200.0,Unaccompanied,Commercial associate,Secondary / secondary special,Widow,House / apartment,-8671,-7178,-7923,-4504,0.8228,0.8279,0.6614
101926,0,Cash loans,M,N,Y,1,56000.0,1324500.0,94410.0,1243700.0,Unaccompanied,Working,Secondary / secondary special,Married,House / apartment,-7976,-439,-4170,-3001,0.218,0.6374,0.9188
101927,0,Cash loans,M,Y,Y,0,31000.0,270000.0,12600.0,268100.0,Unaccompanied,Working,Secondary / secondary special,Married,House / apartment,-12372,-2828,-5047,-6405,0.3229,0.1839,0.3772
101928,0,Cash loans,M,Y,N,0,30000.0,1298500.0,54480.0,1154800.0,Family,Working,Secondary / secondary special,Married,With parents,-7552,-1691,-2414,-2789,0.5622,0.3192,0.5332
101929,0,Cash loans,F,Y,N,0,292000.0,524500.0,29280.0,517300.0,Unaccompanied,Working,Secondary / secondary special,Separated,House / apartment,-10164,-7943,-10995,-653,0.2421,0.1379,0.6671
101930,0,Cash loans,M,N,N,0,159000.0,580500.0,43040.0,576200.0,Unaccompanied,Pensioner,Lower secondary,Married,Municipal apartment,-17508,-5883,-11441,-2622,0.8066,0.7375,0.5669
101931,0,Revolving loans,F,Y,N,0,91000.0,102000.0,7160.0,90800.0,Unaccompanied,Working,Secondary / secondary special,Married,House / apartment,-24444,-3261,-2155,-6261,0.3546,0.9361,0.3735
101932,0,Cash loans,F,Y,Y,0,362000.0,520500.0,31590.0,501300.0,Family,Working,Secondary / secondary special,Married,Municipal apartment,-13601,-9600,-10018,-3556,0.5567,0.5236,0.5966
101933,0,Cash loans,F,N,Y,0,36000.0,1337500.0,84110.0,1184800.0,Unaccompanied,Working,Secondary / secondary special,Married,With parents,-7692,-8275,-3757,-3392,0.2226,0.6265,0.6211
101934,0,Cash loans,M,N,Y,0,614000.0,82000.0,3710.0,78800.0,Unaccompanied,Pensioner,Secondary / secondary special,Civil marriage,House / apartment,-18583,-4729,-92,-4403,0.0489,0.7113,0.5599
101935,0,Cash loans,F,N,Y,0,169000.0,636000.0,46830.0,616700.0,Unaccompanied,Working,Higher education,Married,House / apartment,-19034,-7001,-6243,-489,0.1733,0.2208,0.2028
101936,0,Cash loans,M,N,Y,0,55000.0,90500.0,6470.0,80300.0,Unaccompanied,Working,Secondary / secondary special,Civil marriage,House / apartment,-8296,-2397,-8862,-1344,0.0534,0.3258,0.4856
101937,0,Cash loans,M,N,Y,1,195000.0,584500.0,38730.0,559600.0,Unaccompanied,Commercial associate,Secondary / secondary special,Separated,With parents,-14448,-5550,-2143,-6900,0.4505,0.3976,0.8413
101938,0,Cash loans,F,N,Y,0,241000.0,296000.0,17360.0,287700.0,Unaccompanied,Working,Secondary / secondary special,Married,With parents,-24784,-7390,-8423,-6791,0.5614,0.5689,0.8265
101939,0,Cash loans,F,N,N,0,109000.0,412000.0,32370.0,372400.0,Unaccompanied,Working,Secondary / secondary special,Single / not married,House / apartment,-18191,-5044,-5971,-607,0.052,0.8095,0.7157
101940,0,Cash loans,F,N,N,0,322000.0,1322000.0,99360.0,1157000.0,Family,Working,Secondary / secondary special,Married,House / apartment,-22220,-9801,-1602,-6880,0.0951,0.249,0.6654
101941,0,Cash loans,F,N,N,0,50000.0,679500.0,44700.0,586900.0,Unaccompanied,Pensioner,Secondary / secondary special,Married,House / apartment,-21842,-5418,-2951,-3591,0.4664,0.4526,0.1541
101942,0,Cash loans,F,N,Y,0,74000.0,443500.0,24340.0,415300.0,Family,State servant,Secondary / secondary special,Married,House / apartment,-21714,-3907,-9964,-5645,0.7612,0.7164,0.4419
101943,0,Cash loans,F,Y,Y,0,40000.0,902500.0,58410.0,899500.0,Unaccompanied,Working,Lower secondary,Single / not married,House / apartment,-12616,-112,-10258,-4119,0.6003,0.0921,0.1143
101944,0,Cash loans,M,N,Y,1,61000.0,252000.0,15880.0,245300.0,Unaccompanied,Working,Higher education,Married,House / apartment,-18588,-4134,-1310,-5311,0.1084,0.4921,0.7782
101945,0,Cash loans,M,N,Y,2,66000.0,422500.0,23560.0,386700.0,Unaccompanied,Working,Higher education,Married,With parents,-20059,-5630,-7967,-752,0.8443,0.1457,0.2836
101946,0,Cash loans,F,N,Y,1,399000.0,840000.0,43900.0,781600.0,Unaccompanied,Pensioner,Higher education,Separated,House / apartment,-16771,-9872,-6246,-3048,0.8724,0.5168,0.7309
101947,0,Cash loans,F,N,Y,0,37000.0,390500.0,21980.0,348300.0,"Spouse, partner",Commercial associate,Higher education,Single / not married,House / apartment,-11308,-3533,-158,-4444,0.3155,0.7318,0.7757
101948,0,Cash loans,F,Y,Y,0,109000.0,1033000.0,65030.0,903300.0,Unaccompanied,Pensioner,Higher education,Married,House / apartment,-14673,-4733,-3778,-4120,0.5891,0.2327,0.8489
101949,0,Cash loans,M,Y,Y,0,139000.0,760000.0,43420.0,701000.0,Unaccompanied,Commercial associate,Secondary / secondary special,Married,Municipal apartment,-22642,-2151,-1586,-3461,0.4728,0.8085,0.7186
101950,0,Cash loans,M,N,Y,1,368000.0,1168000.0,59030.0,1074000.0,Unaccompanied,Pensioner,Secondary / secondary special,Married,House / apartment,-22727,-3976,-377,-1014,0.8955,0.3247,0.5408
101951,0,Cash loans,F,Y,Y,3,936000.0,1424500.0,100340.0,1322300.0,Unaccompanied,Pensioner,Higher education,Married,House / apartment,-10586,-6008,-3295,-4694,0.4882,0.1893,0.5723
101952,0,Cash loans,F,N,Y,0,235000.0,213500.0,13080.0,212000.0,Family,Pensioner,Secondary / secondary special,Married,House / apartment,-18173,-6230,-8905,-1768,0.9124,0.4474,0.3113
101953,0,Revolving loans,M,N,Y,0,555000.0,532000.0,22720.0,500400.0,Unaccompanied,Working,Secondary / secondary special,Married,House / apartment,-11817,-6527,-10415,-4896,0.1974,0.8335,0.1764
101954,0,Cash loans,F,N,Y,0,257000.0,510000.0,27910.0,479800.0,Family,Working,Secondary / secondary special,Married,House / apartment,-24222,-1923,-10974,-958,0.3348,0.0748,0.1328
101955,1,Cash loans,F,Y,Y,1,520000.0,265000.0,19980.0,230300.0,Unaccompanied,Working,Secondary / secondary special,Single / not married,House / apartment,-21294,-3530,-8929,-1591,0.7445,0.3179,0.1811
101956,1,Cash loans,F,N,Y,1,209000.0,1224000.0,85940.0,1223400.0,Unaccompanied,Working,Secondary / secondary special,Married,House / apartment,-13905,-2840,-2500,-3261,0.7466,0.624,0.8879
101957,0,Revolving loans,F,Y,N,0,37000.0,1150500.0,60900.0,1111300.0,Family,Commercial associate,Secondary / secondary special,Married,House / apartment,-19018,-1888,-11338,-5147,0.6983,0.3461,0.1646
101958,0,Cash loans,F,Y,N,2,102000.0,750000.0,58150.0,736200.0,Unaccompanied,Working,Secondary / secondary special,Married,With parents,-22641,-2052,-1863,-2588,0.818,0.0766,0.6903
101959,0,Cash loans,M,N,Y,0,181000.0,827500.0,35640.0,754800.0,Unaccompanied,Commercial associate,Higher education,Married,House / apartment,-9648,-9243,-7888,-2538,0.6704,0.3221,0.1836
101960,0,Cash loans,M,N,Y,2,90000.0,131500.0,10320.0,121700.0,Children,Working,Higher education,Married,House / apartment,-23445,-3520,-491,-6631,0.6079,0.7817,0.9268
101961,0,Cash loans,F,Y,Y,2,73000.0,853500.0,42530.0,792300.0,Unaccompanied,Commercial associate,Higher education,Married,House / apartment,-23420,-3127,-8113,-790,0.4414,0.92,0.3546
101962,0,Cash loans,M,N,Y,1,154000.0,1196500.0,48300.0,1051900.0,Unaccompanied,Working,Higher education,Married,House / apartment,-23662,-3201,-11196,-4267,0.4491,0.0474,0.3974
101963,0,Cash loans,F,N,Y,0,432000.0,880000.0,50470.0,839000.0,Unaccompanied,Working,Secondary / secondary special,Married,House / apartment,-10391,-5973,-7501,-6181,0.3918,0.5451,0.3902
101964,0,Cash loans,M,N,Y,0,30000.0,431000.0,23430.0,424700.0,Unaccompanied,Working,Secondary / secondary special,Married,House / apartment,-23136,-3688,-11805,-4016,0.593,0.109,0.7775
101965,0,Cash loans,F,N,Y,0,245000.0,1016500.0,62580.0,889000.0,Family,Pensioner,Secondary / secondary special,Married,House / apartment,-14397,-3945,-9721,-4394,0.3923,0.6496,0.2152
101966,0,Cash loans,M,N,Y,0,217000.0,571000.0,41040.0,492700.0,"Spouse, partner",Working,Higher education,Married,House / apartment,-12381,-5837,-7410,-3098,0.1486,0.0174,0.7912
101967,0,Cash loans,M,N,N,1,523000.0,838000.0,61760.0,805100.0,Unaccompanied,Working,Secondary / secondary special,Married,House / apartment,-12201,-9439,-7731,-647,0.1101,0.0239,0.6276
101968,0,Cash loans,F,N,Y,0,425000.0,754500.0,42290.0,672200.0,Unaccompanied,Working,Higher education,Married,House / apartment,-9604,-1517,-945,-4843,0.879,0.7403,0.2171
101969,0,Cash loans,M,N,N,0,240000.0,599500.0,34290.0,565700.0,Family,Commercial associate,Secondary / secondary special,Single / not married,House / apartment,-17992,-4009,-11832,-5876,0.0333,0.08,0.0715
101970,0,Cash loans,M,Y,Y,1,135000.0,1091000.0,50110.0,1041200.0,Unaccompanied,Working,Higher education,Widow,House / apartment,-9785,-4845,-8893,-1475,0.1091,0.2969,0.7385
101971,0,Revolving loans,M,Y,Y,0,59000.0,1331000.0,55770.0,1195600.0,Unaccompanied,State servant,Secondary / secondary special,Married,House / apartment,-20764,-2872,-2484,-5588,0.4286,0.9106,0.2158
101972,0,Cash loans,F,N,N,0,143000.0,52500.0,3450.0,51000.0,Unaccompanied,Commercial associate,Higher education,Single / not married,House / apartment,-7948,-5275,-2755,-5204,0.2572,0.9361,0.8457
101973,0,Cash loans,M,N,N,0,242000.0,1403500.0,59760.0,1308800.0,"Spouse, partner",Working,Secondary / secondary special,Single / not married,House / apartment,-17761,-6375,-7628,-5021,0.3915,0.1617,0.132
101974,0,Cash loans,M,Y,Y,0,364000.0,789500.0,54750.0,774000.0,Children,Commercial associate,Secondary / secondary special,Separated,Rented apartment,-21312,-2349,-11460,-2060,0.1204,0.5372,0.5894
101975,0,Cash loans,F,N,Y,0,259000.0,1064500.0,65530.0,1026700.0,Unaccompanied,Working,Secondary / secondary special,Married,House / apartment,-13579,-3958,-11294,-6402,0.1331,0.5356,0.6606
101976,1,Revolving loans,M,N,Y,1,58000.0,1290000.0,61850.0,1264600.0,Family,Pensioner,Lower secondary,Civil marriage,House / apartment,-17043,-1725,-10059,-5075,0.7626,0.4352,0.6282
101977,0,Cash loans,F,Y,Y,0,162000.0,724500.0,44620.0,618000.0,Unaccompanied,Working,Secondary / secondary special,Separated,House / apartment,-9932,-2849,-7817,-1123,0.7236,0.8792,0.3071
101978,0,Cash loans,F,Y,N,2,86000.0,1260000.0,59620.0,1117000.0,Unaccompanied,State servant,Higher education,Married,House / apartment,-8568,-2705,-11997,-615,0.108,0.7188,0.833
101979,0,Cash loans,F,Y,N,0,26000.0,303500.0,17470.0,262100.0,"Spouse, partner",Commercial associate,Higher education,Married,House / apartment,-9073,-1947,-3033,-1284,0.6377,0.7287,0.7336
101980,0,Cash loans,F,Y,Y,0,59000.0,276500.0,19900.0,253400.0,Unaccompanied,Pensioner,Higher education,Widow,House / apartment,-18581,-7307,-389,-2325,0.5828,0.2634,0.4896
101981,0,Cash loans,F,N,Y,0,43000.0,1001500.0,58560.0,985000.0,Unaccompanied,Working,Secondary / secondary special,Married,House / apartment,-14320,-8870,-7834,-5049,0.6806,0.4183,0.5771
101982,0,Cash loans,F,N,Y,0,302000.0,1311000.0,60240.0,1206300.0,Unaccompanied,Working,Secondary / secondary special,Married,House / apartment,-10927,-1236,-9435,-3137,0.456,0.4682,0.5424
101983,0,Cash loans,M,Y,Y,0,70000.0,1343500.0,92640.0,1313200.0,Unaccompanied,Commercial associate,Secondary / secondary special,Civil marriage,House / apartment,-24850,-3233,-3347,-3672,0.2638,0.291,0.8999
101984,0,Cash loans,F,N,N,0,75000.0,981500.0,46590.0,882400.0,Unaccompanied,Commercial associate,Incomplete higher,Married,House / apartment,-9848,-1257,-11,-2855,0.6339,0.0991,0.8526
101985,0,Cash loans,F,N,N,0,508000.0,809500.0,56290.0,729300.0,Unaccompanied,Working,Incomplete higher,Married,House / apartment,-8850,-7552,-9708,-1623,0.3591,0.1288,0.2314
101986,0,Revolving loans,F,Y,Y,0,96000.0,527000.0,31180.0,518700.0,Family,Working,Higher education,Married,House / apartment,-12802,-9941,-1620,-3449,0.2158,0.1798,0.257
101987,0,Cash loans,F,Y,Y,0,26000.0,1471000.0,85540.0,1344300.0,Family,Working,Secondary / secondary special,Married,House / apartment,-13722,-7375,-9949,-5636,0.3941,0.2014,0.9326
101988,0,Cash loans,M,N,Y,0,75000.0,510000.0,37770.0,493900.0,Unaccompanied,Commercial associate,Secondary / secondary special,Civil marriage,House / apartment,-13146,-5513,-8240,-2703,0.7275,0.2377,0.2324
101989,0,Cash loans,M,Y,Y,1,44000.0,1128000.0,77090.0,998800.0,Unaccompanied,Working,Lower secondary,Married,House / apartment,-14425,-4472,-9907,-1140,0.4572,0.2501,0.9063
101990,0,Cash loans,M,Y,N,2,41000.0,819000.0,33840.0,812700.0,Unaccompanied,Working,Secondary / secondary special,Civil marriage,House / apartment,-19146,-5711,-6153,-2830,0.2919,0.4384,0.6208
101991,0,Cash loans,F,N,Y,0,37000.0,930500.0,48240.0,871100.0,Unaccompanied,Working,Higher education,Married,House / apartment,-16112,-1686,-8178,-498,0.792,0.489,0.0571
101992,0,Cash loans,F,N,Y,0,160000.0,617500.0,46210.0,595200.0,Unaccompanied,Working,Secondary / secondary special,Married,House / apartment,-12707,-2423,-8452,-6348,0.8387,0.3003,0.3256
101993,0,Cash loans,F,N,Y,2,56000.0,1449000.0,59020.0,1251100.0,Unaccompanied,Working,Secondary / secondary special,Married,House / apartment,-12067,-333,-8511,-4682,0.4173,0.8629,0.4576
101994,0,Cash loans,F,N,N,0,92000.0,877000.0,54210.0,810300.0,Unaccompanied,State servant,Higher education,Married,House / apartment,-15662,-9557,-10468,-1103,0.3622,0.53,0.7931
101995,0,Cash loans,F,N,Y,2,322000.0,1409500.0,97410.0,1388600.0,Unaccompanied,Working,Secondary / secondary special,Civil marriage,House / apartment,-18271,-8016,-1927,-3089,0.5859,0.7502,0.3189
101996,0,Cash loans,M,N,N,0,108000.0,56000.0,3630.0,55000.0,Unaccompanied,Pensioner,Secondary / secondary special,Married,Municipal apartment,-16908,-131,-6813,-1752,0.0645,0.8788,0.3019
101997,1,Cash loans,F,N,N,1,396000.0,878000.0,61830.0,752500.0,Unaccompanied,Working,Incomplete higher,Civil marriage,House / apartment,-21820,-9663,-2832,-4014,0.6598,0.1633,0.875
101998,0,Cash loans,M,N,N,0,128000.0,1088500.0,75140.0,974800.0,Unaccompanied,Working,Secondary / secondary special,Married,House / apartment,-23091,-9051,-6978,-613,0.7454,0.4122,0.0843
101999,0,Cash loans,F,Y,Y,2,101000.0,1129000.0,76410.0,1034700.0,Unaccompanied,Working,Higher education,Married,House / apartment,-8238,-3303,-4116,-3047,0.3836,0.4172,0.5284
102000,0,Cash loans,F,N,Y,0,233000.0,1361500.0,99200.0,1192500.0,Unaccompanied,Commercial associate,Higher education,Married,House / apartment,-20972,-5994,-15,-643,0.1741,0.3432,0.484
